Day,Time,Arena,Sex,Treatment,Soc_index,ExperimentalBlock,Strain_ID
1,1,1,Male,Control,0.571428571,A,50893
1,4,1,Male,Control,1.428571429,A,50893
1,5,1,Male,Control,1.142857143,A,50893
1,2,1,Male,Control,1.714285714,A,50893
1,3,1,Male,Control,1.142857143,A,50893
1,1,2,Female,Control,4.285714286,A,50893
1,4,2,Female,Control,8,A,50893
1,5,2,Female,Control,3.428571429,A,50893
1,2,2,Female,Control,3.714285714,A,50893
1,3,2,Female,Control,4.571428571,A,50893
1,3,3,Male,RNAi,1.142857143,A,50893
1,4,3,Male,RNAi,1.142857143,A,50893
1,5,3,Male,RNAi,0.571428571,A,50893
1,2,3,Male,RNAi,0.571428571,A,50893
1,1,3,Male,RNAi,1.142857143,A,50893
1,2,4,Female,RNAi,6,A,50893
1,1,4,Female,RNAi,8,A,50893
1,3,4,Female,RNAi,4.285714286,A,50893
1,4,4,Female,RNAi,6,A,50893
1,5,4,Female,RNAi,8,A,50893
1,5,5,Female,RNAi,2.285714286,A,50893
1,1,5,Female,RNAi,2,A,50893
1,3,5,Female,RNAi,2,A,50893
1,4,5,Female,RNAi,3.142857143,A,50893
1,2,5,Female,RNAi,0.571428571,A,50893
1,5,6,Female,Control,3.428571429,A,50893
1,1,6,Female,Control,8,A,50893
1,3,6,Female,Control,4.571428571,A,50893
1,4,6,Female,Control,8,A,50893
1,2,6,Female,Control,2.571428571,A,50893
1,2,7,Male,Control,2.571428571,A,50893
1,4,7,Male,Control,1.714285714,A,50893
1,1,7,Male,Control,2.285714286,A,50893
1,3,7,Male,Control,2,A,50893
1,5,7,Male,Control,0.857142857,A,50893
1,3,8,Male,RNAi,0.857142857,A,50893
1,2,8,Male,RNAi,1.142857143,A,50893
1,1,8,Male,RNAi,1.142857143,A,50893
1,4,8,Male,RNAi,0.857142857,A,50893
1,5,8,Male,RNAi,0.571428571,A,50893
1,1,9,Female,Control,7,A,50893
1,3,9,Female,Control,3.408163265,A,50893
1,5,9,Female,Control,2.102040816,A,50893
1,2,9,Female,Control,3.408163265,A,50893
1,4,9,Female,Control,5.040816327,A,50893
1,1,10,Male,Control,0.857142857,A,50893
1,3,10,Male,Control,2.857142857,A,50893
1,4,10,Male,Control,0.857142857,A,50893
1,5,10,Male,Control,1.714285714,A,50893
1,2,10,Male,Control,2.571428571,A,50893
1,4,11,Male,RNAi,1.428571429,A,50893
1,2,11,Male,RNAi,1.142857143,A,50893
1,1,11,Male,RNAi,2,A,50893
1,3,11,Male,RNAi,1.142857143,A,50893
1,5,11,Male,RNAi,1.142857143,A,50893
1,2,12,Female,RNAi,2.102040816,A,50893
1,5,12,Female,RNAi,2.102040816,A,50893
1,4,12,Female,RNAi,1.448979592,A,50893
1,1,12,Female,RNAi,2.428571429,A,50893
1,3,12,Female,RNAi,3.408163265,A,50893
1,3,13,Male,RNAi,2.571428571,A,50893
1,5,13,Male,RNAi,1.428571429,A,50893
1,2,13,Male,RNAi,2,A,50893
1,1,13,Male,RNAi,1.714285714,A,50893
1,4,13,Male,RNAi,2,A,50893
1,1,14,Male,Control,2,A,50893
1,3,14,Male,Control,6,A,50893
1,5,14,Male,Control,6,A,50893
1,4,14,Male,Control,3.142857143,A,50893
1,2,14,Male,Control,1.428571429,A,50893
1,4,15,Female,Control,2,A,50893
1,1,15,Female,Control,6,A,50893
1,2,15,Female,Control,4.285714286,A,50893
1,3,15,Female,Control,6,A,50893
1,5,15,Female,Control,6,A,50893
1,2,16,Female,RNAi,2.102040816,A,50893
1,4,16,Female,RNAi,5.040816327,A,50893
1,5,16,Female,RNAi,1.12244898,A,50893
1,3,16,Female,RNAi,2.428571429,A,50893
1,1,16,Female,RNAi,1.448979592,A,50893
1,5,17,Male,RNAi,1.142857143,A,50893
1,2,17,Male,RNAi,1.142857143,A,50893
1,3,17,Male,RNAi,0.857142857,A,50893
1,1,17,Male,RNAi,1.428571429,A,50893
1,4,17,Male,RNAi,0.571428571,A,50893
1,3,18,Female,RNAi,3.408163265,A,50893
1,5,18,Female,RNAi,3.408163265,A,50893
1,1,18,Female,RNAi,1.448979592,A,50893
1,4,18,Female,RNAi,2.428571429,A,50893
1,2,18,Female,RNAi,1.12244898,A,50893
1,1,19,Female,Control,8,A,50893
1,4,19,Female,Control,8,A,50893
1,3,19,Female,Control,8,A,50893
1,2,19,Female,Control,8,A,50893
1,5,19,Female,Control,8,A,50893
1,4,20,Male,Control,2,A,50893
1,2,20,Male,Control,3.142857143,A,50893
1,5,20,Male,Control,6,A,50893
1,1,20,Male,Control,1.714285714,A,50893
1,3,20,Male,Control,3.142857143,A,50893
1,2,22,Male,Control,1.142857143,A,50893
1,5,22,Male,Control,2.571428571,A,50893
1,3,22,Male,Control,1.428571429,A,50893
1,4,22,Male,Control,1.142857143,A,50893
1,1,22,Male,Control,2.857142857,A,50893
1,5,23,Female,Control,2.571428571,A,50893
1,3,23,Female,Control,3.428571429,A,50893
1,1,23,Female,Control,1.142857143,A,50893
1,2,23,Female,Control,4.285714286,A,50893
1,4,23,Female,Control,2.285714286,A,50893
1,1,24,Male,RNAi,1.428571429,A,50893
1,3,24,Male,RNAi,0.857142857,A,50893
1,4,24,Male,RNAi,2,A,50893
1,5,24,Male,RNAi,1.714285714,A,50893
1,2,24,Male,RNAi,2,A,50893
1,4,26,Male,RNAi,1.428571429,A,50893
1,2,26,Male,RNAi,2.571428571,A,50893
1,1,26,Male,RNAi,2.285714286,A,50893
1,3,26,Male,RNAi,3.142857143,A,50893
1,5,26,Male,RNAi,4.285714286,A,50893
1,2,27,Male,Control,1.12244898,A,50893
1,5,27,Male,Control,1.12244898,A,50893
1,4,27,Male,Control,2.102040816,A,50893
1,1,27,Male,Control,2.428571429,A,50893
1,3,27,Male,Control,1.448979592,A,50893
1,3,28,Female,Control,8,A,50893
1,5,28,Female,Control,2.857142857,A,50893
1,2,28,Female,Control,4.571428571,A,50893
1,1,28,Female,Control,8,A,50893
1,4,28,Female,Control,6,A,50893
1,1,29,Female,Control,4.571428571,A,50893
1,3,29,Female,Control,4.285714286,A,50893
1,5,29,Female,Control,8,A,50893
1,4,29,Female,Control,3.142857143,A,50893
1,2,29,Female,Control,6,A,50893
1,4,31,Male,Control,1.428571429,A,50893
1,1,31,Male,Control,1.428571429,A,50893
1,2,31,Male,Control,1.142857143,A,50893
1,3,31,Male,Control,2,A,50893
1,5,31,Male,Control,0.857142857,A,50893
1,2,33,Male,RNAi,2,A,50893
1,4,33,Male,RNAi,2,A,50893
1,1,33,Male,RNAi,1.142857143,A,50893
1,3,33,Male,RNAi,0.285714286,A,50893
1,5,33,Male,RNAi,2,A,50893
1,1,34,Male,Control,1.428571429,A,50893
1,2,34,Male,Control,1.714285714,A,50893
1,5,34,Male,Control,2,A,50893
1,4,34,Male,Control,1.428571429,A,50893
1,3,34,Male,Control,1.142857143,A,50893
1,1,35,Female,Control,1.428571429,A,50893
1,3,35,Female,Control,2.857142857,A,50893
1,5,35,Female,Control,2.857142857,A,50893
1,2,35,Female,Control,2,A,50893
1,4,35,Female,Control,6,A,50893
1,4,38,Male,Control,2.102040816,A,50893
1,2,38,Male,Control,3.081632653,A,50893
1,3,38,Male,Control,2.102040816,A,50893
1,5,38,Male,Control,3.408163265,A,50893
1,1,38,Male,Control,2.102040816,A,50893
1,4,39,Female,Control,4.285714286,A,50893
1,2,39,Female,Control,4.571428571,A,50893
1,3,39,Female,Control,8,A,50893
1,5,39,Female,Control,8,A,50893
1,1,39,Female,Control,2.857142857,A,50893
1,1,42,Male,Control,2,A,50893
1,2,42,Male,Control,1.142857143,A,50893
1,3,42,Male,Control,2,A,50893
1,5,42,Male,Control,3.142857143,A,50893
1,4,42,Male,Control,3.142857143,A,50893
1,5,44,Female,Control,4.285714286,A,50893
1,4,44,Female,Control,3.142857143,A,50893
1,1,44,Female,Control,0.857142857,A,50893
1,2,44,Female,Control,1.142857143,A,50893
1,3,44,Female,Control,4.571428571,A,50893
1,3,45,Male,Control,4.571428571,A,50893
1,4,45,Male,Control,3.142857143,A,50893
1,1,45,Male,Control,1.428571429,A,50893
1,2,45,Male,Control,1.428571429,A,50893
1,5,45,Male,Control,3.142857143,A,50893
1,3,47,Female,Control,6,A,50893
1,4,47,Female,Control,6,A,50893
1,1,47,Female,Control,4.285714286,A,50893
1,2,47,Female,Control,8,A,50893
1,5,47,Female,Control,2,A,50893
2,1,1,Female,Control,4.285714286,A,50893
2,2,1,Female,Control,4.285714286,A,50893
2,4,1,Female,Control,4.571428571,A,50893
2,5,1,Female,Control,3.142857143,A,50893
2,3,1,Female,Control,2,A,50893
2,5,2,Male,Control,3.428571429,A,50893
2,1,2,Male,Control,1.142857143,A,50893
2,4,2,Male,Control,1.428571429,A,50893
2,2,2,Male,Control,1.714285714,A,50893
2,3,2,Male,Control,1.714285714,A,50893
2,4,3,Male,RNAi,0.857142857,A,50893
2,5,3,Male,RNAi,1.714285714,A,50893
2,3,3,Male,RNAi,1.428571429,A,50893
2,1,3,Male,RNAi,2,A,50893
2,2,3,Male,RNAi,3.142857143,A,50893
2,3,4,Female,RNAi,5.040816327,A,50893
2,4,4,Female,RNAi,3.408163265,A,50893
2,2,4,Female,RNAi,5.040816327,A,50893
2,5,4,Female,RNAi,5.040816327,A,50893
2,1,4,Female,RNAi,7,A,50893
2,3,6,Male,RNAi,5.040816327,A,50893
2,1,6,Male,RNAi,2.428571429,A,50893
2,2,6,Male,RNAi,5.040816327,A,50893
2,4,6,Male,RNAi,1.448979592,A,50893
2,5,6,Male,RNAi,5.040816327,A,50893
2,5,7,Female,Control,6,A,50893
2,4,7,Female,Control,6,A,50893
2,1,7,Female,Control,2.857142857,A,50893
2,3,7,Female,Control,2.285714286,A,50893
2,2,7,Female,Control,2.285714286,A,50893
2,4,8,Female,RNAi,8,A,50893
2,5,8,Female,RNAi,6,A,50893
2,3,8,Female,RNAi,6,A,50893
2,1,8,Female,RNAi,2.571428571,A,50893
2,2,8,Female,RNAi,3.142857143,A,50893
2,5,9,Female,RNAi,3.081632653,A,50893
2,4,9,Female,RNAi,3.081632653,A,50893
2,3,9,Female,RNAi,1.714285714,A,50893
2,2,9,Female,RNAi,1.775510204,A,50893
2,1,9,Female,RNAi,1.775510204,A,50893
2,5,10,Male,RNAi,1.714285714,A,50893
2,2,10,Male,RNAi,2,A,50893
2,3,10,Male,RNAi,1.428571429,A,50893
2,4,10,Male,RNAi,0.571428571,A,50893
2,1,10,Male,RNAi,2,A,50893
2,2,11,Male,Control,2,A,50893
2,5,11,Male,Control,4.285714286,A,50893
2,4,11,Male,Control,1.714285714,A,50893
2,1,11,Male,Control,1.428571429,A,50893
2,3,11,Male,Control,1.428571429,A,50893
2,4,12,Female,Control,8,A,50893
2,5,12,Female,Control,8,A,50893
2,2,12,Female,Control,3.714285714,A,50893
2,3,12,Female,Control,6,A,50893
2,1,12,Female,Control,4.285714286,A,50893
2,3,13,Male,RNAi,1.142857143,A,50893
2,4,13,Male,RNAi,1.714285714,A,50893
2,5,13,Male,RNAi,0.857142857,A,50893
2,2,13,Male,RNAi,0.857142857,A,50893
2,1,13,Male,RNAi,1.714285714,A,50893
2,3,14,Male,Control,2.102040816,A,50893
2,4,14,Male,Control,1.775510204,A,50893
2,2,14,Male,Control,3.408163265,A,50893
2,5,14,Male,Control,2.102040816,A,50893
2,1,14,Male,Control,0.795918367,A,50893
2,4,15,Female,Control,6,A,50893
2,2,15,Female,Control,6,A,50893
2,5,15,Female,Control,8,A,50893
2,3,15,Female,Control,6,A,50893
2,1,15,Female,Control,6,A,50893
2,5,16,Female,RNAi,2,A,50893
2,3,16,Female,RNAi,2.285714286,A,50893
2,1,16,Female,RNAi,6,A,50893
2,4,16,Female,RNAi,2,A,50893
2,2,16,Female,RNAi,3.142857143,A,50893
2,4,17,Female,RNAi,8,A,50893
2,2,17,Female,RNAi,8,A,50893
2,5,17,Female,RNAi,6,A,50893
2,3,17,Female,RNAi,8,A,50893
2,1,17,Female,RNAi,6,A,50893
2,2,18,Female,Control,2.285714286,A,50893
2,3,18,Female,Control,2.571428571,A,50893
2,1,18,Female,Control,3.714285714,A,50893
2,4,18,Female,Control,6,A,50893
2,5,18,Female,Control,4.571428571,A,50893
2,2,19,Male,RNAi,1.428571429,A,50893
2,3,19,Male,RNAi,3.142857143,A,50893
2,1,19,Male,RNAi,1.428571429,A,50893
2,4,19,Male,RNAi,0.857142857,A,50893
2,5,19,Male,RNAi,1.142857143,A,50893
2,2,20,Male,Control,3.142857143,A,50893
2,3,20,Male,Control,6,A,50893
2,1,20,Male,Control,2.571428571,A,50893
2,4,20,Male,Control,2.857142857,A,50893
2,5,20,Male,Control,8,A,50893
2,2,21,Male,Control,3.408163265,A,50893
2,3,21,Male,Control,1.448979592,A,50893
2,4,21,Male,Control,2.428571429,A,50893
2,1,21,Male,Control,2.102040816,A,50893
2,5,21,Male,Control,2.428571429,A,50893
2,2,22,Male,RNAi,2.285714286,A,50893
2,1,22,Male,RNAi,2,A,50893
2,4,22,Male,RNAi,2.285714286,A,50893
2,3,22,Male,RNAi,4.571428571,A,50893
2,5,22,Male,RNAi,1.142857143,A,50893
2,3,24,Female,RNAi,2.428571429,A,50893
2,2,24,Female,RNAi,3.734693878,A,50893
2,4,24,Female,RNAi,2.428571429,A,50893
2,1,24,Female,RNAi,2.102040816,A,50893
2,5,24,Female,RNAi,1.775510204,A,50893
2,1,25,Female,RNAi,2.571428571,A,50893
2,2,25,Female,RNAi,2.571428571,A,50893
2,3,25,Female,RNAi,3.142857143,A,50893
2,4,25,Female,RNAi,3.142857143,A,50893
2,5,25,Female,RNAi,2.571428571,A,50893
2,1,26,Male,RNAi,4.571428571,A,50893
2,5,26,Male,RNAi,2,A,50893
2,2,26,Male,RNAi,1.714285714,A,50893
2,4,26,Male,RNAi,0.571428571,A,50893
2,3,26,Male,RNAi,0.857142857,A,50893
2,1,27,Male,Control,1.142857143,A,50893
2,3,27,Male,Control,2.571428571,A,50893
2,2,27,Male,Control,1.428571429,A,50893
2,5,27,Male,Control,0.857142857,A,50893
2,4,27,Male,Control,1.142857143,A,50893
2,1,28,Female,Control,8,A,50893
2,5,28,Female,Control,8,A,50893
2,2,28,Female,Control,6,A,50893
2,3,28,Female,Control,8,A,50893
2,4,28,Female,Control,8,A,50893
2,1,30,Male,RNAi,2,A,50893
2,2,30,Male,RNAi,1.714285714,A,50893
2,5,30,Male,RNAi,1.714285714,A,50893
2,3,30,Male,RNAi,1.428571429,A,50893
2,4,30,Male,RNAi,2,A,50893
2,1,31,Female,RNAi,3.081632653,A,50893
2,2,31,Female,RNAi,2.102040816,A,50893
2,5,31,Female,RNAi,2.428571429,A,50893
2,3,31,Female,RNAi,3.734693878,A,50893
2,4,31,Female,RNAi,3.081632653,A,50893
2,1,32,Female,Control,8,A,50893
2,2,32,Female,Control,8,A,50893
2,5,32,Female,Control,4.571428571,A,50893
2,3,32,Female,Control,8,A,50893
2,4,32,Female,Control,8,A,50893
2,5,33,Female,RNAi,2.571428571,A,50893
2,3,33,Female,RNAi,0.571428571,A,50893
2,1,33,Female,RNAi,1.142857143,A,50893
2,4,33,Female,RNAi,2,A,50893
2,2,33,Female,RNAi,1.714285714,A,50893
2,4,34,Male,RNAi,1.12244898,A,50893
2,2,34,Male,RNAi,0.571428571,A,50893
2,5,34,Male,RNAi,0.857142857,A,50893
2,3,34,Male,RNAi,1.142857143,A,50893
2,1,34,Male,RNAi,1.142857143,A,50893
2,5,35,Male,Control,2,A,50893
2,3,35,Male,Control,2,A,50893
2,1,35,Male,Control,1.714285714,A,50893
2,4,35,Male,Control,1.142857143,A,50893
2,2,35,Male,Control,2.571428571,A,50893
2,5,36,Female,Control,8,A,50893
2,1,36,Female,Control,8,A,50893
2,4,36,Female,Control,6,A,50893
2,2,36,Female,Control,8,A,50893
2,3,36,Female,Control,8,A,50893
2,5,37,Male,Control,2.285714286,A,50893
2,4,37,Male,Control,0.857142857,A,50893
2,1,37,Male,Control,1.714285714,A,50893
2,2,37,Male,Control,1.142857143,A,50893
2,3,37,Male,Control,0.857142857,A,50893
2,5,38,Male,RNAi,0.571428571,A,50893
2,3,38,Male,RNAi,1.142857143,A,50893
2,4,38,Male,RNAi,0.857142857,A,50893
2,1,38,Male,RNAi,1.142857143,A,50893
2,2,38,Male,RNAi,1.428571429,A,50893
2,3,39,Female,RNAi,1.142857143,A,50893
2,5,39,Female,RNAi,3.142857143,A,50893
2,2,39,Female,RNAi,1.428571429,A,50893
2,1,39,Female,RNAi,2,A,50893
2,4,39,Female,RNAi,1.142857143,A,50893
2,5,40,Female,Control,8,A,50893
2,2,40,Female,Control,8,A,50893
2,3,40,Female,Control,8,A,50893
2,4,40,Female,Control,8,A,50893
2,1,40,Female,Control,8,A,50893
2,5,41,Female,Control,6,A,50893
2,4,41,Female,Control,6,A,50893
2,3,41,Female,Control,6,A,50893
2,2,41,Female,Control,8,A,50893
2,1,41,Female,Control,4.571428571,A,50893
2,4,42,Female,RNAi,3.081632653,A,50893
2,5,42,Female,RNAi,1.12244898,A,50893
2,3,42,Female,RNAi,3.081632653,A,50893
2,1,42,Female,RNAi,2.102040816,A,50893
2,2,42,Female,RNAi,1.775510204,A,50893
2,4,43,Male,Control,3.142857143,A,50893
2,3,43,Male,Control,2,A,50893
2,5,43,Male,Control,2,A,50893
2,2,43,Male,Control,0.857142857,A,50893
2,1,43,Male,Control,1.428571429,A,50893
2,1,44,Male,RNAi,2.102040816,A,50893
2,2,44,Male,RNAi,1.448979592,A,50893
2,4,44,Male,RNAi,1.448979592,A,50893
2,5,44,Male,RNAi,0.795918367,A,50893
2,3,44,Male,RNAi,3.081632653,A,50893
2,5,45,Female,RNAi,5.040816327,A,50893
2,1,45,Female,RNAi,1.775510204,A,50893
2,4,45,Female,RNAi,5.040816327,A,50893
2,2,45,Female,RNAi,2.428571429,A,50893
2,3,45,Female,RNAi,3.734693878,A,50893
2,4,46,Female,Control,8,A,50893
2,5,46,Female,Control,6,A,50893
2,3,46,Female,Control,6,A,50893
2,1,46,Female,Control,6,A,50893
2,2,46,Female,Control,6,A,50893
2,3,47,Male,RNAi,1.428571429,A,50893
2,4,47,Male,RNAi,2,A,50893
2,2,47,Male,RNAi,2.857142857,A,50893
2,5,47,Male,RNAi,2.857142857,A,50893
2,1,47,Male,RNAi,0.857142857,A,50893
2,3,48,Male,Control,2,A,50893
2,1,48,Male,Control,6,A,50893
2,2,48,Male,Control,4.285714286,A,50893
2,4,48,Male,Control,1.142857143,A,50893
2,5,48,Male,Control,0.285714286,A,50893
3,1,1,Male,RNAi,0.857142857,A,50893
3,2,1,Male,RNAi,0.857142857,A,50893
3,4,1,Male,RNAi,1.142857143,A,50893
3,5,1,Male,RNAi,2.857142857,A,50893
3,3,1,Male,RNAi,2,A,50893
3,5,2,Female,Control,8,A,50893
3,1,2,Female,Control,4.285714286,A,50893
3,4,2,Female,Control,8,A,50893
3,2,2,Female,Control,6,A,50893
3,3,2,Female,Control,8,A,50893
3,4,3,Male,Control,2.571428571,A,50893
3,5,3,Male,Control,2.857142857,A,50893
3,3,3,Male,Control,2,A,50893
3,1,3,Male,Control,2,A,50893
3,2,3,Male,Control,2.571428571,A,50893
3,3,4,Female,RNAi,2.571428571,A,50893
3,4,4,Female,RNAi,3.142857143,A,50893
3,2,4,Female,RNAi,3.714285714,A,50893
3,5,4,Female,RNAi,3.714285714,A,50893
3,1,4,Female,RNAi,3.428571429,A,50893
3,3,5,Female,RNAi,1.775510204,A,50893
3,1,5,Female,RNAi,1.12244898,A,50893
3,2,5,Female,RNAi,1.448979592,A,50893
3,4,5,Female,RNAi,2.102040816,A,50893
3,5,5,Female,RNAi,3.734693878,A,50893
3,5,6,Female,Control,4.285714286,A,50893
3,4,6,Female,Control,3.142857143,A,50893
3,1,6,Female,Control,3.142857143,A,50893
3,3,6,Female,Control,8,A,50893
3,2,6,Female,Control,4.285714286,A,50893
3,4,7,Male,Control,2.571428571,A,50893
3,5,7,Male,Control,2.285714286,A,50893
3,3,7,Male,Control,2.285714286,A,50893
3,1,7,Male,Control,1.428571429,A,50893
3,2,7,Male,Control,2.571428571,A,50893
3,5,8,Male,RNAi,1.448979592,A,50893
3,4,8,Male,RNAi,3.408163265,A,50893
3,3,8,Male,RNAi,1.448979592,A,50893
3,2,8,Male,RNAi,1.775510204,A,50893
3,1,8,Male,RNAi,2.428571429,A,50893
3,5,9,Male,Control,0.857142857,A,50893
3,2,9,Male,Control,0.571428571,A,50893
3,3,9,Male,Control,1.428571429,A,50893
3,4,9,Male,Control,1.142857143,A,50893
3,1,9,Male,Control,2.857142857,A,50893
3,2,10,Female,Control,1.428571429,A,50893
3,5,10,Female,Control,2.571428571,A,50893
3,4,10,Female,Control,1.428571429,A,50893
3,1,10,Female,Control,1.142857143,A,50893
3,3,10,Female,Control,3.142857143,A,50893
3,4,11,Male,RNAi,0.795918367,A,50893
3,5,11,Male,RNAi,0.795918367,A,50893
3,2,11,Male,RNAi,1.775510204,A,50893
3,3,11,Male,RNAi,1.448979592,A,50893
3,1,11,Male,RNAi,2.102040816,A,50893
3,3,12,Female,RNAi,1.142857143,A,50893
3,4,12,Female,RNAi,1.142857143,A,50893
3,5,12,Female,RNAi,1.142857143,A,50893
3,2,12,Female,RNAi,1.714285714,A,50893
3,1,12,Female,RNAi,1.142857143,A,50893
3,3,13,Female,Control,3.714285714,A,50893
3,4,13,Female,Control,2,A,50893
3,2,13,Female,Control,2.285714286,A,50893
3,5,13,Female,Control,3.714285714,A,50893
3,1,13,Female,Control,2.571428571,A,50893
3,4,14,Female,RNAi,6,A,50893
3,2,14,Female,RNAi,3.142857143,A,50893
3,5,14,Female,RNAi,4.285714286,A,50893
3,3,14,Female,RNAi,2,A,50893
3,1,14,Female,RNAi,1.714285714,A,50893
3,5,15,Male,RNAi,1.448979592,A,50893
3,3,15,Male,RNAi,1.448979592,A,50893
3,1,15,Male,RNAi,0.795918367,A,50893
3,4,15,Male,RNAi,2.102040816,A,50893
3,2,15,Male,RNAi,0.795918367,A,50893
3,4,16,Male,Control,3.142857143,A,50893
3,2,16,Male,Control,4.285714286,A,50893
3,5,16,Male,Control,2.571428571,A,50893
3,3,16,Male,Control,3.142857143,A,50893
3,1,16,Male,Control,1.428571429,A,50893
3,2,17,Male,Control,2,A,50893
3,3,17,Male,Control,2.571428571,A,50893
3,1,17,Male,Control,1.142857143,A,50893
3,4,17,Male,Control,1.142857143,A,50893
3,5,17,Male,Control,0.571428571,A,50893
3,2,18,Male,RNAi,2,A,50893
3,3,18,Male,RNAi,1.142857143,A,50893
3,1,18,Male,RNAi,0.857142857,A,50893
3,4,18,Male,RNAi,1.142857143,A,50893
3,5,18,Male,RNAi,1.428571429,A,50893
3,2,19,Female,RNAi,3.142857143,A,50893
3,3,19,Female,RNAi,2,A,50893
3,1,19,Female,RNAi,2.285714286,A,50893
3,4,19,Female,RNAi,2.857142857,A,50893
3,5,19,Female,RNAi,2,A,50893
3,2,20,Female,Control,6,A,50893
3,3,20,Female,Control,6,A,50893
3,4,20,Female,Control,3.142857143,A,50893
3,1,20,Female,Control,4.571428571,A,50893
3,5,20,Female,Control,8,A,50893
3,2,21,Male,RNAi,2.285714286,A,50893
3,1,21,Male,RNAi,1.714285714,A,50893
3,4,21,Male,RNAi,0.857142857,A,50893
3,3,21,Male,RNAi,1.142857143,A,50893
3,5,21,Male,RNAi,2,A,50893
3,3,22,Female,Control,4.285714286,A,50893
3,2,22,Female,Control,2,A,50893
3,4,22,Female,Control,3.142857143,A,50893
3,1,22,Female,Control,8,A,50893
3,5,22,Female,Control,4.285714286,A,50893
3,1,23,Male,Control,1.714285714,A,50893
3,2,23,Male,Control,0.571428571,A,50893
3,3,23,Male,Control,2,A,50893
3,4,23,Male,Control,6,A,50893
3,5,23,Male,Control,8,A,50893
3,1,24,Female,RNAi,2.857142857,A,50893
3,5,24,Female,RNAi,2,A,50893
3,2,24,Female,RNAi,1.428571429,A,50893
3,4,24,Female,RNAi,1.428571429,A,50893
3,3,24,Female,RNAi,1.142857143,A,50893
3,1,25,Male,RNAi,3.142857143,A,50893
3,3,25,Male,RNAi,2.857142857,A,50893
3,2,25,Male,RNAi,1.428571429,A,50893
3,5,25,Male,RNAi,2,A,50893
3,4,25,Male,RNAi,2,A,50893
3,1,26,Female,Control,8,A,50893
3,5,26,Female,Control,6,A,50893
3,2,26,Female,Control,6,A,50893
3,3,26,Female,Control,8,A,50893
3,4,26,Female,Control,8,A,50893
3,1,27,Female,RNAi,2.571428571,A,50893
3,2,27,Female,RNAi,6,A,50893
3,5,27,Female,RNAi,2.285714286,A,50893
3,3,27,Female,RNAi,6,A,50893
3,4,27,Female,RNAi,3.142857143,A,50893
3,1,28,Male,Control,3.142857143,A,50893
3,2,28,Male,Control,3.428571429,A,50893
3,5,28,Male,Control,2,A,50893
3,3,28,Male,Control,3.428571429,A,50893
3,4,28,Male,Control,2,A,50893
3,1,29,Male,Control,0.285714286,A,50893
3,2,29,Male,Control,2,A,50893
3,5,29,Male,Control,1.142857143,A,50893
3,3,29,Male,Control,2.285714286,A,50893
3,4,29,Male,Control,0.857142857,A,50893
3,5,30,Female,Control,1.428571429,A,50893
3,3,30,Female,Control,0.857142857,A,50893
3,1,30,Female,Control,1.142857143,A,50893
3,4,30,Female,Control,1.142857143,A,50893
3,2,30,Female,Control,1.142857143,A,50893
3,4,31,Female,RNAi,3.428571429,A,50893
3,2,31,Female,RNAi,2,A,50893
3,5,31,Female,RNAi,3.142857143,A,50893
3,3,31,Female,RNAi,2,A,50893
3,1,31,Female,RNAi,1.428571429,A,50893
3,5,32,Male,RNAi,3.142857143,A,50893
3,3,32,Male,RNAi,1.428571429,A,50893
3,1,32,Male,RNAi,2.571428571,A,50893
3,4,32,Male,RNAi,2.285714286,A,50893
3,2,32,Male,RNAi,2.857142857,A,50893
3,5,33,Female,Control,1.428571429,A,50893
3,1,33,Female,Control,2.571428571,A,50893
3,4,33,Female,Control,2.571428571,A,50893
3,2,33,Female,Control,3.142857143,A,50893
3,3,33,Female,Control,4.571428571,A,50893
3,5,34,Male,Control,1.142857143,A,50893
3,4,34,Male,Control,2.857142857,A,50893
3,1,34,Male,Control,1.714285714,A,50893
3,2,34,Male,Control,2,A,50893
3,3,34,Male,Control,1.142857143,A,50893
3,5,35,Female,RNAi,1.714285714,A,50893
3,3,35,Female,RNAi,2,A,50893
3,4,35,Female,RNAi,1.142857143,A,50893
3,1,35,Female,RNAi,0.857142857,A,50893
3,2,35,Female,RNAi,1.142857143,A,50893
3,3,37,Male,Control,4.571428571,A,50893
3,5,37,Male,Control,1.714285714,A,50893
3,2,37,Male,Control,4.571428571,A,50893
3,1,37,Male,Control,1.714285714,A,50893
3,4,37,Male,Control,6,A,50893
3,5,38,Male,RNAi,2.102040816,A,50893
3,2,38,Male,RNAi,1.448979592,A,50893
3,3,38,Male,RNAi,1.448979592,A,50893
3,4,38,Male,RNAi,3.081632653,A,50893
3,1,38,Male,RNAi,1.448979592,A,50893
3,5,39,Female,RNAi,3.408163265,A,50893
3,4,39,Female,RNAi,5.040816327,A,50893
3,3,39,Female,RNAi,5.040816327,A,50893
3,2,39,Female,RNAi,3.408163265,A,50893
3,1,39,Female,RNAi,1.448979592,A,50893
3,4,40,Female,Control,6,A,50893
3,5,40,Female,Control,6,A,50893
3,3,40,Female,Control,8,A,50893
3,1,40,Female,Control,8,A,50893
3,2,40,Female,Control,8,A,50893
3,4,41,Male,Control,2.285714286,A,50893
3,3,41,Male,Control,2.857142857,A,50893
3,5,41,Male,Control,3.142857143,A,50893
3,2,41,Male,Control,0.857142857,A,50893
3,1,41,Male,Control,1.714285714,A,50893
3,1,43,Male,RNAi,2.102040816,A,50893
3,2,43,Male,RNAi,1.448979592,A,50893
3,4,43,Male,RNAi,1.12244898,A,50893
3,5,43,Male,RNAi,1.448979592,A,50893
3,3,43,Male,RNAi,3.408163265,A,50893
3,5,44,Female,Control,6,A,50893
3,1,44,Female,Control,2.857142857,A,50893
3,4,44,Female,Control,8,A,50893
3,2,44,Female,Control,6,A,50893
3,3,44,Female,Control,8,A,50893
3,4,45,Male,Control,1.428571429,A,50893
3,5,45,Male,Control,1.714285714,A,50893
3,3,45,Male,Control,1.428571429,A,50893
3,1,45,Male,Control,1.428571429,A,50893
3,2,45,Male,Control,2,A,50893
3,3,46,Male,RNAi,2,A,50893
3,4,46,Male,RNAi,2.571428571,A,50893
3,2,46,Male,RNAi,1.428571429,A,50893
3,5,46,Male,RNAi,4.571428571,A,50893
3,1,46,Male,RNAi,6,A,50893
3,3,48,Female,Control,2.857142857,A,50893
3,1,48,Female,Control,3.142857143,A,50893
3,2,48,Female,Control,2,A,50893
3,4,48,Female,Control,2.857142857,A,50893
3,5,48,Female,Control,4.571428571,A,50893
1,1,1,Male,Control,1.714285714,B,61212
1,3,1,Male,Control,2.857142857,B,61212
1,5,1,Male,Control,2.571428571,B,61212
1,2,1,Male,Control,6,B,61212
1,4,1,Male,Control,3.142857143,B,61212
1,4,2,Female,RNAi,2.428571429,B,61212
1,1,2,Female,RNAi,2.102040816,B,61212
1,5,2,Female,RNAi,1.775510204,B,61212
1,2,2,Female,RNAi,1.448979592,B,61212
1,3,2,Female,RNAi,1.448979592,B,61212
1,5,3,Female,Control,5.040816327,B,61212
1,4,3,Female,Control,3.408163265,B,61212
1,3,3,Female,Control,3.408163265,B,61212
1,2,3,Female,Control,3.081632653,B,61212
1,1,3,Female,Control,5.040816327,B,61212
1,5,4,Male,RNAi,0.571428571,B,61212
1,4,4,Male,RNAi,0.857142857,B,61212
1,3,4,Male,RNAi,1.714285714,B,61212
1,2,4,Male,RNAi,1.142857143,B,61212
1,1,4,Male,RNAi,0.571428571,B,61212
1,5,5,Male,Control,2,B,61212
1,4,5,Male,Control,1.428571429,B,61212
1,3,5,Male,Control,1.428571429,B,61212
1,2,5,Male,Control,2,B,61212
1,1,5,Male,Control,6,B,61212
1,3,6,Female,RNAi,2.428571429,B,61212
1,4,6,Female,RNAi,2.102040816,B,61212
1,1,6,Female,RNAi,5.040816327,B,61212
1,5,6,Female,RNAi,5.040816327,B,61212
1,2,6,Female,RNAi,3.081632653,B,61212
1,2,7,Female,Control,2.285714286,B,61212
1,4,7,Female,Control,2,B,61212
1,1,7,Female,Control,0.571428571,B,61212
1,3,7,Female,Control,1.142857143,B,61212
1,5,7,Female,Control,3.142857143,B,61212
1,5,8,Male,RNAi,1.142857143,B,61212
1,3,8,Male,RNAi,1.142857143,B,61212
1,2,8,Male,RNAi,1.714285714,B,61212
1,4,8,Male,RNAi,2,B,61212
1,1,8,Male,RNAi,1.142857143,B,61212
1,5,9,Male,RNAi,1.428571429,B,61212
1,3,9,Male,RNAi,2.571428571,B,61212
1,4,9,Male,RNAi,2.571428571,B,61212
1,1,9,Male,RNAi,2,B,61212
1,2,9,Male,RNAi,2,B,61212
1,3,10,Male,Control,2.285714286,B,61212
1,4,10,Male,Control,3.714285714,B,61212
1,1,10,Male,Control,0.857142857,B,61212
1,2,10,Male,Control,0.857142857,B,61212
1,5,10,Male,Control,1.142857143,B,61212
1,5,11,Female,Control,2,B,61212
1,3,11,Female,Control,6,B,61212
1,4,11,Female,Control,8,B,61212
1,1,11,Female,Control,0.571428571,B,61212
1,2,11,Female,Control,8,B,61212
1,3,12,Female,RNAi,0.857142857,B,61212
1,4,12,Female,RNAi,2,B,61212
1,1,12,Female,RNAi,0.857142857,B,61212
1,2,12,Female,RNAi,1.714285714,B,61212
1,5,12,Female,RNAi,3.428571429,B,61212
1,5,13,Female,Control,2.857142857,B,61212
1,3,13,Female,Control,2,B,61212
1,2,13,Female,Control,0.857142857,B,61212
1,4,13,Female,Control,1.428571429,B,61212
1,1,13,Female,Control,2.857142857,B,61212
1,5,14,Male,Control,4.285714286,B,61212
1,1,14,Male,Control,2.571428571,B,61212
1,3,14,Male,Control,2,B,61212
1,2,14,Male,Control,1.714285714,B,61212
1,4,14,Male,Control,2.571428571,B,61212
1,5,15,Male,RNAi,1.428571429,B,61212
1,4,15,Male,RNAi,2,B,61212
1,2,15,Male,RNAi,0.857142857,B,61212
1,3,15,Male,RNAi,2,B,61212
1,1,15,Male,RNAi,1.142857143,B,61212
1,3,16,Female,RNAi,2.857142857,B,61212
1,1,16,Female,RNAi,1.714285714,B,61212
1,4,16,Female,RNAi,4.285714286,B,61212
1,5,16,Female,RNAi,2.857142857,B,61212
1,2,16,Female,RNAi,3.142857143,B,61212
1,3,17,Male,RNAi,1.428571429,B,61212
1,1,17,Male,RNAi,6,B,61212
1,2,17,Male,RNAi,2,B,61212
1,5,17,Male,RNAi,0.857142857,B,61212
1,4,17,Male,RNAi,2,B,61212
1,3,18,Female,Control,3.142857143,B,61212
1,4,18,Female,Control,6,B,61212
1,2,18,Female,Control,4.285714286,B,61212
1,5,18,Female,Control,4.285714286,B,61212
1,1,18,Female,Control,0.571428571,B,61212
1,3,19,Female,RNAi,1.142857143,B,61212
1,4,19,Female,RNAi,2,B,61212
1,2,19,Female,RNAi,2.571428571,B,61212
1,5,19,Female,RNAi,2,B,61212
1,1,19,Female,RNAi,2.857142857,B,61212
1,5,20,Male,Control,2.857142857,B,61212
1,4,20,Male,Control,1.428571429,B,61212
1,2,20,Male,Control,2,B,61212
1,1,20,Male,Control,0.571428571,B,61212
1,3,20,Male,Control,1.428571429,B,61212
1,4,21,Female,RNAi,3.142857143,B,61212
1,5,21,Female,RNAi,2,B,61212
1,3,21,Female,RNAi,2,B,61212
1,2,21,Female,RNAi,0.857142857,B,61212
1,1,21,Female,RNAi,0.857142857,B,61212
1,4,22,Male,Control,1.714285714,B,61212
1,5,22,Male,Control,2,B,61212
1,3,22,Male,Control,2,B,61212
1,1,22,Male,Control,2.571428571,B,61212
1,2,22,Male,Control,1.142857143,B,61212
1,2,23,Male,RNAi,1.428571429,B,61212
1,5,23,Male,RNAi,1.142857143,B,61212
1,3,23,Male,RNAi,1.714285714,B,61212
1,1,23,Male,RNAi,0.857142857,B,61212
1,4,23,Male,RNAi,1.428571429,B,61212
1,2,24,Female,Control,4.285714286,B,61212
1,5,24,Female,Control,3.142857143,B,61212
1,3,24,Female,Control,4.571428571,B,61212
1,1,24,Female,Control,2,B,61212
1,4,24,Female,Control,6,B,61212
1,2,25,Female,RNAi,1.142857143,B,61212
1,5,25,Female,RNAi,1.142857143,B,61212
1,3,25,Female,RNAi,2,B,61212
1,1,25,Female,RNAi,2,B,61212
1,4,25,Female,RNAi,1.714285714,B,61212
1,4,26,Male,Control,1.12244898,B,61212
1,5,26,Male,Control,1.12244898,B,61212
1,3,26,Male,Control,1.448979592,B,61212
1,1,26,Male,Control,1.448979592,B,61212
1,2,26,Male,Control,1.448979592,B,61212
1,5,28,Female,Control,6,B,61212
1,4,28,Female,Control,6,B,61212
1,3,28,Female,Control,8,B,61212
1,1,28,Female,Control,8,B,61212
1,2,28,Female,Control,8,B,61212
1,3,29,Female,Control,8,B,61212
1,5,29,Female,Control,6,B,61212
1,4,29,Female,Control,8,B,61212
1,2,29,Female,Control,4.571428571,B,61212
1,1,29,Female,Control,2.857142857,B,61212
1,5,30,Male,Control,1.12244898,B,61212
1,1,30,Male,Control,0.795918367,B,61212
1,4,30,Male,Control,1.448979592,B,61212
1,2,30,Male,Control,1.12244898,B,61212
1,3,30,Male,Control,1.448979592,B,61212
1,5,31,Male,RNAi,2,B,61212
1,1,31,Male,RNAi,2,B,61212
1,4,31,Male,RNAi,4.285714286,B,61212
1,2,31,Male,RNAi,2.571428571,B,61212
1,3,31,Male,RNAi,3.714285714,B,61212
1,2,32,Female,RNAi,2.857142857,B,61212
1,1,32,Female,RNAi,1.714285714,B,61212
1,4,32,Female,RNAi,2,B,61212
1,5,32,Female,RNAi,4.285714286,B,61212
1,3,32,Female,RNAi,0.857142857,B,61212
1,4,33,Female,Control,4.285714286,B,61212
1,1,33,Female,Control,4.571428571,B,61212
1,2,33,Female,Control,3.142857143,B,61212
1,5,33,Female,Control,2,B,61212
1,3,33,Female,Control,2.571428571,B,61212
1,5,34,Female,RNAi,3.714285714,B,61212
1,3,34,Female,RNAi,3.428571429,B,61212
1,4,34,Female,RNAi,2.571428571,B,61212
1,2,34,Female,RNAi,2.571428571,B,61212
1,1,34,Female,RNAi,2,B,61212
1,2,35,Male,RNAi,6,B,61212
1,4,35,Male,RNAi,3.142857143,B,61212
1,3,35,Male,RNAi,4.285714286,B,61212
1,5,35,Male,RNAi,0.571428571,B,61212
1,1,35,Male,RNAi,8,B,61212
1,5,36,Male,Control,0.571428571,B,61212
1,2,36,Male,Control,0.857142857,B,61212
1,4,36,Male,Control,4.285714286,B,61212
1,3,36,Male,Control,3.142857143,B,61212
1,1,36,Male,Control,3.142857143,B,61212
1,1,37,Female,RNAi,6,B,61212
1,4,37,Female,RNAi,4.285714286,B,61212
1,5,37,Female,RNAi,4.285714286,B,61212
1,2,37,Female,RNAi,4.285714286,B,61212
1,3,37,Female,RNAi,2.571428571,B,61212
1,4,38,Male,Control,1.142857143,B,61212
1,5,38,Male,Control,1.714285714,B,61212
1,2,38,Male,Control,0.571428571,B,61212
1,3,38,Male,Control,2.285714286,B,61212
1,1,38,Male,Control,1.428571429,B,61212
1,1,39,Female,Control,1.714285714,B,61212
1,4,39,Female,Control,4.285714286,B,61212
1,5,39,Female,Control,6,B,61212
1,2,39,Female,Control,4.285714286,B,61212
1,3,39,Female,Control,6,B,61212
1,4,40,Male,RNAi,2.571428571,B,61212
1,5,40,Male,RNAi,1.714285714,B,61212
1,2,40,Male,RNAi,2,B,61212
1,3,40,Male,RNAi,3.714285714,B,61212
1,1,40,Male,RNAi,2.857142857,B,61212
1,5,41,Male,Control,3.714285714,B,61212
1,2,41,Male,Control,6,B,61212
1,4,41,Male,Control,2.571428571,B,61212
1,3,41,Male,Control,1.142857143,B,61212
1,1,41,Male,Control,4.571428571,B,61212
1,1,42,Female,Control,2,B,61212
1,3,42,Female,Control,6,B,61212
1,5,42,Female,Control,1.428571429,B,61212
1,2,42,Female,Control,4.285714286,B,61212
1,4,42,Female,Control,1.714285714,B,61212
1,4,43,Female,RNAi,1.142857143,B,61212
1,1,43,Female,RNAi,0.857142857,B,61212
1,5,43,Female,RNAi,1.428571429,B,61212
1,2,43,Female,RNAi,2.285714286,B,61212
1,3,43,Female,RNAi,0.857142857,B,61212
1,5,44,Male,RNAi,6,B,61212
1,4,44,Male,RNAi,6,B,61212
1,3,44,Male,RNAi,4.285714286,B,61212
1,2,44,Male,RNAi,4.285714286,B,61212
1,1,44,Male,RNAi,2,B,61212
1,5,45,Female,Control,5.040816327,B,61212
1,4,45,Female,Control,5.040816327,B,61212
1,3,45,Female,Control,7,B,61212
1,2,45,Female,Control,5.040816327,B,61212
1,1,45,Female,Control,3.081632653,B,61212
1,5,46,Male,RNAi,2.571428571,B,61212
1,4,46,Male,RNAi,4.285714286,B,61212
1,3,46,Male,RNAi,4.571428571,B,61212
1,2,46,Male,RNAi,1.142857143,B,61212
1,1,46,Male,RNAi,1.428571429,B,61212
1,3,47,Female,RNAi,3.714285714,B,61212
1,4,47,Female,RNAi,3.714285714,B,61212
1,1,47,Female,RNAi,3.142857143,B,61212
1,5,47,Female,RNAi,3.714285714,B,61212
1,2,47,Female,RNAi,3.714285714,B,61212
1,2,48,Male,Control,2,B,61212
1,4,48,Male,Control,1.714285714,B,61212
1,1,48,Male,Control,2.857142857,B,61212
1,3,48,Male,Control,2,B,61212
1,5,48,Male,Control,0.857142857,B,61212
2,1,1,Male,Control,2.285714286,B,61212
2,4,1,Male,Control,3.142857143,B,61212
2,2,1,Male,Control,2.285714286,B,61212
2,5,1,Male,Control,1.142857143,B,61212
2,3,1,Male,Control,3.142857143,B,61212
2,1,2,Female,RNAi,4.285714286,B,61212
2,2,2,Female,RNAi,3.714285714,B,61212
2,3,2,Female,RNAi,3.142857143,B,61212
2,4,2,Female,RNAi,1.714285714,B,61212
2,5,2,Female,RNAi,2,B,61212
2,1,3,Female,Control,2.857142857,B,61212
2,2,3,Female,Control,2,B,61212
2,3,3,Female,Control,1.142857143,B,61212
2,4,3,Female,Control,1.428571429,B,61212
2,5,3,Female,Control,3.714285714,B,61212
2,1,4,Male,RNAi,1.428571429,B,61212
2,2,4,Male,RNAi,0.857142857,B,61212
2,3,4,Male,RNAi,1.428571429,B,61212
2,4,4,Male,RNAi,2,B,61212
2,5,4,Male,RNAi,1.142857143,B,61212
2,1,5,Female,Control,2.857142857,B,61212
2,2,5,Female,Control,3.142857143,B,61212
2,3,5,Female,Control,3.142857143,B,61212
2,4,5,Female,Control,3.142857143,B,61212
2,5,5,Female,Control,6,B,61212
2,3,6,Female,RNAi,1.142857143,B,61212
2,1,6,Female,RNAi,3.142857143,B,61212
2,4,6,Female,RNAi,6,B,61212
2,2,6,Female,RNAi,1.714285714,B,61212
2,5,6,Female,RNAi,6,B,61212
2,5,7,Male,RNAi,1.142857143,B,61212
2,2,7,Male,RNAi,1.142857143,B,61212
2,3,7,Male,RNAi,1.428571429,B,61212
2,1,7,Male,RNAi,2,B,61212
2,4,7,Male,RNAi,1.142857143,B,61212
2,5,8,Male,Control,1.428571429,B,61212
2,2,8,Male,Control,1.142857143,B,61212
2,1,8,Male,Control,1.142857143,B,61212
2,4,8,Male,Control,1.428571429,B,61212
2,3,8,Male,Control,0.571428571,B,61212
2,2,9,Female,Control,1.142857143,B,61212
2,1,9,Female,Control,1.714285714,B,61212
2,5,9,Female,Control,2,B,61212
2,3,9,Female,Control,6,B,61212
2,4,9,Female,Control,8,B,61212
2,1,10,Female,RNAi,6,B,61212
2,2,10,Female,RNAi,2.285714286,B,61212
2,5,10,Female,RNAi,4.285714286,B,61212
2,3,10,Female,RNAi,4.285714286,B,61212
2,4,10,Female,RNAi,3.142857143,B,61212
2,1,11,Male,RNAi,1.714285714,B,61212
2,2,11,Male,RNAi,2.571428571,B,61212
2,5,11,Male,RNAi,1.714285714,B,61212
2,3,11,Male,RNAi,2,B,61212
2,4,11,Male,RNAi,2,B,61212
2,3,12,Male,Control,1.12244898,B,61212
2,2,12,Male,Control,0.795918367,B,61212
2,5,12,Male,Control,1.448979592,B,61212
2,1,12,Male,Control,1.12244898,B,61212
2,4,12,Male,Control,1.448979592,B,61212
2,5,14,Male,RNAi,3.714285714,B,61212
2,4,14,Male,RNAi,1.142857143,B,61212
2,1,14,Male,RNAi,2.571428571,B,61212
2,2,14,Male,RNAi,1.428571429,B,61212
2,3,14,Male,RNAi,3.142857143,B,61212
2,5,15,Female,Control,4.285714286,B,61212
2,4,15,Female,Control,6,B,61212
2,1,15,Female,Control,0.857142857,B,61212
2,2,15,Female,Control,0.571428571,B,61212
2,3,15,Female,Control,6,B,61212
2,5,16,Male,Control,1.142857143,B,61212
2,2,16,Male,Control,2.571428571,B,61212
2,1,16,Male,Control,1.142857143,B,61212
2,4,16,Male,Control,1.714285714,B,61212
2,3,16,Male,Control,1.428571429,B,61212
2,5,17,Male,RNAi,2,B,61212
2,2,17,Male,RNAi,2,B,61212
2,1,17,Male,RNAi,1.428571429,B,61212
2,4,17,Male,RNAi,2.571428571,B,61212
2,3,17,Male,RNAi,1.428571429,B,61212
2,4,18,Male,Control,1.142857143,B,61212
2,2,18,Male,Control,2,B,61212
2,1,18,Male,Control,1.142857143,B,61212
2,5,18,Male,Control,2,B,61212
2,3,18,Male,Control,2,B,61212
2,1,19,Female,RNAi,2.428571429,B,61212
2,2,19,Female,RNAi,2.428571429,B,61212
2,3,19,Female,RNAi,2.428571429,B,61212
2,4,19,Female,RNAi,3.081632653,B,61212
2,5,19,Female,RNAi,2.428571429,B,61212
2,5,20,Female,Control,1.714285714,B,61212
2,1,20,Female,Control,2.857142857,B,61212
2,3,20,Female,Control,2,B,61212
2,4,20,Female,Control,2,B,61212
2,2,20,Female,Control,2.571428571,B,61212
2,4,21,Female,Control,2.571428571,B,61212
2,5,21,Female,Control,2.571428571,B,61212
2,1,21,Female,Control,1.428571429,B,61212
2,3,21,Female,Control,1.428571429,B,61212
2,2,21,Female,Control,1.142857143,B,61212
2,4,22,Male,Control,0.857142857,B,61212
2,5,22,Male,Control,1.428571429,B,61212
2,1,22,Male,Control,1.428571429,B,61212
2,2,22,Male,Control,1.142857143,B,61212
2,3,22,Male,Control,1.142857143,B,61212
2,5,23,Male,RNAi,0.571428571,B,61212
2,1,23,Male,RNAi,0.857142857,B,61212
2,2,23,Male,RNAi,0.857142857,B,61212
2,3,23,Male,RNAi,1.714285714,B,61212
2,4,23,Male,RNAi,0.857142857,B,61212
2,1,24,Female,RNAi,0.571428571,B,61212
2,4,24,Female,RNAi,2.857142857,B,61212
2,2,24,Female,RNAi,1.428571429,B,61212
2,3,24,Female,RNAi,1.142857143,B,61212
2,5,24,Female,RNAi,3.142857143,B,61212
2,1,25,Female,RNAi,1.428571429,B,61212
2,3,25,Female,RNAi,2.857142857,B,61212
2,4,25,Female,RNAi,3.714285714,B,61212
2,2,25,Female,RNAi,0.857142857,B,61212
2,5,25,Female,RNAi,1.142857143,B,61212
2,2,26,Male,RNAi,0.571428571,B,61212
2,3,26,Male,RNAi,4.285714286,B,61212
2,4,26,Male,RNAi,1.714285714,B,61212
2,5,26,Male,RNAi,2,B,61212
2,1,26,Male,RNAi,4.285714286,B,61212
2,3,27,Female,Control,6,B,61212
2,4,27,Female,Control,4.285714286,B,61212
2,5,27,Female,Control,4.571428571,B,61212
2,1,27,Female,Control,1.428571429,B,61212
2,2,27,Female,Control,1.142857143,B,61212
2,4,28,Male,Control,2,B,61212
2,3,28,Male,Control,1.714285714,B,61212
2,5,28,Male,Control,1.428571429,B,61212
2,1,28,Male,Control,2,B,61212
2,2,28,Male,Control,0.857142857,B,61212
2,4,30,Female,Control,8,B,61212
2,2,30,Female,Control,2.571428571,B,61212
2,3,30,Female,Control,2,B,61212
2,5,30,Female,Control,8,B,61212
2,1,30,Female,Control,6,B,61212
2,1,31,Male,Control,2.857142857,B,61212
2,2,31,Male,Control,1.428571429,B,61212
2,3,31,Male,Control,1.142857143,B,61212
2,4,31,Male,Control,3.714285714,B,61212
2,5,31,Male,Control,3.142857143,B,61212
2,3,32,Female,RNAi,2.428571429,B,61212
2,1,32,Female,RNAi,1.448979592,B,61212
2,5,32,Female,RNAi,2.428571429,B,61212
2,4,32,Female,RNAi,1.448979592,B,61212
2,2,32,Female,RNAi,1.448979592,B,61212
2,3,33,Female,Control,4.285714286,B,61212
2,2,33,Female,Control,6,B,61212
2,5,33,Female,Control,6,B,61212
2,4,33,Female,Control,4.285714286,B,61212
2,1,33,Female,Control,1.714285714,B,61212
2,3,34,Female,RNAi,2,B,61212
2,2,34,Female,RNAi,2.571428571,B,61212
2,5,34,Female,RNAi,3.714285714,B,61212
2,4,34,Female,RNAi,2.571428571,B,61212
2,1,34,Female,RNAi,2.571428571,B,61212
2,3,35,Male,Control,2.102040816,B,61212
2,4,35,Male,Control,1.775510204,B,61212
2,5,35,Male,Control,1.775510204,B,61212
2,2,35,Male,Control,0.795918367,B,61212
2,1,35,Male,Control,1.448979592,B,61212
2,3,36,Male,RNAi,1.142857143,B,61212
2,4,36,Male,RNAi,3.142857143,B,61212
2,5,36,Male,RNAi,2.857142857,B,61212
2,2,36,Male,RNAi,2,B,61212
2,1,36,Male,RNAi,2.571428571,B,61212
2,2,37,Male,RNAi,1.428571429,B,61212
2,5,37,Male,RNAi,6,B,61212
2,1,37,Male,RNAi,2.857142857,B,61212
2,4,37,Male,RNAi,4.285714286,B,61212
2,3,37,Male,RNAi,2,B,61212
2,2,38,Female,Control,1.714285714,B,61212
2,3,38,Female,Control,1.714285714,B,61212
2,1,38,Female,Control,1.142857143,B,61212
2,4,38,Female,Control,0.857142857,B,61212
2,5,38,Female,Control,0.857142857,B,61212
2,2,39,Male,Control,1.428571429,B,61212
2,3,39,Male,Control,0.571428571,B,61212
2,1,39,Male,Control,2,B,61212
2,4,39,Male,Control,0.857142857,B,61212
2,5,39,Male,Control,1.428571429,B,61212
2,2,40,Female,RNAi,2.571428571,B,61212
2,3,40,Female,RNAi,0.571428571,B,61212
2,1,40,Female,RNAi,2,B,61212
2,5,40,Female,RNAi,1.428571429,B,61212
2,4,40,Female,RNAi,4.571428571,B,61212
2,3,41,Female,RNAi,6,B,61212
2,2,41,Female,RNAi,4.285714286,B,61212
2,5,41,Female,RNAi,8,B,61212
2,4,41,Female,RNAi,3.142857143,B,61212
2,1,41,Female,RNAi,3.714285714,B,61212
2,2,42,Male,Control,1.428571429,B,61212
2,5,42,Male,Control,1.142857143,B,61212
2,3,42,Male,Control,0.571428571,B,61212
2,4,42,Male,Control,1.428571429,B,61212
2,1,42,Male,Control,2,B,61212
2,1,43,Male,RNAi,2,B,61212
2,4,43,Male,RNAi,0.857142857,B,61212
2,2,43,Male,RNAi,0.571428571,B,61212
2,5,43,Male,RNAi,1.142857143,B,61212
2,3,43,Male,RNAi,0.571428571,B,61212
2,1,44,Female,Control,3.408163265,B,61212
2,2,44,Female,Control,3.408163265,B,61212
2,3,44,Female,Control,3.408163265,B,61212
2,4,44,Female,Control,5.040816327,B,61212
2,5,44,Female,Control,1.448979592,B,61212
2,1,45,Female,RNAi,4.285714286,B,61212
2,2,45,Female,RNAi,2.571428571,B,61212
2,3,45,Female,RNAi,2.857142857,B,61212
2,4,45,Female,RNAi,2,B,61212
2,5,45,Female,RNAi,4.285714286,B,61212
2,1,46,Female,Control,1.448979592,B,61212
2,2,46,Female,Control,1.448979592,B,61212
2,3,46,Female,Control,3.408163265,B,61212
2,4,46,Female,Control,1.448979592,B,61212
2,5,46,Female,Control,1.448979592,B,61212
2,1,47,Male,RNAi,4.285714286,B,61212
2,2,47,Male,RNAi,2.285714286,B,61212
2,3,47,Male,RNAi,0.857142857,B,61212
2,4,47,Male,RNAi,1.714285714,B,61212
2,5,47,Male,RNAi,2,B,61212
2,3,48,Male,Control,2.102040816,B,61212
2,1,48,Male,Control,0.795918367,B,61212
2,4,48,Male,Control,0.795918367,B,61212
2,2,48,Male,Control,1.448979592,B,61212
2,5,48,Male,Control,3.408163265,B,61212
3,1,1,Male,Control,2,B,61212
3,2,1,Male,Control,1.428571429,B,61212
3,3,1,Male,Control,0.571428571,B,61212
3,4,1,Male,Control,2.285714286,B,61212
3,5,1,Male,Control,3.142857143,B,61212
3,1,2,Female,Control,2.571428571,B,61212
3,2,2,Female,Control,1.142857143,B,61212
3,3,2,Female,Control,3.142857143,B,61212
3,4,2,Female,Control,2.857142857,B,61212
3,5,2,Female,Control,3.142857143,B,61212
3,5,3,Male,RNAi,0.571428571,B,61212
3,1,3,Male,RNAi,4.285714286,B,61212
3,2,3,Male,RNAi,1.142857143,B,61212
3,3,3,Male,RNAi,4.571428571,B,61212
3,4,3,Male,RNAi,1.714285714,B,61212
3,5,4,Female,RNAi,4.285714286,B,61212
3,1,4,Female,RNAi,2,B,61212
3,2,4,Female,RNAi,2.857142857,B,61212
3,3,4,Female,RNAi,1.714285714,B,61212
3,4,4,Female,RNAi,3.142857143,B,61212
3,5,5,Male,RNAi,1.428571429,B,61212
3,2,5,Male,RNAi,1.142857143,B,61212
3,4,5,Male,RNAi,2,B,61212
3,1,5,Male,RNAi,2,B,61212
3,3,5,Male,RNAi,2,B,61212
3,5,6,Male,Control,2.571428571,B,61212
3,2,6,Male,Control,0.857142857,B,61212
3,4,6,Male,Control,1.428571429,B,61212
3,1,6,Male,Control,2,B,61212
3,3,6,Male,Control,1.142857143,B,61212
3,5,7,Female,Control,1.448979592,B,61212
3,4,7,Female,Control,2.102040816,B,61212
3,3,7,Female,Control,3.408163265,B,61212
3,1,7,Female,Control,1.448979592,B,61212
3,2,7,Female,Control,2.428571429,B,61212
3,5,8,Female,RNAi,4.285714286,B,61212
3,4,8,Female,RNAi,2,B,61212
3,3,8,Female,RNAi,2,B,61212
3,1,8,Female,RNAi,6,B,61212
3,2,8,Female,RNAi,4.285714286,B,61212
3,4,10,Male,Control,2,B,61212
3,5,10,Male,Control,1.428571429,B,61212
3,3,10,Male,Control,0.857142857,B,61212
3,2,10,Male,Control,2,B,61212
3,1,10,Male,Control,2,B,61212
3,5,11,Male,RNAi,4.571428571,B,61212
3,3,11,Male,RNAi,2.285714286,B,61212
3,4,11,Male,RNAi,8,B,61212
3,2,11,Male,RNAi,3.142857143,B,61212
3,1,11,Male,RNAi,4.285714286,B,61212
3,5,12,Female,Control,0.857142857,B,61212
3,4,12,Female,Control,1.142857143,B,61212
3,2,12,Female,Control,1.428571429,B,61212
3,3,12,Female,Control,1.142857143,B,61212
3,1,12,Female,Control,6,B,61212
3,1,13,Female,RNAi,8,B,61212
3,4,13,Female,RNAi,2.571428571,B,61212
3,5,13,Female,RNAi,1.714285714,B,61212
3,3,13,Female,RNAi,2.857142857,B,61212
3,2,13,Female,RNAi,2.857142857,B,61212
3,5,14,Male,RNAi,1.428571429,B,61212
3,3,14,Male,RNAi,1.142857143,B,61212
3,4,14,Male,RNAi,1.142857143,B,61212
3,2,14,Male,RNAi,2.571428571,B,61212
3,1,14,Male,RNAi,0.857142857,B,61212
3,5,15,Male,Control,1.714285714,B,61212
3,4,15,Male,Control,0.571428571,B,61212
3,2,15,Male,Control,1.142857143,B,61212
3,3,15,Male,Control,2.285714286,B,61212
3,1,15,Male,Control,2.285714286,B,61212
3,4,16,Female,Control,2.857142857,B,61212
3,1,16,Female,Control,1.714285714,B,61212
3,3,16,Female,Control,3.142857143,B,61212
3,5,16,Female,Control,0.857142857,B,61212
3,2,16,Female,Control,2,B,61212
3,5,18,Female,Control,2.571428571,B,61212
3,3,18,Female,Control,4.571428571,B,61212
3,4,18,Female,Control,4.285714286,B,61212
3,2,18,Female,Control,3.428571429,B,61212
3,1,18,Female,Control,4.571428571,B,61212
3,5,19,Male,RNAi,1.142857143,B,61212
3,4,19,Male,RNAi,1.142857143,B,61212
3,2,19,Male,RNAi,2.571428571,B,61212
3,3,19,Male,RNAi,2,B,61212
3,1,19,Male,RNAi,4.571428571,B,61212
3,4,20,Male,Control,2.571428571,B,61212
3,3,20,Male,Control,1.428571429,B,61212
3,1,20,Male,Control,2,B,61212
3,2,20,Male,Control,2,B,61212
3,5,20,Male,Control,2,B,61212
3,5,22,Male,Control,2.285714286,B,61212
3,3,22,Male,Control,2,B,61212
3,4,22,Male,Control,1.428571429,B,61212
3,2,22,Male,Control,2.571428571,B,61212
3,1,22,Male,Control,1.714285714,B,61212
3,5,23,Female,RNAi,1.142857143,B,61212
3,4,23,Female,RNAi,8,B,61212
3,2,23,Female,RNAi,4.285714286,B,61212
3,3,23,Female,RNAi,6,B,61212
3,1,23,Female,RNAi,4.285714286,B,61212
3,5,24,Male,RNAi,2,B,61212
3,4,24,Male,RNAi,2,B,61212
3,3,24,Male,RNAi,1.428571429,B,61212
3,1,24,Male,RNAi,0.857142857,B,61212
3,2,24,Male,RNAi,1.142857143,B,61212
3,4,25,Male,Control,0.571428571,B,61212
3,5,25,Male,Control,3.142857143,B,61212
3,3,25,Male,Control,0.571428571,B,61212
3,2,25,Male,Control,2,B,61212
3,1,25,Male,Control,4.285714286,B,61212
3,5,26,Male,RNAi,1.428571429,B,61212
3,3,26,Male,RNAi,0.857142857,B,61212
3,4,26,Male,RNAi,0.857142857,B,61212
3,2,26,Male,RNAi,0.857142857,B,61212
3,1,26,Male,RNAi,1.714285714,B,61212
3,5,27,Female,Control,0.795918367,B,61212
3,4,27,Female,Control,1.448979592,B,61212
3,2,27,Female,Control,1.448979592,B,61212
3,3,27,Female,Control,3.408163265,B,61212
3,1,27,Female,Control,3.408163265,B,61212
3,1,29,Female,RNAi,3.408163265,B,61212
3,4,29,Female,RNAi,5.040816327,B,61212
3,5,29,Female,RNAi,3.408163265,B,61212
3,3,29,Female,RNAi,7,B,61212
3,2,29,Female,RNAi,5.040816327,B,61212
3,5,30,Female,Control,6,B,61212
3,3,30,Female,Control,1.428571429,B,61212
3,4,30,Female,Control,4.571428571,B,61212
3,2,30,Female,Control,0.571428571,B,61212
3,1,30,Female,Control,1.714285714,B,61212
3,5,31,Male,RNAi,3.142857143,B,61212
3,4,31,Male,RNAi,4.285714286,B,61212
3,2,31,Male,RNAi,3.714285714,B,61212
3,3,31,Male,RNAi,8,B,61212
3,1,31,Male,RNAi,3.142857143,B,61212
3,4,32,Male,Control,4.285714286,B,61212
3,1,32,Male,Control,2,B,61212
3,3,32,Male,Control,1.714285714,B,61212
3,5,32,Male,Control,1.428571429,B,61212
3,2,32,Male,Control,1.714285714,B,61212
3,5,33,Male,RNAi,8,B,61212
3,3,33,Male,RNAi,8,B,61212
3,4,33,Male,RNAi,6,B,61212
3,2,33,Male,RNAi,6,B,61212
3,1,33,Male,RNAi,6,B,61212
3,5,34,Male,Control,2,B,61212
3,4,34,Male,Control,0.571428571,B,61212
3,2,34,Male,Control,2,B,61212
3,3,34,Male,Control,0.857142857,B,61212
3,1,34,Male,Control,3.714285714,B,61212
3,4,36,Female,Control,8,B,61212
3,3,36,Female,Control,8,B,61212
3,1,36,Female,Control,0.857142857,B,61212
3,2,36,Female,Control,4.285714286,B,61212
3,5,36,Female,Control,8,B,61212
3,5,37,Male,Control,0.795918367,B,61212
3,3,37,Male,Control,6,B,61212
3,4,37,Male,Control,3.142857143,B,61212
3,2,37,Male,Control,2,B,61212
3,1,37,Male,Control,1.714285714,B,61212
3,5,38,Female,Control,3.428571429,B,61212
3,4,38,Female,Control,0.571428571,B,61212
3,2,38,Female,Control,4.285714286,B,61212
3,3,38,Female,Control,0.285714286,B,61212
3,1,38,Female,Control,4.285714286,B,61212
3,5,39,Female,RNAi,0.571428571,B,61212
3,4,39,Female,RNAi,0.571428571,B,61212
3,3,39,Female,RNAi,0.857142857,B,61212
3,1,39,Female,RNAi,2.857142857,B,61212
3,2,39,Female,RNAi,1.428571429,B,61212
3,4,40,Male,RNAi,4.285714286,B,61212
3,5,40,Male,RNAi,1.714285714,B,61212
3,3,40,Male,RNAi,6,B,61212
3,2,40,Male,RNAi,4.285714286,B,61212
3,1,40,Male,RNAi,0.571428571,B,61212
3,4,42,Male,RNAi,2.857142857,B,61212
3,5,42,Male,RNAi,0.571428571,B,61212
3,3,42,Male,RNAi,1.142857143,B,61212
3,2,42,Male,RNAi,0.857142857,B,61212
3,1,42,Male,RNAi,1.142857143,B,61212
3,3,43,Female,Control,2.285714286,B,61212
3,5,43,Female,Control,4.285714286,B,61212
3,2,43,Female,Control,1.428571429,B,61212
3,4,43,Female,Control,1.428571429,B,61212
3,1,43,Female,Control,0.571428571,B,61212
3,3,44,Male,Control,1.714285714,B,61212
3,5,44,Male,Control,0.857142857,B,61212
3,2,44,Male,Control,1.428571429,B,61212
3,4,44,Male,Control,2,B,61212
3,1,44,Male,Control,0.857142857,B,61212
3,2,45,Female,RNAi,2.428571429,B,61212
3,3,45,Female,RNAi,5.040816327,B,61212
3,4,45,Female,RNAi,2.102040816,B,61212
3,5,45,Female,RNAi,7,B,61212
3,1,45,Female,RNAi,1.448979592,B,61212
3,2,46,Male,RNAi,1.142857143,B,61212
3,3,46,Male,RNAi,3.142857143,B,61212
3,4,46,Male,RNAi,4.285714286,B,61212
3,5,46,Male,RNAi,4.285714286,B,61212
3,1,46,Male,RNAi,1.142857143,B,61212
3,1,47,Male,Control,2.857142857,B,61212
3,2,47,Male,Control,2.857142857,B,61212
3,3,47,Male,Control,1.428571429,B,61212
3,4,47,Male,Control,0.857142857,B,61212
3,5,47,Male,Control,2.285714286,B,61212
3,1,48,Female,Control,2.571428571,B,61212
3,2,48,Female,Control,1.428571429,B,61212
3,3,48,Female,Control,0.571428571,B,61212
3,4,48,Female,Control,3.714285714,B,61212
3,5,48,Female,Control,3.142857143,B,61212
1,1,1,Male,RNAi,3.142857143,C,57703
1,3,1,Male,RNAi,3.142857143,C,57703
1,4,1,Male,RNAi,2.571428571,C,57703
1,2,1,Male,RNAi,3.142857143,C,57703
1,5,1,Male,RNAi,0.571428571,C,57703
1,1,2,Female,Control,0.795918367,C,57703
1,3,2,Female,Control,1.12244898,C,57703
1,2,2,Female,Control,1.448979592,C,57703
1,5,2,Female,Control,3.408163265,C,57703
1,4,2,Female,Control,3.408163265,C,57703
1,3,3,Male,Control,0.571428571,C,57703
1,2,3,Male,Control,1.142857143,C,57703
1,5,3,Male,Control,1.142857143,C,57703
1,4,3,Male,Control,0.571428571,C,57703
1,1,3,Male,Control,1.142857143,C,57703
1,1,5,Male,Control,0.571428571,C,57703
1,3,5,Male,Control,1.142857143,C,57703
1,2,5,Male,Control,4.285714286,C,57703
1,5,5,Male,Control,0.857142857,C,57703
1,4,5,Male,Control,0.857142857,C,57703
1,3,6,Male,RNAi,1.12244898,C,57703
1,2,6,Male,RNAi,1.448979592,C,57703
1,5,6,Male,RNAi,1.775510204,C,57703
1,4,6,Male,RNAi,0.795918367,C,57703
1,1,6,Male,RNAi,1.448979592,C,57703
1,1,7,Female,Control,6,C,57703
1,3,7,Female,Control,6,C,57703
1,4,7,Female,Control,6,C,57703
1,2,7,Female,Control,8,C,57703
1,5,7,Female,Control,6,C,57703
1,1,9,Female,Control,2.102040816,C,57703
1,5,9,Female,Control,3.408163265,C,57703
1,3,9,Female,Control,3.734693878,C,57703
1,4,9,Female,Control,2.102040816,C,57703
1,2,9,Female,Control,2.102040816,C,57703
1,1,10,Male,Control,1.428571429,C,57703
1,2,10,Male,Control,3.142857143,C,57703
1,4,10,Male,Control,1.142857143,C,57703
1,3,10,Male,Control,1.142857143,C,57703
1,5,10,Male,Control,1.142857143,C,57703
1,3,15,Female,Control,1.428571429,C,57703
1,5,15,Female,Control,6,C,57703
1,2,15,Female,Control,0.285714286,C,57703
1,1,15,Female,Control,1.142857143,C,57703
1,4,15,Female,Control,6,C,57703
1,3,17,Male,Control,1.142857143,C,57703
1,5,17,Male,Control,1.142857143,C,57703
1,4,17,Male,Control,2,C,57703
1,1,17,Male,Control,1.142857143,C,57703
1,2,17,Male,Control,2.857142857,C,57703
1,3,18,Female,Control,1.714285714,C,57703
1,2,18,Female,Control,0.857142857,C,57703
1,4,18,Female,Control,2,C,57703
1,1,18,Female,Control,3.714285714,C,57703
1,5,18,Female,Control,2.571428571,C,57703
1,3,21,Female,Control,1.142857143,C,57703
1,2,21,Female,Control,4.285714286,C,57703
1,4,21,Female,Control,1.428571429,C,57703
1,1,21,Female,Control,2,C,57703
1,5,21,Female,Control,2.571428571,C,57703
1,1,22,Male,Control,1.448979592,C,57703
1,2,22,Male,Control,1.12244898,C,57703
1,4,22,Male,Control,1.448979592,C,57703
1,5,22,Male,Control,1.12244898,C,57703
1,3,22,Male,Control,1.448979592,C,57703
1,2,24,Male,RNAi,0.857142857,C,57703
1,1,24,Male,RNAi,0.857142857,C,57703
1,3,24,Male,RNAi,1.142857143,C,57703
1,4,24,Male,RNAi,2,C,57703
1,5,24,Male,RNAi,1.142857143,C,57703
1,2,26,Male,Control,1.428571429,C,57703
1,1,26,Male,Control,0.857142857,C,57703
1,3,26,Male,Control,1.142857143,C,57703
1,5,26,Male,Control,1.142857143,C,57703
1,4,26,Male,Control,0.571428571,C,57703
1,4,27,Female,Control,1.714285714,C,57703
1,1,27,Female,Control,1.428571429,C,57703
1,3,27,Female,Control,1.714285714,C,57703
1,5,27,Female,Control,3.714285714,C,57703
1,2,27,Female,Control,1.142857143,C,57703
1,4,29,Female,Control,4.285714286,C,57703
1,1,29,Female,Control,1.428571429,C,57703
1,3,29,Female,Control,2,C,57703
1,5,29,Female,Control,2.857142857,C,57703
1,2,29,Female,Control,1.714285714,C,57703
1,4,30,Male,RNAi,1.428571429,C,57703
1,1,30,Male,RNAi,0.857142857,C,57703
1,3,30,Male,RNAi,1.714285714,C,57703
1,5,30,Male,RNAi,2.571428571,C,57703
1,2,30,Male,RNAi,1.714285714,C,57703
1,2,32,Male,Control,1.142857143,C,57703
1,1,32,Male,Control,4.285714286,C,57703
1,3,32,Male,Control,0.857142857,C,57703
1,5,32,Male,Control,1.428571429,C,57703
1,4,32,Male,Control,1.714285714,C,57703
1,1,33,Female,Control,1.142857143,C,57703
1,2,33,Female,Control,8,C,57703
1,3,33,Female,Control,3.714285714,C,57703
1,5,33,Female,Control,2.571428571,C,57703
1,4,33,Female,Control,3.428571429,C,57703
1,3,35,Male,Control,0.571428571,C,57703
1,1,35,Male,Control,0.857142857,C,57703
1,2,35,Male,Control,0.571428571,C,57703
1,4,35,Male,Control,1.142857143,C,57703
1,5,35,Male,Control,1.428571429,C,57703
1,1,36,Male,RNAi,2,C,57703
1,5,36,Male,RNAi,1.428571429,C,57703
1,2,36,Male,RNAi,1.142857143,C,57703
1,4,36,Male,RNAi,0.857142857,C,57703
1,3,36,Male,RNAi,1.428571429,C,57703
1,1,37,Male,RNAi,0.795918367,C,57703
1,5,37,Male,RNAi,1.448979592,C,57703
1,2,37,Male,RNAi,2.428571429,C,57703
1,4,37,Male,RNAi,1.448979592,C,57703
1,3,37,Male,RNAi,1.448979592,C,57703
1,4,38,Male,Control,1.142857143,C,57703
1,5,38,Male,Control,1.428571429,C,57703
1,2,38,Male,Control,1.428571429,C,57703
1,1,38,Male,Control,2,C,57703
1,3,38,Male,Control,2,C,57703
1,2,39,Female,Control,6,C,57703
1,5,39,Female,Control,4.285714286,C,57703
1,4,39,Female,Control,2.285714286,C,57703
1,1,39,Female,Control,2,C,57703
1,3,39,Female,Control,3.142857143,C,57703
1,1,41,Female,RNAi,1.142857143,C,57703
1,3,41,Female,RNAi,1.142857143,C,57703
1,2,41,Female,RNAi,1.142857143,C,57703
1,4,41,Female,RNAi,0.571428571,C,57703
1,5,41,Female,RNAi,0.142857143,C,57703
1,4,42,Female,Control,3.142857143,C,57703
1,2,42,Female,Control,2,C,57703
1,3,42,Female,Control,2.857142857,C,57703
1,1,42,Female,Control,3.142857143,C,57703
1,5,42,Female,Control,3.142857143,C,57703
1,1,43,Male,RNAi,0.857142857,C,57703
1,4,43,Male,RNAi,1.714285714,C,57703
1,2,43,Male,RNAi,1.428571429,C,57703
1,3,43,Male,RNAi,0.857142857,C,57703
1,5,43,Male,RNAi,2,C,57703
1,5,44,Male,Control,1.142857143,C,57703
1,2,44,Male,Control,1.428571429,C,57703
1,1,44,Male,Control,1.428571429,C,57703
1,4,44,Male,Control,0.857142857,C,57703
1,3,44,Male,Control,1.428571429,C,57703
1,2,45,Male,RNAi,2.428571429,C,57703
1,1,45,Male,RNAi,1.12244898,C,57703
1,4,45,Male,RNAi,1.775510204,C,57703
1,3,45,Male,RNAi,1.448979592,C,57703
1,5,45,Male,RNAi,2.102040816,C,57703
1,5,46,Female,RNAi,1.142857143,C,57703
1,2,46,Female,RNAi,1.142857143,C,57703
1,1,46,Female,RNAi,1.142857143,C,57703
1,4,46,Female,RNAi,0.857142857,C,57703
1,3,46,Female,RNAi,0.857142857,C,57703
1,2,47,Female,Control,4.285714286,C,57703
1,1,47,Female,Control,1.714285714,C,57703
1,4,47,Female,Control,4.285714286,C,57703
1,3,47,Female,Control,1.428571429,C,57703
1,5,47,Female,Control,4.285714286,C,57703
1,1,48,Male,Control,0.795918367,C,57703
1,4,48,Male,Control,1.12244898,C,57703
1,2,48,Male,Control,1.12244898,C,57703
1,3,48,Male,Control,0.795918367,C,57703
1,5,48,Male,Control,0.795918367,C,57703
2,1,1,Male,RNAi,2,C,57703
2,5,1,Male,RNAi,1.428571429,C,57703
2,2,1,Male,RNAi,3.714285714,C,57703
2,3,1,Male,RNAi,1.428571429,C,57703
2,4,1,Male,RNAi,1.714285714,C,57703
2,1,2,Male,Control,1.142857143,C,57703
2,2,2,Male,Control,0.571428571,C,57703
2,3,2,Male,Control,2,C,57703
2,4,2,Male,Control,1.142857143,C,57703
2,5,2,Male,Control,0.857142857,C,57703
2,1,3,Female,RNAi,2,C,57703
2,2,3,Female,RNAi,2.571428571,C,57703
2,3,3,Female,RNAi,1.142857143,C,57703
2,4,3,Female,RNAi,1.428571429,C,57703
2,5,3,Female,RNAi,0.857142857,C,57703
2,2,4,Female,Control,1.714285714,C,57703
2,3,4,Female,Control,2.571428571,C,57703
2,4,4,Female,Control,1.428571429,C,57703
2,1,4,Female,Control,1.142857143,C,57703
2,5,4,Female,Control,0.857142857,C,57703
2,5,5,Female,RNAi,1.142857143,C,57703
2,2,5,Female,RNAi,1.142857143,C,57703
2,1,5,Female,RNAi,0.857142857,C,57703
2,3,5,Female,RNAi,0.571428571,C,57703
2,4,5,Female,RNAi,1.142857143,C,57703
2,5,6,Female,Control,8,C,57703
2,1,6,Female,Control,4.285714286,C,57703
2,2,6,Female,Control,3.142857143,C,57703
2,4,6,Female,Control,6,C,57703
2,3,6,Female,Control,3.714285714,C,57703
2,1,8,Male,Control,1.142857143,C,57703
2,4,8,Male,Control,1.714285714,C,57703
2,2,8,Male,Control,1.428571429,C,57703
2,5,8,Male,Control,0.857142857,C,57703
2,3,8,Male,Control,2.857142857,C,57703
2,2,9,Male,RNAi,0.857142857,C,57703
2,1,9,Male,RNAi,1.142857143,C,57703
2,3,9,Male,RNAi,1.142857143,C,57703
2,4,9,Male,RNAi,1.142857143,C,57703
2,5,9,Male,RNAi,1.428571429,C,57703
2,4,10,Female,RNAi,1.448979592,C,57703
2,5,10,Female,RNAi,3.081632653,C,57703
2,2,10,Female,RNAi,0.795918367,C,57703
2,1,10,Female,RNAi,0.795918367,C,57703
2,3,10,Female,RNAi,0.469387755,C,57703
2,5,11,Female,Control,2.428571429,C,57703
2,1,11,Female,Control,2.428571429,C,57703
2,4,11,Female,Control,2.428571429,C,57703
2,3,11,Female,Control,7,C,57703
2,2,11,Female,Control,2.102040816,C,57703
2,5,12,Male,Control,2.285714286,C,57703
2,1,12,Male,Control,1.428571429,C,57703
2,3,12,Male,Control,4.285714286,C,57703
2,2,12,Male,Control,2,C,57703
2,4,12,Male,Control,2,C,57703
2,1,13,Female,Control,1.428571429,C,57703
2,2,13,Female,Control,1.142857143,C,57703
2,3,13,Female,Control,2.285714286,C,57703
2,5,13,Female,Control,1.142857143,C,57703
2,4,13,Female,Control,1.142857143,C,57703
2,4,15,Male,RNAi,2.428571429,C,57703
2,3,15,Male,RNAi,1.775510204,C,57703
2,5,15,Male,RNAi,3.081632653,C,57703
2,1,15,Male,RNAi,1.12244898,C,57703
2,2,15,Male,RNAi,1.448979592,C,57703
2,1,16,Female,RNAi,0.285714286,C,57703
2,4,16,Female,RNAi,0.285714286,C,57703
2,2,16,Female,RNAi,1.428571429,C,57703
2,5,16,Female,RNAi,0.571428571,C,57703
2,3,16,Female,RNAi,0.571428571,C,57703
2,4,17,Female,RNAi,1.714285714,C,57703
2,1,17,Female,RNAi,1.142857143,C,57703
2,5,17,Female,RNAi,1.714285714,C,57703
2,2,17,Female,RNAi,1.714285714,C,57703
2,3,17,Female,RNAi,1.142857143,C,57703
2,5,19,Female,Control,1.428571429,C,57703
2,2,19,Female,Control,4.285714286,C,57703
2,3,19,Female,Control,0.571428571,C,57703
2,1,19,Female,Control,2.285714286,C,57703
2,4,19,Female,Control,2,C,57703
2,3,20,Male,Control,1.448979592,C,57703
2,4,20,Male,Control,2.102040816,C,57703
2,5,20,Male,Control,1.448979592,C,57703
2,1,20,Male,Control,2.102040816,C,57703
2,2,20,Male,Control,2.571428571,C,57703
2,4,21,Female,Control,1.714285714,C,57703
2,3,21,Female,Control,1.428571429,C,57703
2,1,21,Female,Control,4.285714286,C,57703
2,2,21,Female,Control,2.571428571,C,57703
2,5,21,Female,Control,3.142857143,C,57703
2,1,23,Male,Control,1.142857143,C,57703
2,5,23,Male,Control,0.857142857,C,57703
2,4,23,Male,Control,2,C,57703
2,3,23,Male,Control,2,C,57703
2,2,23,Male,Control,1.142857143,C,57703
2,2,24,Male,RNAi,2,C,57703
2,5,24,Male,RNAi,3.142857143,C,57703
2,4,24,Male,RNAi,4.285714286,C,57703
2,3,24,Male,RNAi,1.428571429,C,57703
2,1,24,Male,RNAi,2,C,57703
2,3,25,Female,Control,3.714285714,C,57703
2,2,25,Female,Control,2,C,57703
2,1,25,Female,Control,2,C,57703
2,4,25,Female,Control,2.857142857,C,57703
2,5,25,Female,Control,3.142857143,C,57703
2,4,26,Male,Control,0.857142857,C,57703
2,3,26,Male,Control,1.714285714,C,57703
2,1,26,Male,Control,0.857142857,C,57703
2,2,26,Male,Control,1.142857143,C,57703
2,5,26,Male,Control,0.857142857,C,57703
2,1,27,Male,RNAi,3.142857143,C,57703
2,4,27,Male,RNAi,0.857142857,C,57703
2,5,27,Male,RNAi,1.428571429,C,57703
2,3,27,Male,RNAi,0.857142857,C,57703
2,2,27,Male,RNAi,2.571428571,C,57703
2,1,28,Female,RNAi,0.469387755,C,57703
2,2,28,Female,RNAi,0.795918367,C,57703
2,5,28,Female,RNAi,1.448979592,C,57703
2,4,28,Female,RNAi,0.795918367,C,57703
2,3,28,Female,RNAi,1.12244898,C,57703
2,5,29,Female,Control,2.428571429,C,57703
2,3,29,Female,Control,0.795918367,C,57703
2,2,29,Female,Control,1.448979592,C,57703
2,1,29,Female,Control,1.12244898,C,57703
2,4,29,Female,Control,3.408163265,C,57703
2,4,30,Male,RNAi,0.571428571,C,57703
2,3,30,Male,RNAi,1.142857143,C,57703
2,2,30,Male,RNAi,1.142857143,C,57703
2,1,30,Male,RNAi,0.857142857,C,57703
2,5,30,Male,RNAi,1.714285714,C,57703
2,1,31,Female,RNAi,1.12244898,C,57703
2,4,31,Female,RNAi,1.448979592,C,57703
2,5,31,Female,RNAi,1.448979592,C,57703
2,3,31,Female,RNAi,1.448979592,C,57703
2,2,31,Female,RNAi,1.12244898,C,57703
2,4,32,Male,Control,0.469387755,C,57703
2,5,32,Male,Control,1.12244898,C,57703
2,1,32,Male,Control,1.448979592,C,57703
2,2,32,Male,Control,1.448979592,C,57703
2,3,32,Male,Control,2.428571429,C,57703
2,2,33,Female,RNAi,0.795918367,C,57703
2,5,33,Female,RNAi,1.448979592,C,57703
2,3,33,Female,RNAi,1.12244898,C,57703
2,4,33,Female,RNAi,1.12244898,C,57703
2,1,33,Female,RNAi,0.795918367,C,57703
2,3,34,Male,RNAi,2.285714286,C,57703
2,4,34,Male,RNAi,3.142857143,C,57703
2,1,34,Male,RNAi,1.428571429,C,57703
2,5,34,Male,RNAi,0.857142857,C,57703
2,2,34,Male,RNAi,1.142857143,C,57703
2,3,35,Male,Control,3.428571429,C,57703
2,1,35,Male,Control,0.571428571,C,57703
2,4,35,Male,Control,1.428571429,C,57703
2,2,35,Male,Control,1.142857143,C,57703
2,5,35,Male,Control,1.714285714,C,57703
2,4,36,Female,Control,2.857142857,C,57703
2,5,36,Female,Control,2,C,57703
2,1,36,Female,Control,1.428571429,C,57703
2,3,36,Female,Control,2,C,57703
2,2,36,Female,Control,1.142857143,C,57703
2,2,37,Male,RNAi,1.714285714,C,57703
2,1,37,Male,RNAi,1.428571429,C,57703
2,3,37,Male,RNAi,2,C,57703
2,4,37,Male,RNAi,1.428571429,C,57703
2,5,37,Male,RNAi,2.571428571,C,57703
2,2,38,Female,RNAi,0.795918367,C,57703
2,4,38,Female,RNAi,1.12244898,C,57703
2,3,38,Female,RNAi,0.469387755,C,57703
2,5,38,Female,RNAi,1.12244898,C,57703
2,1,38,Female,RNAi,1.448979592,C,57703
2,4,39,Male,Control,1.142857143,C,57703
2,3,39,Male,Control,2.285714286,C,57703
2,2,39,Male,Control,2.571428571,C,57703
2,5,39,Male,Control,3.142857143,C,57703
2,1,39,Male,Control,3.142857143,C,57703
2,3,40,Female,Control,4.571428571,C,57703
2,5,40,Female,Control,2.571428571,C,57703
2,4,40,Female,Control,3.714285714,C,57703
2,1,40,Female,Control,3.428571429,C,57703
2,2,40,Female,Control,2.857142857,C,57703
2,1,41,Female,Control,2.285714286,C,57703
2,2,41,Female,Control,1.714285714,C,57703
2,3,41,Female,Control,2,C,57703
2,5,41,Female,Control,0.857142857,C,57703
2,4,41,Female,Control,1.142857143,C,57703
2,3,42,Male,RNAi,2,C,57703
2,1,42,Male,RNAi,6,C,57703
2,4,42,Male,RNAi,1.142857143,C,57703
2,2,42,Male,RNAi,2,C,57703
2,5,42,Male,RNAi,1.142857143,C,57703
2,3,43,Male,Control,3.142857143,C,57703
2,2,43,Male,Control,1.428571429,C,57703
2,4,43,Male,Control,0.857142857,C,57703
2,5,43,Male,Control,0.571428571,C,57703
2,1,43,Male,Control,0.857142857,C,57703
2,2,44,Female,RNAi,0.795918367,C,57703
2,3,44,Female,RNAi,1.775510204,C,57703
2,5,44,Female,RNAi,2.428571429,C,57703
2,4,44,Female,RNAi,2.102040816,C,57703
2,1,44,Female,RNAi,0.795918367,C,57703
2,1,45,Female,Control,2.857142857,C,57703
2,5,45,Female,Control,2.285714286,C,57703
2,2,45,Female,Control,1.142857143,C,57703
2,3,45,Female,Control,2.857142857,C,57703
2,4,45,Female,Control,2,C,57703
2,1,46,Male,Control,3.142857143,C,57703
2,2,46,Male,Control,6,C,57703
2,3,46,Male,Control,2.857142857,C,57703
2,4,46,Male,Control,4.571428571,C,57703
2,5,46,Male,Control,1.714285714,C,57703
2,1,47,Female,RNAi,0.469387755,C,57703
2,2,47,Female,RNAi,1.12244898,C,57703
2,3,47,Female,RNAi,1.448979592,C,57703
2,4,47,Female,RNAi,1.448979592,C,57703
2,5,47,Female,RNAi,1.448979592,C,57703
2,2,48,Male,RNAi,2,C,57703
2,3,48,Male,RNAi,2,C,57703
2,4,48,Male,RNAi,1.142857143,C,57703
2,1,48,Male,RNAi,0.571428571,C,57703
2,5,48,Male,RNAi,1.428571429,C,57703
3,1,1,Female,RNAi,1.12244898,C,57703
3,5,1,Female,RNAi,1.12244898,C,57703
3,3,1,Female,RNAi,1.448979592,C,57703
3,2,1,Female,RNAi,0.795918367,C,57703
3,4,1,Female,RNAi,1.448979592,C,57703
3,1,2,Male,RNAi,0.571428571,C,57703
3,2,2,Male,RNAi,1.142857143,C,57703
3,3,2,Male,RNAi,0.857142857,C,57703
3,5,2,Male,RNAi,1.142857143,C,57703
3,4,2,Male,RNAi,0.857142857,C,57703
3,1,3,Female,Control,2,C,57703
3,3,3,Female,Control,1.142857143,C,57703
3,2,3,Female,Control,2,C,57703
3,4,3,Female,Control,2,C,57703
3,5,3,Female,Control,1.714285714,C,57703
3,4,4,Male,Control,2,C,57703
3,3,4,Male,Control,2,C,57703
3,1,4,Male,Control,1.714285714,C,57703
3,5,4,Male,Control,2.571428571,C,57703
3,2,4,Male,Control,1.428571429,C,57703
3,4,5,Male,Control,0.857142857,C,57703
3,1,5,Male,Control,2,C,57703
3,5,5,Male,Control,1.142857143,C,57703
3,3,5,Male,Control,1.142857143,C,57703
3,2,5,Male,Control,2,C,57703
3,1,6,Female,RNAi,2.285714286,C,57703
3,2,6,Female,RNAi,2.285714286,C,57703
3,4,6,Female,RNAi,2.285714286,C,57703
3,3,6,Female,RNAi,2.285714286,C,57703
3,5,6,Female,RNAi,2,C,57703
3,2,7,Female,Control,4.285714286,C,57703
3,1,7,Female,Control,2.285714286,C,57703
3,3,7,Female,Control,4.571428571,C,57703
3,4,7,Female,Control,6,C,57703
3,5,7,Female,Control,2.857142857,C,57703
3,2,8,Male,RNAi,2,C,57703
3,4,8,Male,RNAi,1.714285714,C,57703
3,3,8,Male,RNAi,2.571428571,C,57703
3,1,8,Male,RNAi,2.571428571,C,57703
3,5,8,Male,RNAi,0.857142857,C,57703
3,5,9,Male,RNAi,1.142857143,C,57703
3,4,9,Male,RNAi,3.714285714,C,57703
3,2,9,Male,RNAi,2.571428571,C,57703
3,1,9,Male,RNAi,2.571428571,C,57703
3,3,9,Male,RNAi,1.142857143,C,57703
3,5,10,Female,RNAi,2,C,57703
3,1,10,Female,RNAi,0.857142857,C,57703
3,2,10,Female,RNAi,0.571428571,C,57703
3,4,10,Female,RNAi,2.571428571,C,57703
3,3,10,Female,RNAi,1.142857143,C,57703
3,5,11,Male,Control,2,C,57703
3,2,11,Male,Control,1.428571429,C,57703
3,1,11,Male,Control,1.142857143,C,57703
3,3,11,Male,Control,2,C,57703
3,4,11,Male,Control,2.571428571,C,57703
3,3,12,Female,Control,3.142857143,C,57703
3,2,12,Female,Control,8,C,57703
3,5,12,Female,Control,6,C,57703
3,4,12,Female,Control,6,C,57703
3,1,12,Female,Control,4.285714286,C,57703
3,3,13,Female,RNAi,1.12244898,C,57703
3,5,13,Female,RNAi,1.775510204,C,57703
3,4,13,Female,RNAi,1.12244898,C,57703
3,2,13,Female,RNAi,0.469387755,C,57703
3,1,13,Female,RNAi,1.12244898,C,57703
3,5,14,Male,Control,1.428571429,C,57703
3,1,14,Male,Control,1.142857143,C,57703
3,3,14,Male,Control,0.857142857,C,57703
3,2,14,Male,Control,1.714285714,C,57703
3,4,14,Male,Control,1.142857143,C,57703
3,1,15,Female,Control,2,C,57703
3,5,15,Female,Control,6,C,57703
3,2,15,Female,Control,0.857142857,C,57703
3,3,15,Female,Control,1.428571429,C,57703
3,4,15,Female,Control,1.714285714,C,57703
3,1,16,Male,RNAi,2,C,57703
3,3,16,Male,RNAi,2,C,57703
3,2,16,Male,RNAi,1.142857143,C,57703
3,5,16,Male,RNAi,1.428571429,C,57703
3,4,16,Male,RNAi,1.714285714,C,57703
3,4,17,Male,Control,1.142857143,C,57703
3,3,17,Male,Control,2,C,57703
3,1,17,Male,Control,0.571428571,C,57703
3,5,17,Male,Control,3.714285714,C,57703
3,2,17,Male,Control,0.857142857,C,57703
3,4,18,Male,RNAi,4.285714286,C,57703
3,5,18,Male,RNAi,2,C,57703
3,1,18,Male,RNAi,1.428571429,C,57703
3,3,18,Male,RNAi,2.571428571,C,57703
3,2,18,Male,RNAi,3.142857143,C,57703
3,4,19,Female,Control,1.142857143,C,57703
3,1,19,Female,Control,1.142857143,C,57703
3,5,19,Female,Control,1.428571429,C,57703
3,2,19,Female,Control,6,C,57703
3,3,19,Female,Control,2,C,57703
3,2,20,Female,RNAi,1.142857143,C,57703
3,1,20,Female,RNAi,0.571428571,C,57703
3,4,20,Female,RNAi,1.714285714,C,57703
3,3,20,Female,RNAi,2,C,57703
3,5,20,Female,RNAi,1.714285714,C,57703
3,2,21,Male,RNAi,1.142857143,C,57703
3,4,21,Male,RNAi,0.571428571,C,57703
3,3,21,Male,RNAi,3.714285714,C,57703
3,1,21,Male,RNAi,1.142857143,C,57703
3,5,21,Male,RNAi,2.857142857,C,57703
3,4,22,Male,Control,4.285714286,C,57703
3,5,22,Male,Control,3.142857143,C,57703
3,2,22,Male,Control,4.571428571,C,57703
3,1,22,Male,Control,2.857142857,C,57703
3,3,22,Male,Control,1.714285714,C,57703
3,5,23,Female,RNAi,1.142857143,C,57703
3,4,23,Female,RNAi,0.571428571,C,57703
3,1,23,Female,RNAi,0.571428571,C,57703
3,2,23,Female,RNAi,1.142857143,C,57703
3,3,23,Female,RNAi,0.857142857,C,57703
3,5,24,Female,Control,1.714285714,C,57703
3,2,24,Female,Control,0.571428571,C,57703
3,1,24,Female,Control,2.571428571,C,57703
3,4,24,Female,Control,0.857142857,C,57703
3,3,24,Female,Control,2,C,57703
3,3,25,Female,Control,2,C,57703
3,2,25,Female,Control,2,C,57703
3,5,25,Female,Control,2.857142857,C,57703
3,4,25,Female,Control,2,C,57703
3,1,25,Female,Control,1.142857143,C,57703
3,3,26,Male,RNAi,1.428571429,C,57703
3,4,26,Male,RNAi,1.428571429,C,57703
3,5,26,Male,RNAi,1.142857143,C,57703
3,2,26,Male,RNAi,1.142857143,C,57703
3,1,26,Male,RNAi,1.428571429,C,57703
3,3,27,Male,Control,1.448979592,C,57703
3,5,27,Male,Control,3.408163265,C,57703
3,4,27,Male,Control,1.12244898,C,57703
3,1,27,Male,Control,1.12244898,C,57703
3,2,27,Male,Control,5.040816327,C,57703
3,1,28,Female,RNAi,1.448979592,C,57703
3,5,28,Female,RNAi,1.12244898,C,57703
3,3,28,Female,RNAi,1.12244898,C,57703
3,2,28,Female,RNAi,1.12244898,C,57703
3,4,28,Female,RNAi,1.448979592,C,57703
3,1,29,Female,Control,1.428571429,C,57703
3,3,29,Female,Control,2,C,57703
3,2,29,Female,Control,2.857142857,C,57703
3,5,29,Female,Control,1.428571429,C,57703
3,4,29,Female,Control,3.142857143,C,57703
3,3,30,Female,RNAi,0.795918367,C,57703
3,4,30,Female,RNAi,0.469387755,C,57703
3,1,30,Female,RNAi,0.795918367,C,57703
3,5,30,Female,RNAi,1.448979592,C,57703
3,2,30,Female,RNAi,0.469387755,C,57703
3,4,31,Male,Control,2,C,57703
3,3,31,Male,Control,1.428571429,C,57703
3,5,31,Male,Control,2.571428571,C,57703
3,1,31,Male,Control,2,C,57703
3,2,31,Male,Control,1.714285714,C,57703
3,4,32,Male,RNAi,1.714285714,C,57703
3,1,32,Male,RNAi,1.714285714,C,57703
3,5,32,Male,RNAi,1.142857143,C,57703
3,3,32,Male,RNAi,1.142857143,C,57703
3,2,32,Male,RNAi,1.714285714,C,57703
3,2,33,Female,RNAi,1.448979592,C,57703
3,1,33,Female,RNAi,2.102040816,C,57703
3,4,33,Female,RNAi,0.469387755,C,57703
3,3,33,Female,RNAi,0.469387755,C,57703
3,5,33,Female,RNAi,0.795918367,C,57703
3,2,34,Male,Control,0.857142857,C,57703
3,3,34,Male,Control,1.142857143,C,57703
3,4,34,Male,Control,2.571428571,C,57703
3,1,34,Male,Control,0.857142857,C,57703
3,5,34,Male,Control,0.857142857,C,57703
3,2,35,Male,RNAi,1.428571429,C,57703
3,4,35,Male,RNAi,3.142857143,C,57703
3,3,35,Male,RNAi,1.428571429,C,57703
3,5,35,Male,RNAi,2,C,57703
3,1,35,Male,RNAi,1.142857143,C,57703
3,5,36,Female,Control,1.428571429,C,57703
3,4,36,Female,Control,2.285714286,C,57703
3,2,36,Female,Control,2.571428571,C,57703
3,1,36,Female,Control,1.714285714,C,57703
3,3,36,Female,Control,3.714285714,C,57703
3,5,37,Female,Control,1.714285714,C,57703
3,2,37,Female,Control,1.142857143,C,57703
3,1,37,Female,Control,1.142857143,C,57703
3,4,37,Female,Control,2.571428571,C,57703
3,3,37,Female,Control,1.142857143,C,57703
3,2,38,Male,Control,1.428571429,C,57703
3,3,38,Male,Control,0.571428571,C,57703
3,5,38,Male,Control,1.428571429,C,57703
3,4,38,Male,Control,2,C,57703
3,1,38,Male,Control,1.428571429,C,57703
3,3,39,Male,RNAi,2,C,57703
3,2,39,Male,RNAi,1.428571429,C,57703
3,4,39,Male,RNAi,2,C,57703
3,5,39,Male,RNAi,1.142857143,C,57703
3,1,39,Male,RNAi,2.857142857,C,57703
3,3,40,Female,RNAi,1.12244898,C,57703
3,5,40,Female,RNAi,1.448979592,C,57703
3,4,40,Female,RNAi,1.448979592,C,57703
3,2,40,Female,RNAi,2.102040816,C,57703
3,1,40,Female,RNAi,2.428571429,C,57703
3,1,41,Male,RNAi,3.142857143,C,57703
3,5,41,Male,RNAi,2.857142857,C,57703
3,3,41,Male,RNAi,1.142857143,C,57703
3,2,41,Male,RNAi,2,C,57703
3,4,41,Male,RNAi,1.142857143,C,57703
3,1,42,Female,RNAi,2.102040816,C,57703
3,2,42,Female,RNAi,1.448979592,C,57703
3,3,42,Female,RNAi,2.102040816,C,57703
3,5,42,Female,RNAi,1.448979592,C,57703
3,4,42,Female,RNAi,1.448979592,C,57703
3,1,43,Male,Control,2.571428571,C,57703
3,3,43,Male,Control,1.142857143,C,57703
3,2,43,Male,Control,1.714285714,C,57703
3,4,43,Male,Control,2.571428571,C,57703
3,5,43,Male,Control,1.714285714,C,57703
3,4,44,Female,Control,8,C,57703
3,3,44,Female,Control,4.285714286,C,57703
3,1,44,Female,Control,1.142857143,C,57703
3,5,44,Female,Control,6,C,57703
3,2,44,Female,Control,1.428571429,C,57703
3,4,45,Female,RNAi,1.12244898,C,57703
3,1,45,Female,RNAi,1.12244898,C,57703
3,5,45,Female,RNAi,1.12244898,C,57703
3,3,45,Female,RNAi,0.795918367,C,57703
3,2,45,Female,RNAi,0.795918367,C,57703
3,1,46,Male,Control,1.142857143,C,57703
3,2,46,Male,Control,4.285714286,C,57703
3,4,46,Male,Control,2.857142857,C,57703
3,3,46,Male,Control,2.857142857,C,57703
3,5,46,Male,Control,2.571428571,C,57703
3,2,47,Male,RNAi,2,C,57703
3,1,47,Male,RNAi,2.285714286,C,57703
3,3,47,Male,RNAi,2,C,57703
3,4,47,Male,RNAi,1.428571429,C,57703
3,5,47,Male,RNAi,1.714285714,C,57703
3,2,48,Female,Control,0.795918367,C,57703
3,4,48,Female,Control,1.12244898,C,57703
3,3,48,Female,Control,1.448979592,C,57703
3,1,48,Female,Control,1.775510204,C,57703
3,5,48,Female,Control,2.428571429,C,57703
1,1,1,Female,Control,1.714285714,D,57703
1,5,1,Female,Control,6,D,57703
1,4,1,Female,Control,8,D,57703
1,3,1,Female,Control,2,D,57703
1,2,1,Female,Control,0.857142857,D,57703
1,1,3,Male,Control,1.714285714,D,57703
1,5,3,Male,Control,1.142857143,D,57703
1,4,3,Male,Control,1.428571429,D,57703
1,3,3,Male,Control,2.857142857,D,57703
1,2,3,Male,Control,0.857142857,D,57703
1,1,4,Female,RNAi,1.142857143,D,57703
1,4,4,Female,RNAi,1.428571429,D,57703
1,2,4,Female,RNAi,1.142857143,D,57703
1,5,4,Female,RNAi,1.714285714,D,57703
1,3,4,Female,RNAi,2,D,57703
1,1,5,Female,Control,0.857142857,D,57703
1,4,5,Female,Control,4.285714286,D,57703
1,2,5,Female,Control,1.428571429,D,57703
1,5,5,Female,Control,8,D,57703
1,3,5,Female,Control,0.571428571,D,57703
1,1,7,Male,Control,6,D,57703
1,2,7,Male,Control,2,D,57703
1,3,7,Male,Control,2.857142857,D,57703
1,5,7,Male,Control,4.285714286,D,57703
1,4,7,Male,Control,4.571428571,D,57703
1,1,8,Male,RNAi,1.448979592,D,57703
1,2,8,Male,RNAi,0.469387755,D,57703
1,3,8,Male,RNAi,1.12244898,D,57703
1,5,8,Male,RNAi,1.12244898,D,57703
1,4,8,Male,RNAi,2.102040816,D,57703
1,2,9,Female,Control,2.857142857,D,57703
1,1,9,Female,Control,6,D,57703
1,3,9,Female,Control,6,D,57703
1,4,9,Female,Control,8,D,57703
1,5,9,Female,Control,8,D,57703
1,1,10,Male,Control,1.142857143,D,57703
1,3,10,Male,Control,1.142857143,D,57703
1,2,10,Male,Control,1.428571429,D,57703
1,4,10,Male,Control,1.142857143,D,57703
1,5,10,Male,Control,1.428571429,D,57703
1,1,11,Female,RNAi,0.857142857,D,57703
1,2,11,Female,RNAi,0.857142857,D,57703
1,4,11,Female,RNAi,1.142857143,D,57703
1,3,11,Female,RNAi,1.428571429,D,57703
1,5,11,Female,RNAi,1.714285714,D,57703
1,5,13,Male,Control,1.142857143,D,57703
1,2,13,Male,Control,1.142857143,D,57703
1,1,13,Male,Control,3.142857143,D,57703
1,3,13,Male,Control,0.571428571,D,57703
1,4,13,Male,Control,0.571428571,D,57703
1,1,14,Female,RNAi,1.142857143,D,57703
1,3,14,Female,RNAi,1.428571429,D,57703
1,2,14,Female,RNAi,1.142857143,D,57703
1,4,14,Female,RNAi,2.285714286,D,57703
1,5,14,Female,RNAi,1.142857143,D,57703
1,1,15,Male,RNAi,2.102040816,D,57703
1,2,15,Male,RNAi,1.448979592,D,57703
1,4,15,Male,RNAi,1.448979592,D,57703
1,3,15,Male,RNAi,1.12244898,D,57703
1,5,15,Male,RNAi,1.12244898,D,57703
1,2,16,Female,Control,1.714285714,D,57703
1,5,16,Female,Control,2.857142857,D,57703
1,3,16,Female,Control,0.285714286,D,57703
1,1,16,Female,Control,1.714285714,D,57703
1,4,16,Female,Control,0.285714286,D,57703
1,1,17,Male,Control,1.142857143,D,57703
1,3,17,Male,Control,2.857142857,D,57703
1,2,17,Male,Control,1.714285714,D,57703
1,4,17,Male,Control,4.285714286,D,57703
1,5,17,Male,Control,4.285714286,D,57703
1,1,18,Female,RNAi,0.857142857,D,57703
1,2,18,Female,RNAi,1.142857143,D,57703
1,4,18,Female,RNAi,1.428571429,D,57703
1,3,18,Female,RNAi,1.428571429,D,57703
1,5,18,Female,RNAi,1.714285714,D,57703
1,2,19,Female,Control,2,D,57703
1,3,19,Female,Control,3.142857143,D,57703
1,5,19,Female,Control,8,D,57703
1,4,19,Female,Control,2.571428571,D,57703
1,1,19,Female,Control,2,D,57703
1,1,21,Female,Control,1.714285714,D,57703
1,3,21,Female,Control,4.285714286,D,57703
1,2,21,Female,Control,0.571428571,D,57703
1,4,21,Female,Control,6,D,57703
1,5,21,Female,Control,2.857142857,D,57703
1,1,22,Male,Control,2.571428571,D,57703
1,2,22,Male,Control,2.571428571,D,57703
1,4,22,Male,Control,0.857142857,D,57703
1,3,22,Male,Control,0.571428571,D,57703
1,5,22,Male,Control,2.857142857,D,57703
1,1,23,Female,RNAi,0.857142857,D,57703
1,2,23,Female,RNAi,1.714285714,D,57703
1,3,23,Female,RNAi,1.142857143,D,57703
1,5,23,Female,RNAi,3.142857143,D,57703
1,4,23,Female,RNAi,3.142857143,D,57703
1,2,25,Male,Control,2,D,57703
1,1,25,Male,Control,1.714285714,D,57703
1,3,25,Male,Control,1.714285714,D,57703
1,4,25,Male,Control,1.714285714,D,57703
1,5,25,Male,Control,1.142857143,D,57703
1,1,26,Male,RNAi,0.795918367,D,57703
1,3,26,Male,RNAi,1.12244898,D,57703
1,2,26,Male,RNAi,0.469387755,D,57703
1,4,26,Male,RNAi,1.12244898,D,57703
1,5,26,Male,RNAi,1.448979592,D,57703
1,1,27,Female,RNAi,1.12244898,D,57703
1,2,27,Female,RNAi,1.448979592,D,57703
1,4,27,Female,RNAi,2.428571429,D,57703
1,3,27,Female,RNAi,2.428571429,D,57703
1,5,27,Female,RNAi,0.795918367,D,57703
1,5,28,Female,Control,6,D,57703
1,2,28,Female,Control,4.285714286,D,57703
1,1,28,Female,Control,6,D,57703
1,3,28,Female,Control,4.285714286,D,57703
1,4,28,Female,Control,6,D,57703
1,1,29,Female,Control,3.734693878,D,57703
1,3,29,Female,Control,0.469387755,D,57703
1,2,29,Female,Control,3.408163265,D,57703
1,4,29,Female,Control,1.12244898,D,57703
1,5,29,Female,Control,0.795918367,D,57703
1,1,31,Male,Control,1.428571429,D,57703
1,2,31,Male,Control,0.857142857,D,57703
1,4,31,Male,Control,0.571428571,D,57703
1,3,31,Male,Control,1.142857143,D,57703
1,5,31,Male,Control,1.142857143,D,57703
1,2,32,Male,RNAi,6,D,57703
1,5,32,Male,RNAi,2,D,57703
1,3,32,Male,RNAi,8,D,57703
1,1,32,Male,RNAi,3.714285714,D,57703
1,4,32,Male,RNAi,2,D,57703
1,1,33,Female,RNAi,1.448979592,D,57703
1,3,33,Female,RNAi,1.448979592,D,57703
1,2,33,Female,RNAi,1.448979592,D,57703
1,4,33,Female,RNAi,1.448979592,D,57703
1,5,33,Female,RNAi,1.448979592,D,57703
1,1,35,Female,Control,0.857142857,D,57703
1,2,35,Female,Control,4.571428571,D,57703
1,4,35,Female,Control,4.571428571,D,57703
1,3,35,Female,Control,3.142857143,D,57703
1,5,35,Female,Control,6,D,57703
1,2,36,Male,Control,1.142857143,D,57703
1,3,36,Male,Control,2.285714286,D,57703
1,5,36,Male,Control,6,D,57703
1,4,36,Male,Control,2,D,57703
1,1,36,Male,Control,3.142857143,D,57703
1,1,38,Male,RNAi,0.857142857,D,57703
1,3,38,Male,RNAi,1.142857143,D,57703
1,2,38,Male,RNAi,2,D,57703
1,4,38,Male,RNAi,2,D,57703
1,5,38,Male,RNAi,1.142857143,D,57703
1,1,39,Female,Control,6,D,57703
1,2,39,Female,Control,3.142857143,D,57703
1,4,39,Female,Control,4.285714286,D,57703
1,3,39,Female,Control,8,D,57703
1,5,39,Female,Control,8,D,57703
1,1,40,Male,Control,0.857142857,D,57703
1,2,40,Male,Control,2,D,57703
1,3,40,Male,Control,1.714285714,D,57703
1,5,40,Male,Control,2,D,57703
1,4,40,Male,Control,2.571428571,D,57703
1,2,41,Male,Control,0.857142857,D,57703
1,1,41,Male,Control,1.714285714,D,57703
1,3,41,Male,Control,1.428571429,D,57703
1,4,41,Male,Control,2,D,57703
1,5,41,Male,Control,2,D,57703
1,2,43,Female,RNAi,1.428571429,D,57703
1,1,43,Female,RNAi,1.142857143,D,57703
1,3,43,Female,RNAi,1.428571429,D,57703
1,4,43,Female,RNAi,0.857142857,D,57703
1,5,43,Female,RNAi,1.428571429,D,57703
1,3,44,Female,Control,6,D,57703
1,1,44,Female,Control,4.285714286,D,57703
1,4,44,Female,Control,4.285714286,D,57703
1,2,44,Female,Control,1.428571429,D,57703
1,5,44,Female,Control,8,D,57703
1,3,46,Male,RNAi,2,D,57703
1,1,46,Male,RNAi,0.571428571,D,57703
1,4,46,Male,RNAi,0.857142857,D,57703
1,2,46,Male,RNAi,0.571428571,D,57703
1,5,46,Male,RNAi,2,D,57703
1,4,47,Female,RNAi,1.714285714,D,57703
1,3,47,Female,RNAi,2.571428571,D,57703
1,2,47,Female,RNAi,2.571428571,D,57703
1,1,47,Female,RNAi,2,D,57703
1,5,47,Female,RNAi,1.142857143,D,57703
1,4,48,Female,Control,3.714285714,D,57703
1,3,48,Female,Control,1.142857143,D,57703
1,2,48,Female,Control,1.142857143,D,57703
1,1,48,Female,Control,0.571428571,D,57703
1,5,48,Female,Control,1.428571429,D,57703
2,1,1,Female,RNAi,1.714285714,D,57703
2,4,1,Female,RNAi,1.142857143,D,57703
2,3,1,Female,RNAi,1.428571429,D,57703
2,5,1,Female,RNAi,1.142857143,D,57703
2,2,1,Female,RNAi,1.428571429,D,57703
2,1,2,Male,Control,1.428571429,D,57703
2,3,2,Male,Control,1.142857143,D,57703
2,5,2,Male,Control,2.285714286,D,57703
2,2,2,Male,Control,0.857142857,D,57703
2,4,2,Male,Control,2,D,57703
2,1,3,Female,Control,1.428571429,D,57703
2,2,3,Female,Control,2.285714286,D,57703
2,4,3,Female,Control,1.142857143,D,57703
2,3,3,Female,Control,4.285714286,D,57703
2,5,3,Female,Control,4.285714286,D,57703
2,1,4,Male,RNAi,1.448979592,D,57703
2,5,4,Male,RNAi,1.448979592,D,57703
2,3,4,Male,RNAi,1.448979592,D,57703
2,2,4,Male,RNAi,1.448979592,D,57703
2,4,4,Male,RNAi,1.448979592,D,57703
2,5,5,Male,RNAi,1.142857143,D,57703
2,1,5,Male,RNAi,0.857142857,D,57703
2,3,5,Male,RNAi,0.857142857,D,57703
2,2,5,Male,RNAi,1.142857143,D,57703
2,4,5,Male,RNAi,1.428571429,D,57703
2,1,6,Male,Control,1.714285714,D,57703
2,2,6,Male,Control,1.714285714,D,57703
2,3,6,Male,Control,0.857142857,D,57703
2,4,6,Male,Control,2.857142857,D,57703
2,5,6,Male,Control,2,D,57703
2,1,7,Female,RNAi,1.12244898,D,57703
2,3,7,Female,RNAi,0.795918367,D,57703
2,2,7,Female,RNAi,0.795918367,D,57703
2,4,7,Female,RNAi,1.448979592,D,57703
2,5,7,Female,RNAi,1.448979592,D,57703
2,2,8,Female,Control,1.714285714,D,57703
2,3,8,Female,Control,1.428571429,D,57703
2,4,8,Female,Control,1.142857143,D,57703
2,1,8,Female,Control,2,D,57703
2,5,8,Female,Control,1.714285714,D,57703
2,3,9,Male,Control,0.857142857,D,57703
2,4,9,Male,Control,0.571428571,D,57703
2,1,9,Male,Control,0.857142857,D,57703
2,5,9,Male,Control,0.857142857,D,57703
2,2,9,Male,Control,1.142857143,D,57703
2,3,10,Female,RNAi,1.714285714,D,57703
2,2,10,Female,RNAi,0.571428571,D,57703
2,1,10,Female,RNAi,0.857142857,D,57703
2,4,10,Female,RNAi,1.714285714,D,57703
2,5,10,Female,RNAi,1.714285714,D,57703
2,4,12,Male,RNAi,1.142857143,D,57703
2,1,12,Male,RNAi,0.857142857,D,57703
2,3,12,Male,RNAi,0.571428571,D,57703
2,2,12,Male,RNAi,0.571428571,D,57703
2,5,12,Male,RNAi,1.428571429,D,57703
2,4,13,Male,Control,0.571428571,D,57703
2,1,13,Male,Control,0.571428571,D,57703
2,3,13,Male,Control,1.714285714,D,57703
2,5,13,Male,Control,1.428571429,D,57703
2,2,13,Male,Control,2.571428571,D,57703
2,4,14,Male,RNAi,1.714285714,D,57703
2,1,14,Male,RNAi,0.857142857,D,57703
2,3,14,Male,RNAi,0.285714286,D,57703
2,5,14,Male,RNAi,1.428571429,D,57703
2,2,14,Male,RNAi,0.285714286,D,57703
2,4,16,Female,Control,4.571428571,D,57703
2,1,16,Female,Control,3.142857143,D,57703
2,3,16,Female,Control,6,D,57703
2,5,16,Female,Control,3.142857143,D,57703
2,2,16,Female,Control,6,D,57703
2,1,17,Male,RNAi,1.142857143,D,57703
2,4,17,Male,RNAi,2.571428571,D,57703
2,3,17,Male,RNAi,2,D,57703
2,5,17,Male,RNAi,2.285714286,D,57703
2,2,17,Male,RNAi,0.571428571,D,57703
2,1,18,Male,Control,2.571428571,D,57703
2,2,18,Male,Control,2.571428571,D,57703
2,5,18,Male,Control,1.428571429,D,57703
2,4,18,Male,Control,1.142857143,D,57703
2,3,18,Male,Control,1.428571429,D,57703
2,4,19,Female,Control,4.285714286,D,57703
2,1,19,Female,Control,2.857142857,D,57703
2,5,19,Female,Control,3.142857143,D,57703
2,2,19,Female,Control,2.857142857,D,57703
2,3,19,Female,Control,1.142857143,D,57703
2,1,20,Female,RNAi,1.428571429,D,57703
2,5,20,Female,RNAi,1.428571429,D,57703
2,2,20,Female,RNAi,2,D,57703
2,3,20,Female,RNAi,2,D,57703
2,4,20,Female,RNAi,1.428571429,D,57703
2,1,21,Male,Control,0.857142857,D,57703
2,2,21,Male,Control,0.857142857,D,57703
2,4,21,Male,Control,2.857142857,D,57703
2,3,21,Male,Control,2.285714286,D,57703
2,5,21,Male,Control,1.714285714,D,57703
2,1,22,Male,RNAi,1.714285714,D,57703
2,2,22,Male,RNAi,0.857142857,D,57703
2,3,22,Male,RNAi,1.142857143,D,57703
2,4,22,Male,RNAi,2.285714286,D,57703
2,5,22,Male,RNAi,1.714285714,D,57703
2,2,23,Female,RNAi,2,D,57703
2,4,23,Female,RNAi,2,D,57703
2,3,23,Female,RNAi,2,D,57703
2,5,23,Female,RNAi,1.714285714,D,57703
2,1,23,Female,RNAi,1.142857143,D,57703
2,2,24,Female,Control,6,D,57703
2,4,24,Female,Control,6,D,57703
2,3,24,Female,Control,4.285714286,D,57703
2,1,24,Female,Control,8,D,57703
2,5,24,Female,Control,4.285714286,D,57703
2,1,25,Female,RNAi,2.428571429,D,57703
2,3,25,Female,RNAi,1.448979592,D,57703
2,2,25,Female,RNAi,2.102040816,D,57703
2,4,25,Female,RNAi,1.448979592,D,57703
2,5,25,Female,RNAi,0.795918367,D,57703
2,2,26,Male,Control,1.428571429,D,57703
2,4,26,Male,Control,0.571428571,D,57703
2,1,26,Male,Control,0.857142857,D,57703
2,3,26,Male,Control,2,D,57703
2,5,26,Male,Control,2.285714286,D,57703
2,4,28,Female,Control,6,D,57703
2,1,28,Female,Control,1.714285714,D,57703
2,3,28,Female,Control,2.857142857,D,57703
2,2,28,Female,Control,4.285714286,D,57703
2,5,28,Female,Control,4.285714286,D,57703
3,1,1,Male,Control,2,D,57703
3,2,1,Male,Control,2.571428571,D,57703
3,3,1,Male,Control,2.857142857,D,57703
3,4,1,Male,Control,1.428571429,D,57703
3,5,1,Male,Control,1.142857143,D,57703
3,1,2,Female,RNAi,1.714285714,D,57703
3,2,2,Female,RNAi,1.142857143,D,57703
3,3,2,Female,RNAi,2,D,57703
3,4,2,Female,RNAi,1.142857143,D,57703
3,5,2,Female,RNAi,1.142857143,D,57703
3,5,3,Male,RNAi,0.469387755,D,57703
3,1,3,Male,RNAi,1.12244898,D,57703
3,2,3,Male,RNAi,0.795918367,D,57703
3,3,3,Male,RNAi,1.12244898,D,57703
3,4,3,Male,RNAi,1.12244898,D,57703
3,1,4,Female,Control,8,D,57703
3,2,4,Female,Control,4.285714286,D,57703
3,3,4,Female,Control,4.285714286,D,57703
3,4,4,Female,Control,6,D,57703
3,5,4,Female,Control,3.142857143,D,57703
3,5,6,Female,Control,4.285714286,D,57703
3,1,6,Female,Control,1.428571429,D,57703
3,4,6,Female,Control,6,D,57703
3,2,6,Female,Control,3.142857143,D,57703
3,3,6,Female,Control,3.142857143,D,57703
3,5,7,Male,RNAi,1.428571429,D,57703
3,2,7,Male,RNAi,2.857142857,D,57703
3,1,7,Male,RNAi,1.428571429,D,57703
3,4,7,Male,RNAi,0.857142857,D,57703
3,3,7,Male,RNAi,1.428571429,D,57703
3,4,8,Female,RNAi,1.714285714,D,57703
3,5,8,Female,RNAi,1.714285714,D,57703
3,3,8,Female,RNAi,0.571428571,D,57703
3,1,8,Female,RNAi,0.571428571,D,57703
3,2,8,Female,RNAi,1.142857143,D,57703
3,4,9,Male,Control,0.285714286,D,57703
3,5,9,Male,Control,1.428571429,D,57703
3,3,9,Male,Control,0.857142857,D,57703
3,1,9,Male,Control,2,D,57703
3,2,9,Male,Control,0.571428571,D,57703
3,4,10,Female,Control,8,D,57703
3,5,10,Female,Control,3.142857143,D,57703
3,3,10,Female,Control,4.285714286,D,57703
3,1,10,Female,Control,2,D,57703
3,2,10,Female,Control,4.285714286,D,57703
3,3,11,Male,RNAi,0.795918367,D,57703
3,2,11,Male,RNAi,1.775510204,D,57703
3,5,11,Male,RNAi,2.102040816,D,57703
3,4,11,Male,RNAi,1.448979592,D,57703
3,1,11,Male,RNAi,1.12244898,D,57703
3,3,12,Female,RNAi,2,D,57703
3,4,12,Female,RNAi,1.714285714,D,57703
3,2,12,Female,RNAi,0.857142857,D,57703
3,5,12,Female,RNAi,1.428571429,D,57703
3,1,12,Female,RNAi,0.857142857,D,57703
3,1,13,Female,Control,1.428571429,D,57703
3,2,13,Female,Control,1.714285714,D,57703
3,3,13,Female,Control,1.714285714,D,57703
3,4,13,Female,Control,1.142857143,D,57703
3,5,13,Female,Control,0.285714286,D,57703
3,2,14,Male,RNAi,1.428571429,D,57703
3,3,14,Male,RNAi,0.857142857,D,57703
3,4,14,Male,RNAi,2.571428571,D,57703
3,5,14,Male,RNAi,1.428571429,D,57703
3,1,14,Male,RNAi,2,D,57703
3,1,15,Female,RNAi,0.857142857,D,57703
3,2,15,Female,RNAi,1.142857143,D,57703
3,3,15,Female,RNAi,1.714285714,D,57703
3,4,15,Female,RNAi,1.714285714,D,57703
3,5,15,Female,RNAi,1.428571429,D,57703
3,1,16,Male,Control,1.142857143,D,57703
3,2,16,Male,Control,1.142857143,D,57703
3,3,16,Male,Control,1.142857143,D,57703
3,4,16,Male,Control,2.571428571,D,57703
3,5,16,Male,Control,1.142857143,D,57703
1,1,1,Female,Control,1.714285714,E,33952
1,5,1,Female,Control,2.571428571,E,33952
1,3,1,Female,Control,3.142857143,E,33952
1,2,1,Female,Control,3.714285714,E,33952
1,4,1,Female,Control,2.571428571,E,33952
1,1,2,Female,RNAi,6,E,33952
1,2,2,Female,RNAi,4.285714286,E,33952
1,3,2,Female,RNAi,4.285714286,E,33952
1,5,2,Female,RNAi,4.285714286,E,33952
1,4,2,Female,RNAi,2.571428571,E,33952
1,1,3,Male,Control,0.857142857,E,33952
1,3,3,Male,Control,2,E,33952
1,2,3,Male,Control,2.857142857,E,33952
1,4,3,Male,Control,2.571428571,E,33952
1,5,3,Male,Control,2.571428571,E,33952
1,4,4,Male,RNAi,3.142857143,E,33952
1,3,4,Male,RNAi,3.142857143,E,33952
1,1,4,Male,RNAi,2.285714286,E,33952
1,5,4,Male,RNAi,6,E,33952
1,2,4,Male,RNAi,3.714285714,E,33952
1,4,5,Male,Control,3.714285714,E,33952
1,1,5,Male,Control,2.571428571,E,33952
1,5,5,Male,Control,4.285714286,E,33952
1,3,5,Male,Control,3.142857143,E,33952
1,2,5,Male,Control,2,E,33952
1,1,6,Female,Control,3.142857143,E,33952
1,2,6,Female,Control,0.571428571,E,33952
1,4,6,Female,Control,3.142857143,E,33952
1,3,6,Female,Control,2.571428571,E,33952
1,5,6,Female,Control,6,E,33952
1,2,7,Female,RNAi,2,E,33952
1,1,7,Female,RNAi,3.142857143,E,33952
1,3,7,Female,RNAi,2,E,33952
1,4,7,Female,RNAi,2,E,33952
1,5,7,Female,RNAi,1.428571429,E,33952
1,2,8,Male,RNAi,1.142857143,E,33952
1,4,8,Male,RNAi,3.142857143,E,33952
1,3,8,Male,RNAi,3.142857143,E,33952
1,1,8,Male,RNAi,4.285714286,E,33952
1,5,8,Male,RNAi,4.571428571,E,33952
1,5,9,Male,Control,2,E,33952
1,4,9,Male,Control,1.428571429,E,33952
1,2,9,Male,Control,1.142857143,E,33952
1,1,9,Male,Control,0.571428571,E,33952
1,3,9,Male,Control,1.142857143,E,33952
1,5,10,Female,Control,8,E,33952
1,1,10,Female,Control,2,E,33952
1,2,10,Female,Control,3.142857143,E,33952
1,4,10,Female,Control,8,E,33952
1,3,10,Female,Control,8,E,33952
1,5,11,Male,RNAi,0.857142857,E,33952
1,2,11,Male,RNAi,1.142857143,E,33952
1,1,11,Male,RNAi,1.714285714,E,33952
1,3,11,Male,RNAi,1.428571429,E,33952
1,4,11,Male,RNAi,0.857142857,E,33952
1,3,12,Female,RNAi,6,E,33952
1,2,12,Female,RNAi,4.285714286,E,33952
1,5,12,Female,RNAi,6,E,33952
1,4,12,Female,RNAi,4.285714286,E,33952
1,1,12,Female,RNAi,4.285714286,E,33952
1,3,13,Female,RNAi,3.142857143,E,33952
1,5,13,Female,RNAi,4.571428571,E,33952
1,4,13,Female,RNAi,8,E,33952
1,2,13,Female,RNAi,1.142857143,E,33952
1,1,13,Female,RNAi,1.714285714,E,33952
1,5,14,Male,RNAi,0.571428571,E,33952
1,1,14,Male,RNAi,0.571428571,E,33952
1,3,14,Male,RNAi,2.571428571,E,33952
1,2,14,Male,RNAi,1.428571429,E,33952
1,4,14,Male,RNAi,1.428571429,E,33952
1,1,15,Male,Control,2,E,33952
1,5,15,Male,Control,0.571428571,E,33952
1,2,15,Male,Control,1.714285714,E,33952
1,3,15,Male,Control,0.571428571,E,33952
1,4,15,Male,Control,1.142857143,E,33952
1,1,16,Female,Control,2,E,33952
1,3,16,Female,Control,4.285714286,E,33952
1,2,16,Female,Control,0.857142857,E,33952
1,5,16,Female,Control,8,E,33952
1,4,16,Female,Control,6,E,33952
1,4,17,Male,RNAi,4.571428571,E,33952
1,3,17,Male,RNAi,3.142857143,E,33952
1,1,17,Male,RNAi,3.714285714,E,33952
1,5,17,Male,RNAi,1.428571429,E,33952
1,2,17,Male,RNAi,3.714285714,E,33952
1,4,18,Female,RNAi,8,E,33952
1,5,18,Female,RNAi,4.285714286,E,33952
1,1,18,Female,RNAi,1.714285714,E,33952
1,3,18,Female,RNAi,2.571428571,E,33952
1,2,18,Female,RNAi,0.857142857,E,33952
1,4,19,Male,Control,2.571428571,E,33952
1,1,19,Male,Control,2.285714286,E,33952
1,5,19,Male,Control,3.142857143,E,33952
1,2,19,Male,Control,2,E,33952
1,3,19,Male,Control,3.428571429,E,33952
1,2,20,Female,Control,4.285714286,E,33952
1,1,20,Female,Control,2.857142857,E,33952
1,4,20,Female,Control,6,E,33952
1,3,20,Female,Control,6,E,33952
1,5,20,Female,Control,6,E,33952
1,2,21,Male,RNAi,1.428571429,E,33952
1,4,21,Male,RNAi,2.857142857,E,33952
1,3,21,Male,RNAi,1.428571429,E,33952
1,1,21,Male,RNAi,1.428571429,E,33952
1,5,21,Male,RNAi,2.285714286,E,33952
1,4,22,Female,RNAi,6,E,33952
1,5,22,Female,RNAi,8,E,33952
1,2,22,Female,RNAi,8,E,33952
1,1,22,Female,RNAi,6,E,33952
1,3,22,Female,RNAi,4.285714286,E,33952
1,5,23,Male,Control,2.857142857,E,33952
1,4,23,Male,Control,0.857142857,E,33952
1,1,23,Male,Control,1.142857143,E,33952
1,2,23,Male,Control,2.857142857,E,33952
1,3,23,Male,Control,3.714285714,E,33952
1,5,24,Female,Control,8,E,33952
1,2,24,Female,Control,6,E,33952
1,1,24,Female,Control,4.285714286,E,33952
1,4,24,Female,Control,8,E,33952
1,3,24,Female,Control,6,E,33952
1,3,25,Female,Control,5.040816327,E,33952
1,2,25,Female,Control,5.040816327,E,33952
1,5,25,Female,Control,7,E,33952
1,4,25,Female,Control,7,E,33952
1,1,25,Female,Control,5.040816327,E,33952
1,3,26,Male,RNAi,2,E,33952
1,4,26,Male,RNAi,2.571428571,E,33952
1,5,26,Male,RNAi,2.571428571,E,33952
1,2,26,Male,RNAi,3.428571429,E,33952
1,1,26,Male,RNAi,4.285714286,E,33952
1,3,27,Male,Control,1.428571429,E,33952
1,5,27,Male,Control,2.285714286,E,33952
1,4,27,Male,Control,0.857142857,E,33952
1,1,27,Male,Control,1.142857143,E,33952
1,2,27,Male,Control,1.714285714,E,33952
1,1,28,Female,RNAi,3.142857143,E,33952
1,5,28,Female,RNAi,2.571428571,E,33952
1,3,28,Female,RNAi,1.714285714,E,33952
1,2,28,Female,RNAi,3.142857143,E,33952
1,4,28,Female,RNAi,2.857142857,E,33952
1,1,29,Female,Control,1.428571429,E,33952
1,3,29,Female,Control,1.142857143,E,33952
1,2,29,Female,Control,1.142857143,E,33952
1,5,29,Female,Control,4.571428571,E,33952
1,4,29,Female,Control,4.285714286,E,33952
1,3,30,Female,RNAi,4.285714286,E,33952
1,4,30,Female,RNAi,2,E,33952
1,1,30,Female,RNAi,4.285714286,E,33952
1,5,30,Female,RNAi,4.571428571,E,33952
1,2,30,Female,RNAi,4.285714286,E,33952
1,4,31,Male,Control,4.285714286,E,33952
1,3,31,Male,Control,2.571428571,E,33952
1,5,31,Male,Control,2.571428571,E,33952
1,1,31,Male,Control,1.428571429,E,33952
1,2,31,Male,Control,1.142857143,E,33952
1,4,32,Male,RNAi,2.857142857,E,33952
1,1,32,Male,RNAi,1.428571429,E,33952
1,5,32,Male,RNAi,3.142857143,E,33952
1,3,32,Male,RNAi,1.142857143,E,33952
1,2,32,Male,RNAi,1.428571429,E,33952
1,2,33,Male,Control,2,E,33952
1,1,33,Male,Control,4.285714286,E,33952
1,4,33,Male,Control,4.571428571,E,33952
1,3,33,Male,Control,3.142857143,E,33952
1,5,33,Male,Control,3.714285714,E,33952
1,2,34,Male,RNAi,1.142857143,E,33952
1,3,34,Male,RNAi,1.428571429,E,33952
1,4,34,Male,RNAi,0.857142857,E,33952
1,1,34,Male,RNAi,3.142857143,E,33952
1,5,34,Male,RNAi,2.571428571,E,33952
1,2,35,Female,Control,6,E,33952
1,4,35,Female,Control,2.857142857,E,33952
1,3,35,Female,Control,6,E,33952
1,5,35,Female,Control,6,E,33952
1,1,35,Female,Control,6,E,33952
1,5,36,Female,RNAi,2,E,33952
1,4,36,Female,RNAi,1.714285714,E,33952
1,2,36,Female,RNAi,1.142857143,E,33952
1,1,36,Female,RNAi,1.428571429,E,33952
1,3,36,Female,RNAi,1.428571429,E,33952
1,5,37,Male,Control,8,E,33952
1,2,37,Male,Control,4.285714286,E,33952
1,1,37,Male,Control,2,E,33952
1,4,37,Male,Control,4.571428571,E,33952
1,3,37,Male,Control,6,E,33952
1,2,38,Female,Control,3.142857143,E,33952
1,3,38,Female,Control,4.571428571,E,33952
1,5,38,Female,Control,4.285714286,E,33952
1,4,38,Female,Control,4.571428571,E,33952
1,1,38,Female,Control,2.857142857,E,33952
1,3,39,Male,RNAi,2,E,33952
1,2,39,Male,RNAi,3.142857143,E,33952
1,4,39,Male,RNAi,2,E,33952
1,5,39,Male,RNAi,2.571428571,E,33952
1,1,39,Male,RNAi,2.571428571,E,33952
1,3,40,Female,RNAi,6,E,33952
1,5,40,Female,RNAi,4.285714286,E,33952
1,4,40,Female,RNAi,6,E,33952
1,2,40,Female,RNAi,6,E,33952
1,1,40,Female,RNAi,6,E,33952
1,1,41,Female,RNAi,8,E,33952
1,5,41,Female,RNAi,8,E,33952
1,3,41,Female,RNAi,2,E,33952
1,2,41,Female,RNAi,8,E,33952
1,4,41,Female,RNAi,3.142857143,E,33952
1,1,42,Male,RNAi,2.285714286,E,33952
1,2,42,Male,RNAi,1.714285714,E,33952
1,3,42,Male,RNAi,2,E,33952
1,5,42,Male,RNAi,3.428571429,E,33952
1,4,42,Male,RNAi,6,E,33952
1,1,43,Male,Control,3.714285714,E,33952
1,3,43,Male,Control,6,E,33952
1,2,43,Male,Control,6,E,33952
1,4,43,Male,Control,8,E,33952
1,5,43,Male,Control,6,E,33952
1,4,44,Female,Control,8,E,33952
1,3,44,Female,Control,8,E,33952
1,1,44,Female,Control,8,E,33952
1,5,44,Female,Control,8,E,33952
1,2,44,Female,Control,6,E,33952
1,4,45,Male,Control,8,E,33952
1,1,45,Male,Control,2,E,33952
1,5,45,Male,Control,8,E,33952
1,3,45,Male,Control,4.285714286,E,33952
1,2,45,Male,Control,4.285714286,E,33952
1,1,46,Female,RNAi,3.142857143,E,33952
1,2,46,Female,RNAi,4.571428571,E,33952
1,4,46,Female,RNAi,6,E,33952
1,3,46,Female,RNAi,6,E,33952
1,5,46,Female,RNAi,4.571428571,E,33952
1,2,47,Female,Control,8,E,33952
1,1,47,Female,Control,4.285714286,E,33952
1,3,47,Female,Control,8,E,33952
1,4,47,Female,Control,8,E,33952
1,5,47,Female,Control,6,E,33952
1,2,48,Male,RNAi,2.857142857,E,33952
1,4,48,Male,RNAi,6,E,33952
1,3,48,Male,RNAi,1.714285714,E,33952
1,1,48,Male,RNAi,2.285714286,E,33952
1,5,48,Male,RNAi,3.714285714,E,33952
2,1,1,Female,Control,3.714285714,E,33952
2,3,1,Female,Control,3.428571429,E,33952
2,5,1,Female,Control,3.714285714,E,33952
2,2,1,Female,Control,0.571428571,E,33952
2,4,1,Female,Control,4.571428571,E,33952
2,4,2,Male,Control,1.714285714,E,33952
2,1,2,Male,Control,1.428571429,E,33952
2,5,2,Male,Control,2.571428571,E,33952
2,2,2,Male,Control,1.428571429,E,33952
2,3,2,Male,Control,2.571428571,E,33952
2,5,3,Female,RNAi,4.285714286,E,33952
2,4,3,Female,RNAi,8,E,33952
2,3,3,Female,RNAi,4.285714286,E,33952
2,2,3,Female,RNAi,2.571428571,E,33952
2,1,3,Female,RNAi,3.142857143,E,33952
2,5,4,Male,RNAi,0.285714286,E,33952
2,4,4,Male,RNAi,0.571428571,E,33952
2,3,4,Male,RNAi,1.714285714,E,33952
2,2,4,Male,RNAi,0.571428571,E,33952
2,1,4,Male,RNAi,0.857142857,E,33952
2,5,5,Female,RNAi,1.714285714,E,33952
2,4,5,Female,RNAi,2.571428571,E,33952
2,3,5,Female,RNAi,1.142857143,E,33952
2,2,5,Female,RNAi,2.857142857,E,33952
2,1,5,Female,RNAi,1.428571429,E,33952
2,3,6,Male,RNAi,8,E,33952
2,4,6,Male,RNAi,8,E,33952
2,1,6,Male,RNAi,6,E,33952
2,5,6,Male,RNAi,6,E,33952
2,2,6,Male,RNAi,8,E,33952
2,2,7,Male,Control,2.571428571,E,33952
2,4,7,Male,Control,1.142857143,E,33952
2,1,7,Male,Control,2.571428571,E,33952
2,3,7,Male,Control,1.428571429,E,33952
2,5,7,Male,Control,2.571428571,E,33952
2,5,8,Female,Control,6,E,33952
2,3,8,Female,Control,8,E,33952
2,2,8,Female,Control,6,E,33952
2,4,8,Female,Control,8,E,33952
2,1,8,Female,Control,8,E,33952
2,5,9,Male,Control,2.571428571,E,33952
2,3,9,Male,Control,4.571428571,E,33952
2,4,9,Male,Control,6,E,33952
2,1,9,Male,Control,4.285714286,E,33952
2,2,9,Male,Control,3.142857143,E,33952
2,3,10,Female,Control,4.285714286,E,33952
2,4,10,Female,Control,8,E,33952
2,1,10,Female,Control,3.428571429,E,33952
2,2,10,Female,Control,2.285714286,E,33952
2,5,10,Female,Control,8,E,33952
2,5,11,Female,RNAi,1.142857143,E,33952
2,3,11,Female,RNAi,4.285714286,E,33952
2,4,11,Female,RNAi,2,E,33952
2,1,11,Female,RNAi,1.714285714,E,33952
2,2,11,Female,RNAi,3.142857143,E,33952
2,3,12,Male,RNAi,3.142857143,E,33952
2,4,12,Male,RNAi,1.142857143,E,33952
2,1,12,Male,RNAi,2,E,33952
2,2,12,Male,RNAi,1.714285714,E,33952
2,5,12,Male,RNAi,1.428571429,E,33952
2,5,13,Male,RNAi,2,E,33952
2,3,13,Male,RNAi,0.571428571,E,33952
2,2,13,Male,RNAi,2.285714286,E,33952
2,4,13,Male,RNAi,2.285714286,E,33952
2,1,13,Male,RNAi,1.714285714,E,33952
2,5,14,Male,Control,2,E,33952
2,1,14,Male,Control,1.714285714,E,33952
2,3,14,Male,Control,2,E,33952
2,2,14,Male,Control,0.857142857,E,33952
2,4,14,Male,Control,0.857142857,E,33952
2,5,15,Female,RNAi,1.714285714,E,33952
2,4,15,Female,RNAi,4.285714286,E,33952
2,2,15,Female,RNAi,2.571428571,E,33952
2,3,15,Female,RNAi,3.142857143,E,33952
2,1,15,Female,RNAi,2,E,33952
2,3,16,Female,Control,3.428571429,E,33952
2,1,16,Female,Control,2.571428571,E,33952
2,4,16,Female,Control,2.571428571,E,33952
2,5,16,Female,Control,2,E,33952
2,2,16,Female,Control,1.142857143,E,33952
2,3,17,Female,RNAi,1.12244898,E,33952
2,1,17,Female,RNAi,2.102040816,E,33952
2,2,17,Female,RNAi,5.040816327,E,33952
2,5,17,Female,RNAi,3.408163265,E,33952
2,4,17,Female,RNAi,5.040816327,E,33952
2,3,18,Male,RNAi,1.142857143,E,33952
2,4,18,Male,RNAi,4.285714286,E,33952
2,2,18,Male,RNAi,1.428571429,E,33952
2,5,18,Male,RNAi,6,E,33952
2,1,18,Male,RNAi,2.285714286,E,33952
2,3,19,Female,Control,6,E,33952
2,4,19,Female,Control,2.857142857,E,33952
2,2,19,Female,Control,8,E,33952
2,5,19,Female,Control,8,E,33952
2,1,19,Female,Control,6,E,33952
2,5,20,Male,Control,4.285714286,E,33952
2,4,20,Male,Control,3.142857143,E,33952
2,2,20,Male,Control,2,E,33952
2,1,20,Male,Control,1.142857143,E,33952
2,3,20,Male,Control,2.571428571,E,33952
2,4,21,Male,RNAi,1.714285714,E,33952
2,5,21,Male,RNAi,2.571428571,E,33952
2,3,21,Male,RNAi,1.428571429,E,33952
2,2,21,Male,RNAi,3.714285714,E,33952
2,1,21,Male,RNAi,3.428571429,E,33952
2,4,22,Female,Control,4.571428571,E,33952
2,5,22,Female,Control,2.857142857,E,33952
2,3,22,Female,Control,3.142857143,E,33952
2,1,22,Female,Control,3.142857143,E,33952
2,2,22,Female,Control,3.428571429,E,33952
2,2,23,Male,Control,4.285714286,E,33952
2,5,23,Male,Control,6,E,33952
2,3,23,Male,Control,2.857142857,E,33952
2,1,23,Male,Control,4.285714286,E,33952
2,4,23,Male,Control,6,E,33952
2,2,24,Female,RNAi,1.142857143,E,33952
2,5,24,Female,RNAi,2.857142857,E,33952
2,3,24,Female,RNAi,2,E,33952
2,1,24,Female,RNAi,2.857142857,E,33952
2,4,24,Female,RNAi,1.714285714,E,33952
2,2,25,Female,Control,2.857142857,E,33952
2,5,25,Female,Control,3.428571429,E,33952
2,3,25,Female,Control,4.285714286,E,33952
2,1,25,Female,Control,3.142857143,E,33952
2,4,25,Female,Control,3.142857143,E,33952
2,4,26,Male,Control,3.142857143,E,33952
2,5,26,Male,Control,3.142857143,E,33952
2,3,26,Male,Control,1.142857143,E,33952
2,1,26,Male,Control,2,E,33952
2,2,26,Male,Control,0.857142857,E,33952
2,5,27,Female,RNAi,2.571428571,E,33952
2,4,27,Female,RNAi,2,E,33952
2,3,27,Female,RNAi,2,E,33952
2,1,27,Female,RNAi,1.428571429,E,33952
2,2,27,Female,RNAi,2,E,33952
2,3,28,Male,RNAi,3.428571429,E,33952
2,5,28,Male,RNAi,2,E,33952
2,4,28,Male,RNAi,3.714285714,E,33952
2,2,28,Male,RNAi,3.142857143,E,33952
2,1,28,Male,RNAi,2,E,33952
2,5,29,Male,RNAi,1.142857143,E,33952
2,1,29,Male,RNAi,4.285714286,E,33952
2,4,29,Male,RNAi,2,E,33952
2,2,29,Male,RNAi,2,E,33952
2,3,29,Male,RNAi,3.142857143,E,33952
2,5,30,Female,RNAi,8,E,33952
2,1,30,Female,RNAi,6,E,33952
2,4,30,Female,RNAi,8,E,33952
2,2,30,Female,RNAi,6,E,33952
2,3,30,Female,RNAi,8,E,33952
2,2,31,Female,Control,8,E,33952
2,1,31,Female,Control,4.571428571,E,33952
2,4,31,Female,Control,2.285714286,E,33952
2,5,31,Female,Control,3.142857143,E,33952
2,3,31,Female,Control,6,E,33952
2,4,32,Male,Control,0.857142857,E,33952
2,1,32,Male,Control,2,E,33952
2,2,32,Male,Control,2,E,33952
2,5,32,Male,Control,2,E,33952
2,3,32,Male,Control,1.428571429,E,33952
2,5,33,Female,RNAi,6,E,33952
2,3,33,Female,RNAi,1.142857143,E,33952
2,4,33,Female,RNAi,4.285714286,E,33952
2,2,33,Female,RNAi,3.142857143,E,33952
2,1,33,Female,RNAi,4.285714286,E,33952
2,2,34,Male,RNAi,1.714285714,E,33952
2,4,34,Male,RNAi,1.714285714,E,33952
2,3,34,Male,RNAi,2,E,33952
2,5,34,Male,RNAi,1.142857143,E,33952
2,1,34,Male,RNAi,3.142857143,E,33952
2,5,35,Male,Control,2.571428571,E,33952
2,2,35,Male,Control,1.714285714,E,33952
2,4,35,Male,Control,4.571428571,E,33952
2,3,35,Male,Control,2,E,33952
2,1,35,Male,Control,3.428571429,E,33952
2,1,36,Female,Control,3.142857143,E,33952
2,4,36,Female,Control,8,E,33952
2,5,36,Female,Control,8,E,33952
2,2,36,Female,Control,8,E,33952
2,3,36,Female,Control,8,E,33952
2,4,37,Male,RNAi,4.285714286,E,33952
2,5,37,Male,RNAi,2,E,33952
2,2,37,Male,RNAi,1.714285714,E,33952
2,3,37,Male,RNAi,2,E,33952
2,1,37,Male,RNAi,2.571428571,E,33952
2,1,38,Female,Control,8,E,33952
2,4,38,Female,Control,8,E,33952
2,5,38,Female,Control,6,E,33952
2,2,38,Female,Control,6,E,33952
2,3,38,Female,Control,8,E,33952
2,4,39,Female,RNAi,6,E,33952
2,5,39,Female,RNAi,8,E,33952
2,2,39,Female,RNAi,4.571428571,E,33952
2,3,39,Female,RNAi,6,E,33952
2,1,39,Female,RNAi,3.142857143,E,33952
2,5,41,Male,RNAi,0.857142857,E,33952
2,2,41,Male,RNAi,1.428571429,E,33952
2,4,41,Male,RNAi,1.142857143,E,33952
2,3,41,Male,RNAi,1.428571429,E,33952
2,1,41,Male,RNAi,2.571428571,E,33952
2,1,42,Female,RNAi,8,E,33952
2,3,42,Female,RNAi,8,E,33952
2,5,42,Female,RNAi,3.714285714,E,33952
2,2,42,Female,RNAi,8,E,33952
2,4,42,Female,RNAi,8,E,33952
2,4,43,Male,Control,2,E,33952
2,1,43,Male,Control,0.857142857,E,33952
2,5,43,Male,Control,1.714285714,E,33952
2,2,43,Male,Control,0.571428571,E,33952
2,3,43,Male,Control,3.142857143,E,33952
2,5,44,Female,Control,2,E,33952
2,4,44,Female,Control,2,E,33952
2,3,44,Female,Control,2.571428571,E,33952
2,2,44,Female,Control,2,E,33952
2,1,44,Female,Control,1.142857143,E,33952
2,5,45,Female,Control,8,E,33952
2,4,45,Female,Control,4.285714286,E,33952
2,3,45,Female,Control,4.285714286,E,33952
2,2,45,Female,Control,4.285714286,E,33952
2,1,45,Female,Control,3.142857143,E,33952
2,5,46,Male,RNAi,2.571428571,E,33952
2,4,46,Male,RNAi,0.857142857,E,33952
2,3,46,Male,RNAi,0.857142857,E,33952
2,2,46,Male,RNAi,2,E,33952
2,1,46,Male,RNAi,2.571428571,E,33952
2,3,47,Female,RNAi,5.040816327,E,33952
2,4,47,Female,RNAi,7,E,33952
2,1,47,Female,RNAi,1.448979592,E,33952
2,5,47,Female,RNAi,3.408163265,E,33952
2,2,47,Female,RNAi,5.040816327,E,33952
2,2,48,Male,Control,4.285714286,E,33952
2,4,48,Male,Control,2,E,33952
2,1,48,Male,Control,2.857142857,E,33952
2,3,48,Male,Control,1.714285714,E,33952
2,5,48,Male,Control,4.571428571,E,33952
3,1,1,Female,Control,4.571428571,E,33952
3,2,1,Female,Control,6,E,33952
3,4,1,Female,Control,6,E,33952
3,5,1,Female,Control,6,E,33952
3,3,1,Female,Control,6,E,33952
3,5,2,Female,RNAi,2.571428571,E,33952
3,1,2,Female,RNAi,3.714285714,E,33952
3,4,2,Female,RNAi,1.714285714,E,33952
3,2,2,Female,RNAi,2,E,33952
3,3,2,Female,RNAi,8,E,33952
3,4,3,Male,Control,2.857142857,E,33952
3,5,3,Male,Control,3.142857143,E,33952
3,3,3,Male,Control,1.714285714,E,33952
3,1,3,Male,Control,2,E,33952
3,2,3,Male,Control,1.714285714,E,33952
3,3,4,Male,RNAi,2,E,33952
3,4,4,Male,RNAi,2.285714286,E,33952
3,2,4,Male,RNAi,1.428571429,E,33952
3,5,4,Male,RNAi,1.428571429,E,33952
3,1,4,Male,RNAi,1.428571429,E,33952
3,3,5,Female,Control,4.571428571,E,33952
3,1,5,Female,Control,8,E,33952
3,2,5,Female,Control,4.571428571,E,33952
3,4,5,Female,Control,4.285714286,E,33952
3,5,5,Female,Control,3.714285714,E,33952
3,5,6,Male,RNAi,2,E,33952
3,4,6,Male,RNAi,6,E,33952
3,1,6,Male,RNAi,6,E,33952
3,3,6,Male,RNAi,8,E,33952
3,2,6,Male,RNAi,8,E,33952
3,4,7,Male,Control,1.142857143,E,33952
3,5,7,Male,Control,0.571428571,E,33952
3,3,7,Male,Control,1.714285714,E,33952
3,1,7,Male,Control,0.571428571,E,33952
3,2,7,Male,Control,0.571428571,E,33952
3,5,8,Female,RNAi,2,E,33952
3,4,8,Female,RNAi,4.571428571,E,33952
3,3,8,Female,RNAi,2,E,33952
3,2,8,Female,RNAi,2.857142857,E,33952
3,1,8,Female,RNAi,3.714285714,E,33952
3,5,9,Male,RNAi,2.571428571,E,33952
3,2,9,Male,RNAi,1.142857143,E,33952
3,3,9,Male,RNAi,1.428571429,E,33952
3,4,9,Male,RNAi,2,E,33952
3,1,9,Male,RNAi,1.142857143,E,33952
3,2,10,Female,RNAi,2,E,33952
3,5,10,Female,RNAi,3.142857143,E,33952
3,4,10,Female,RNAi,4.285714286,E,33952
3,1,10,Female,RNAi,2.857142857,E,33952
3,3,10,Female,RNAi,4.571428571,E,33952
3,4,11,Male,Control,1.12244898,E,33952
3,5,11,Male,Control,1.448979592,E,33952
3,2,11,Male,Control,3.408163265,E,33952
3,3,11,Male,Control,1.448979592,E,33952
3,1,11,Male,Control,0.795918367,E,33952
3,3,12,Female,Control,2.857142857,E,33952
3,4,12,Female,Control,2.571428571,E,33952
3,5,12,Female,Control,6,E,33952
3,2,12,Female,Control,4.285714286,E,33952
3,1,12,Female,Control,2,E,33952
3,3,13,Female,RNAi,1.428571429,E,33952
3,4,13,Female,RNAi,6,E,33952
3,2,13,Female,RNAi,3.142857143,E,33952
3,5,13,Female,RNAi,3.428571429,E,33952
3,1,13,Female,RNAi,2,E,33952
3,4,14,Male,RNAi,1.428571429,E,33952
3,2,14,Male,RNAi,1.714285714,E,33952
3,5,14,Male,RNAi,2.857142857,E,33952
3,3,14,Male,RNAi,1.142857143,E,33952
3,1,14,Male,RNAi,2.571428571,E,33952
3,5,15,Female,Control,1.714285714,E,33952
3,3,15,Female,Control,3.142857143,E,33952
3,1,15,Female,Control,6,E,33952
3,4,15,Female,Control,2,E,33952
3,2,15,Female,Control,2.571428571,E,33952
3,4,16,Male,Control,2.857142857,E,33952
3,2,16,Male,Control,2.857142857,E,33952
3,5,16,Male,Control,0.857142857,E,33952
3,3,16,Male,Control,1.142857143,E,33952
3,1,16,Male,Control,0.571428571,E,33952
3,2,17,Female,RNAi,2.571428571,E,33952
3,3,17,Female,RNAi,0.857142857,E,33952
3,1,17,Female,RNAi,4.285714286,E,33952
3,4,17,Female,RNAi,3.714285714,E,33952
3,5,17,Female,RNAi,8,E,33952
3,2,18,Male,RNAi,2.285714286,E,33952
3,3,18,Male,RNAi,2.857142857,E,33952
3,1,18,Male,RNAi,1.142857143,E,33952
3,4,18,Male,RNAi,3.714285714,E,33952
3,5,18,Male,RNAi,4.571428571,E,33952
3,2,19,Male,Control,3.142857143,E,33952
3,3,19,Male,Control,2,E,33952
3,1,19,Male,Control,1.428571429,E,33952
3,4,19,Male,Control,1.428571429,E,33952
3,5,19,Male,Control,1.714285714,E,33952
3,2,21,Female,RNAi,8,E,33952
3,3,21,Female,RNAi,6,E,33952
3,4,21,Female,RNAi,6,E,33952
3,1,21,Female,RNAi,6,E,33952
3,5,21,Female,RNAi,6,E,33952
3,2,22,Male,Control,4.571428571,E,33952
3,1,22,Male,Control,1.428571429,E,33952
3,4,22,Male,Control,4.285714286,E,33952
3,3,22,Male,Control,2.571428571,E,33952
3,5,22,Male,Control,4.285714286,E,33952
3,3,23,Male,RNAi,1.428571429,E,33952
3,2,23,Male,RNAi,1.714285714,E,33952
3,4,23,Male,RNAi,3.142857143,E,33952
3,1,23,Male,RNAi,0.857142857,E,33952
3,5,23,Male,RNAi,0.571428571,E,33952
3,1,24,Female,Control,2.571428571,E,33952
3,2,24,Female,Control,4.571428571,E,33952
3,3,24,Female,Control,2.857142857,E,33952
3,4,24,Female,Control,2.857142857,E,33952
3,5,24,Female,Control,3.714285714,E,33952
3,1,25,Female,RNAi,2.857142857,E,33952
3,5,25,Female,RNAi,8,E,33952
3,2,25,Female,RNAi,2,E,33952
3,4,25,Female,RNAi,6,E,33952
3,3,25,Female,RNAi,3.142857143,E,33952
3,1,26,Male,Control,1.142857143,E,33952
3,3,26,Male,Control,2.285714286,E,33952
3,2,26,Male,Control,2.857142857,E,33952
3,5,26,Male,Control,2.857142857,E,33952
3,4,26,Male,Control,1.142857143,E,33952
3,1,27,Female,Control,4.571428571,E,33952
3,5,27,Female,Control,8,E,33952
3,2,27,Female,Control,6,E,33952
3,3,27,Female,Control,8,E,33952
3,4,27,Female,Control,4.571428571,E,33952
3,1,28,Male,RNAi,0.795918367,E,33952
3,2,28,Male,RNAi,1.448979592,E,33952
3,5,28,Male,RNAi,0.795918367,E,33952
3,3,28,Male,RNAi,1.448979592,E,33952
3,4,28,Male,RNAi,1.448979592,E,33952
3,1,29,Male,Control,3.142857143,E,33952
3,2,29,Male,Control,1.714285714,E,33952
3,5,29,Male,Control,3.142857143,E,33952
3,3,29,Male,Control,1.714285714,E,33952
3,4,29,Male,Control,1.714285714,E,33952
3,1,30,Male,RNAi,1.142857143,E,33952
3,2,30,Male,RNAi,1.142857143,E,33952
3,5,30,Male,RNAi,2,E,33952
3,3,30,Male,RNAi,1.142857143,E,33952
3,4,30,Male,RNAi,1.428571429,E,33952
3,5,31,Female,Control,8,E,33952
3,3,31,Female,Control,6,E,33952
3,1,31,Female,Control,2,E,33952
3,4,31,Female,Control,8,E,33952
3,2,31,Female,Control,8,E,33952
3,4,32,Female,RNAi,1.428571429,E,33952
3,2,32,Female,RNAi,1.428571429,E,33952
3,5,32,Female,RNAi,8,E,33952
3,3,32,Female,RNAi,0.857142857,E,33952
3,1,32,Female,RNAi,2,E,33952
3,5,33,Male,RNAi,6,E,33952
3,3,33,Male,RNAi,6,E,33952
3,1,33,Male,RNAi,4.571428571,E,33952
3,4,33,Male,RNAi,8,E,33952
3,2,33,Male,RNAi,6,E,33952
3,5,34,Female,RNAi,4.571428571,E,33952
3,1,34,Female,RNAi,4.571428571,E,33952
3,4,34,Female,RNAi,3.142857143,E,33952
3,2,34,Female,RNAi,3.142857143,E,33952
3,3,34,Female,RNAi,6,E,33952
3,5,35,Male,Control,0.857142857,E,33952
3,4,35,Male,Control,1.428571429,E,33952
3,1,35,Male,Control,2,E,33952
3,2,35,Male,Control,2,E,33952
3,3,35,Male,Control,1.428571429,E,33952
3,5,36,Female,Control,6,E,33952
3,3,36,Female,Control,2.571428571,E,33952
3,4,36,Female,Control,3.142857143,E,33952
3,1,36,Female,Control,2,E,33952
3,2,36,Female,Control,1.142857143,E,33952
3,3,38,Male,RNAi,2.571428571,E,33952
3,5,38,Male,RNAi,1.142857143,E,33952
3,2,38,Male,RNAi,0.571428571,E,33952
3,1,38,Male,RNAi,1.714285714,E,33952
3,4,38,Male,RNAi,0.571428571,E,33952
3,5,39,Male,Control,1.142857143,E,33952
3,2,39,Male,Control,2.285714286,E,33952
3,3,39,Male,Control,1.142857143,E,33952
3,4,39,Male,Control,2,E,33952
3,1,39,Male,Control,2,E,33952
3,5,40,Female,Control,2,E,33952
3,4,40,Female,Control,3.428571429,E,33952
3,3,40,Female,Control,2.571428571,E,33952
3,2,40,Female,Control,3.142857143,E,33952
3,1,40,Female,Control,1.714285714,E,33952
3,4,41,Female,RNAi,2,E,33952
3,5,41,Female,RNAi,4.571428571,E,33952
3,3,41,Female,RNAi,1.142857143,E,33952
3,1,41,Female,RNAi,0.857142857,E,33952
3,2,41,Female,RNAi,2.857142857,E,33952
3,4,42,Male,Control,3.428571429,E,33952
3,3,42,Male,Control,2.571428571,E,33952
3,5,42,Male,Control,3.428571429,E,33952
3,2,42,Male,Control,2.571428571,E,33952
3,1,42,Male,Control,2.571428571,E,33952
3,1,43,Female,Control,4.285714286,E,33952
3,2,43,Female,Control,8,E,33952
3,4,43,Female,Control,8,E,33952
3,5,43,Female,Control,8,E,33952
3,3,43,Female,Control,6,E,33952
3,5,45,Male,RNAi,3.734693878,E,33952
3,1,45,Male,RNAi,2.428571429,E,33952
3,4,45,Male,RNAi,3.734693878,E,33952
3,2,45,Male,RNAi,2.102040816,E,33952
3,3,45,Male,RNAi,3.081632653,E,33952
3,4,46,Male,Control,2,E,33952
3,5,46,Male,Control,2.571428571,E,33952
3,3,46,Male,Control,2,E,33952
3,1,46,Male,Control,4.571428571,E,33952
3,2,46,Male,Control,1.428571429,E,33952
3,3,47,Female,Control,6,E,33952
3,4,47,Female,Control,8,E,33952
3,2,47,Female,Control,6,E,33952
3,5,47,Female,Control,4.571428571,E,33952
3,1,47,Female,Control,8,E,33952
3,3,48,Female,RNAi,6,E,33952
3,1,48,Female,RNAi,2.285714286,E,33952
3,2,48,Female,RNAi,6,E,33952
3,4,48,Female,RNAi,2.857142857,E,33952
3,5,48,Female,RNAi,4.571428571,E,33952
1,1,1,Female,Control,3.142857143,F,40883
1,5,1,Female,Control,3.714285714,F,40883
1,3,1,Female,Control,2.571428571,F,40883
1,2,1,Female,Control,1.714285714,F,40883
1,4,1,Female,Control,1.428571429,F,40883
1,1,2,Male,RNAi,1.142857143,F,40883
1,2,2,Male,RNAi,0.857142857,F,40883
1,3,2,Male,RNAi,2.571428571,F,40883
1,5,2,Male,RNAi,2,F,40883
1,4,2,Male,RNAi,2,F,40883
1,1,3,Male,Control,1.428571429,F,40883
1,3,3,Male,Control,1.142857143,F,40883
1,2,3,Male,Control,2.857142857,F,40883
1,4,3,Male,Control,3.142857143,F,40883
1,5,3,Male,Control,0.571428571,F,40883
1,4,4,Female,RNAi,3.142857143,F,40883
1,3,4,Female,RNAi,6,F,40883
1,1,4,Female,RNAi,2.285714286,F,40883
1,5,4,Female,RNAi,2.571428571,F,40883
1,2,4,Female,RNAi,1.428571429,F,40883
1,4,5,Female,RNAi,1.142857143,F,40883
1,1,5,Female,RNAi,3.714285714,F,40883
1,5,5,Female,RNAi,1.714285714,F,40883
1,3,5,Female,RNAi,2.857142857,F,40883
1,2,5,Female,RNAi,2,F,40883
1,1,6,Male,RNAi,1.142857143,F,40883
1,2,6,Male,RNAi,2,F,40883
1,4,6,Male,RNAi,1.142857143,F,40883
1,3,6,Male,RNAi,0.571428571,F,40883
1,5,6,Male,RNAi,1.142857143,F,40883
1,2,7,Male,Control,0.571428571,F,40883
1,1,7,Male,Control,2.571428571,F,40883
1,3,7,Male,Control,2.857142857,F,40883
1,4,7,Male,Control,1.428571429,F,40883
1,5,7,Male,Control,0.571428571,F,40883
1,2,8,Female,Control,1.428571429,F,40883
1,4,8,Female,Control,2,F,40883
1,3,8,Female,Control,0.857142857,F,40883
1,1,8,Female,Control,3.428571429,F,40883
1,5,8,Female,Control,1.428571429,F,40883
1,5,9,Male,RNAi,1.428571429,F,40883
1,4,9,Male,RNAi,0.857142857,F,40883
1,2,9,Male,RNAi,2,F,40883
1,1,9,Male,RNAi,0.857142857,F,40883
1,3,9,Male,RNAi,0.857142857,F,40883
1,5,10,Female,Control,4.571428571,F,40883
1,1,10,Female,Control,6,F,40883
1,2,10,Female,Control,4.285714286,F,40883
1,4,10,Female,Control,2,F,40883
1,3,10,Female,Control,6,F,40883
1,5,11,Male,Control,1.714285714,F,40883
1,2,11,Male,Control,0.857142857,F,40883
1,1,11,Male,Control,1.142857143,F,40883
1,3,11,Male,Control,2.571428571,F,40883
1,4,11,Male,Control,1.428571429,F,40883
1,3,12,Female,RNAi,1.142857143,F,40883
1,2,12,Female,RNAi,0.857142857,F,40883
1,5,12,Female,RNAi,2.857142857,F,40883
1,4,12,Female,RNAi,1.714285714,F,40883
1,1,12,Female,RNAi,2,F,40883
1,3,13,Female,Control,1.142857143,F,40883
1,5,13,Female,Control,4.285714286,F,40883
1,4,13,Female,Control,3.142857143,F,40883
1,2,13,Female,Control,2.285714286,F,40883
1,1,13,Female,Control,6,F,40883
1,5,14,Female,RNAi,1.142857143,F,40883
1,1,14,Female,RNAi,2.285714286,F,40883
1,3,14,Female,RNAi,0.571428571,F,40883
1,2,14,Female,RNAi,2.285714286,F,40883
1,4,14,Female,RNAi,0.857142857,F,40883
1,1,15,Male,Control,3.408163265,F,40883
1,5,15,Male,Control,5.040816327,F,40883
1,2,15,Male,Control,3.081632653,F,40883
1,3,15,Male,Control,2.428571429,F,40883
1,4,15,Male,Control,7,F,40883
1,1,16,Male,RNAi,2,F,40883
1,3,16,Male,RNAi,1.142857143,F,40883
1,2,16,Male,RNAi,0.857142857,F,40883
1,5,16,Male,RNAi,2,F,40883
1,4,16,Male,RNAi,2.857142857,F,40883
1,4,17,Female,RNAi,2.857142857,F,40883
1,3,17,Female,RNAi,1.142857143,F,40883
1,1,17,Female,RNAi,1.142857143,F,40883
1,5,17,Female,RNAi,2,F,40883
1,2,17,Female,RNAi,1.428571429,F,40883
1,4,18,Female,Control,8,F,40883
1,5,18,Female,Control,6,F,40883
1,1,18,Female,Control,6,F,40883
1,3,18,Female,Control,8,F,40883
1,2,18,Female,Control,4.285714286,F,40883
1,4,19,Male,RNAi,1.428571429,F,40883
1,1,19,Male,RNAi,1.428571429,F,40883
1,5,19,Male,RNAi,1.142857143,F,40883
1,2,19,Male,RNAi,0.857142857,F,40883
1,3,19,Male,RNAi,0.571428571,F,40883
1,2,20,Male,Control,3.142857143,F,40883
1,1,20,Male,Control,2.285714286,F,40883
1,4,20,Male,Control,2.285714286,F,40883
1,3,20,Male,Control,1.142857143,F,40883
1,5,20,Male,Control,2.571428571,F,40883
1,2,21,Female,RNAi,1.714285714,F,40883
1,4,21,Female,RNAi,2.571428571,F,40883
1,3,21,Female,RNAi,2,F,40883
1,1,21,Female,RNAi,4.285714286,F,40883
1,5,21,Female,RNAi,2.285714286,F,40883
1,4,22,Female,Control,4.285714286,F,40883
1,5,22,Female,Control,8,F,40883
1,2,22,Female,Control,1.714285714,F,40883
1,1,22,Female,Control,8,F,40883
1,3,22,Female,Control,6,F,40883
1,5,23,Male,RNAi,1.142857143,F,40883
1,4,23,Male,RNAi,2,F,40883
1,1,23,Male,RNAi,0.857142857,F,40883
1,2,23,Male,RNAi,3.142857143,F,40883
1,3,23,Male,RNAi,0.571428571,F,40883
1,5,24,Male,Control,0.469387755,F,40883
1,2,24,Male,Control,3.408163265,F,40883
1,1,24,Male,Control,0.795918367,F,40883
1,4,24,Male,Control,1.12244898,F,40883
1,3,24,Male,Control,0.795918367,F,40883
1,3,25,Female,RNAi,4.285714286,F,40883
1,2,25,Female,RNAi,2.571428571,F,40883
1,5,25,Female,RNAi,8,F,40883
1,4,25,Female,RNAi,6,F,40883
1,1,25,Female,RNAi,4.285714286,F,40883
1,3,26,Male,Control,2.571428571,F,40883
1,4,26,Male,Control,3.142857143,F,40883
1,5,26,Male,Control,6,F,40883
1,2,26,Male,Control,4.285714286,F,40883
1,1,26,Male,Control,4.571428571,F,40883
1,3,27,Male,RNAi,2.571428571,F,40883
1,5,27,Male,RNAi,2.571428571,F,40883
1,4,27,Male,RNAi,1.142857143,F,40883
1,1,27,Male,RNAi,1.714285714,F,40883
1,2,27,Male,RNAi,0.857142857,F,40883
1,1,28,Female,Control,2.857142857,F,40883
1,5,28,Female,Control,1.142857143,F,40883
1,3,28,Female,Control,4.285714286,F,40883
1,2,28,Female,Control,2,F,40883
1,4,28,Female,Control,3.714285714,F,40883
1,1,29,Male,RNAi,0.571428571,F,40883
1,3,29,Male,RNAi,1.428571429,F,40883
1,2,29,Male,RNAi,1.428571429,F,40883
1,5,29,Male,RNAi,0.285714286,F,40883
1,4,29,Male,RNAi,0,F,40883
1,3,30,Female,Control,8,F,40883
1,4,30,Female,Control,8,F,40883
1,1,30,Female,Control,8,F,40883
1,5,30,Female,Control,8,F,40883
1,2,30,Female,Control,8,F,40883
1,4,31,Female,RNAi,1.428571429,F,40883
1,3,31,Female,RNAi,3.142857143,F,40883
1,5,31,Female,RNAi,2.857142857,F,40883
1,1,31,Female,RNAi,4.571428571,F,40883
1,2,31,Female,RNAi,2,F,40883
1,4,32,Male,Control,3.142857143,F,40883
1,1,32,Male,Control,2.571428571,F,40883
1,5,32,Male,Control,2.857142857,F,40883
1,3,32,Male,Control,2,F,40883
1,2,32,Male,Control,1.428571429,F,40883
1,2,33,Female,RNAi,1.428571429,F,40883
1,1,33,Female,RNAi,1.428571429,F,40883
1,4,33,Female,RNAi,2,F,40883
1,3,33,Female,RNAi,2,F,40883
1,5,33,Female,RNAi,2,F,40883
1,2,34,Male,RNAi,2.102040816,F,40883
1,3,34,Male,RNAi,0.469387755,F,40883
1,4,34,Male,RNAi,1.448979592,F,40883
1,1,34,Male,RNAi,1.12244898,F,40883
1,5,34,Male,RNAi,0.795918367,F,40883
1,2,35,Female,Control,8,F,40883
1,4,35,Female,Control,1.428571429,F,40883
1,3,35,Female,Control,8,F,40883
1,5,35,Female,Control,8,F,40883
1,1,35,Female,Control,8,F,40883
1,5,36,Male,Control,3.428571429,F,40883
1,4,36,Male,Control,3.428571429,F,40883
1,2,36,Male,Control,6,F,40883
1,1,36,Male,Control,4.571428571,F,40883
1,3,36,Male,Control,3.714285714,F,40883
1,5,37,Male,Control,0.571428571,F,40883
1,2,37,Male,Control,1.142857143,F,40883
1,1,37,Male,Control,2.285714286,F,40883
1,4,37,Male,Control,1.428571429,F,40883
1,3,37,Male,Control,2.285714286,F,40883
1,2,38,Female,RNAi,6,F,40883
1,3,38,Female,RNAi,6,F,40883
1,5,38,Female,RNAi,4.571428571,F,40883
1,4,38,Female,RNAi,8,F,40883
1,1,38,Female,RNAi,6,F,40883
1,3,39,Male,RNAi,1.142857143,F,40883
1,2,39,Male,RNAi,1.714285714,F,40883
1,4,39,Male,RNAi,0.857142857,F,40883
1,5,39,Male,RNAi,2,F,40883
1,1,39,Male,RNAi,2,F,40883
1,3,40,Female,Control,4.285714286,F,40883
1,5,40,Female,Control,8,F,40883
1,4,40,Female,Control,6,F,40883
1,2,40,Female,Control,8,F,40883
1,1,40,Female,Control,8,F,40883
1,1,41,Male,Control,2,F,40883
1,5,41,Male,Control,0.857142857,F,40883
1,3,41,Male,Control,3.142857143,F,40883
1,2,41,Male,Control,2.285714286,F,40883
1,4,41,Male,Control,6,F,40883
1,1,42,Female,RNAi,0.857142857,F,40883
1,2,42,Female,RNAi,1.428571429,F,40883
1,3,42,Female,RNAi,2,F,40883
1,5,42,Female,RNAi,1.714285714,F,40883
1,4,42,Female,RNAi,1.714285714,F,40883
1,1,43,Female,Control,2,F,40883
1,3,43,Female,Control,6,F,40883
1,2,43,Female,Control,6,F,40883
1,4,43,Female,Control,8,F,40883
1,5,43,Female,Control,4.285714286,F,40883
1,4,44,Male,RNAi,2,F,40883
1,3,44,Male,RNAi,2.285714286,F,40883
1,1,44,Male,RNAi,1.142857143,F,40883
1,5,44,Male,RNAi,1.714285714,F,40883
1,2,44,Male,RNAi,2,F,40883
1,4,45,Male,Control,2.285714286,F,40883
1,1,45,Male,Control,2,F,40883
1,5,45,Male,Control,0.857142857,F,40883
1,3,45,Male,Control,1.142857143,F,40883
1,2,45,Male,Control,1.142857143,F,40883
1,1,46,Male,RNAi,1.142857143,F,40883
1,2,46,Male,RNAi,1.428571429,F,40883
1,4,46,Male,RNAi,1.142857143,F,40883
1,3,46,Male,RNAi,2,F,40883
1,5,46,Male,RNAi,0.571428571,F,40883
1,2,47,Female,RNAi,1.428571429,F,40883
1,1,47,Female,RNAi,3.142857143,F,40883
1,3,47,Female,RNAi,2,F,40883
1,4,47,Female,RNAi,1.428571429,F,40883
1,5,47,Female,RNAi,2.571428571,F,40883
1,2,48,Female,Control,6,F,40883
1,4,48,Female,Control,6,F,40883
1,3,48,Female,Control,8,F,40883
1,1,48,Female,Control,4.571428571,F,40883
1,5,48,Female,Control,6,F,40883
2,1,1,Male,RNAi,0.571428571,F,40883
2,3,1,Male,RNAi,1.428571429,F,40883
2,5,1,Male,RNAi,1.428571429,F,40883
2,2,1,Male,RNAi,0.571428571,F,40883
2,4,1,Male,RNAi,0.857142857,F,40883
2,4,2,Female,Control,1.142857143,F,40883
2,1,2,Female,Control,3.142857143,F,40883
2,5,2,Female,Control,4.285714286,F,40883
2,2,2,Female,Control,2,F,40883
2,3,2,Female,Control,2,F,40883
2,5,3,Male,Control,0.857142857,F,40883
2,4,3,Male,Control,1.714285714,F,40883
2,3,3,Male,Control,0.571428571,F,40883
2,2,3,Male,Control,0.571428571,F,40883
2,1,3,Male,Control,1.142857143,F,40883
2,5,4,Female,RNAi,2.571428571,F,40883
2,4,4,Female,RNAi,2.857142857,F,40883
2,3,4,Female,RNAi,1.714285714,F,40883
2,2,4,Female,RNAi,1.142857143,F,40883
2,1,4,Female,RNAi,0.571428571,F,40883
2,5,5,Male,RNAi,2,F,40883
2,4,5,Male,RNAi,2,F,40883
2,3,5,Male,RNAi,2.857142857,F,40883
2,2,5,Male,RNAi,0.571428571,F,40883
2,1,5,Male,RNAi,2.571428571,F,40883
2,3,6,Female,Control,1.714285714,F,40883
2,4,6,Female,Control,3.142857143,F,40883
2,1,6,Female,Control,3.142857143,F,40883
2,5,6,Female,Control,3.142857143,F,40883
2,2,6,Female,Control,1.428571429,F,40883
2,2,7,Male,Control,2,F,40883
2,4,7,Male,Control,2.571428571,F,40883
2,1,7,Male,Control,2.857142857,F,40883
2,3,7,Male,Control,1.714285714,F,40883
2,5,7,Male,Control,2.285714286,F,40883
2,5,8,Female,RNAi,2.571428571,F,40883
2,3,8,Female,RNAi,2.571428571,F,40883
2,2,8,Female,RNAi,4.571428571,F,40883
2,4,8,Female,RNAi,3.142857143,F,40883
2,1,8,Female,RNAi,1.714285714,F,40883
2,5,9,Female,Control,0.571428571,F,40883
2,3,9,Female,Control,0.857142857,F,40883
2,4,9,Female,Control,3.142857143,F,40883
2,1,9,Female,Control,2,F,40883
2,2,9,Female,Control,2.857142857,F,40883
2,3,10,Male,RNAi,3.142857143,F,40883
2,4,10,Male,RNAi,2,F,40883
2,1,10,Male,RNAi,2,F,40883
2,2,10,Male,RNAi,1.714285714,F,40883
2,5,10,Male,RNAi,0.857142857,F,40883
2,5,11,Female,RNAi,1.428571429,F,40883
2,3,11,Female,RNAi,2.857142857,F,40883
2,4,11,Female,RNAi,2,F,40883
2,1,11,Female,RNAi,1.428571429,F,40883
2,2,11,Female,RNAi,1.142857143,F,40883
2,3,12,Male,Control,1.714285714,F,40883
2,4,12,Male,Control,2.571428571,F,40883
2,1,12,Male,Control,3.142857143,F,40883
2,2,12,Male,Control,2,F,40883
2,5,12,Male,Control,1.714285714,F,40883
2,5,13,Female,RNAi,1.142857143,F,40883
2,3,13,Female,RNAi,1.142857143,F,40883
2,2,13,Female,RNAi,3.142857143,F,40883
2,4,13,Female,RNAi,3.142857143,F,40883
2,1,13,Female,RNAi,2.285714286,F,40883
2,5,14,Female,Control,2,F,40883
2,1,14,Female,Control,2.571428571,F,40883
2,3,14,Female,Control,2,F,40883
2,2,14,Female,Control,1.714285714,F,40883
2,4,14,Female,Control,2.857142857,F,40883
2,5,15,Male,Control,2,F,40883
2,4,15,Male,Control,1.428571429,F,40883
2,2,15,Male,Control,1.142857143,F,40883
2,3,15,Male,Control,2,F,40883
2,1,15,Male,Control,1.142857143,F,40883
2,3,16,Male,RNAi,1.714285714,F,40883
2,1,16,Male,RNAi,0.571428571,F,40883
2,4,16,Male,RNAi,2.857142857,F,40883
2,5,16,Male,RNAi,1.142857143,F,40883
2,2,16,Male,RNAi,0.857142857,F,40883
2,3,17,Male,RNAi,0.857142857,F,40883
2,1,17,Male,RNAi,1.142857143,F,40883
2,2,17,Male,RNAi,2,F,40883
2,5,17,Male,RNAi,0.571428571,F,40883
2,4,17,Male,RNAi,1.714285714,F,40883
2,3,18,Female,RNAi,2.571428571,F,40883
2,4,18,Female,RNAi,0.857142857,F,40883
2,2,18,Female,RNAi,2.571428571,F,40883
2,5,18,Female,RNAi,2.857142857,F,40883
2,1,18,Female,RNAi,1.142857143,F,40883
2,3,19,Female,Control,2,F,40883
2,4,19,Female,Control,2.285714286,F,40883
2,2,19,Female,Control,1.428571429,F,40883
2,5,19,Female,Control,2.857142857,F,40883
2,1,19,Female,Control,2.571428571,F,40883
2,5,20,Male,Control,2,F,40883
2,4,20,Male,Control,3.142857143,F,40883
2,2,20,Male,Control,1.428571429,F,40883
2,1,20,Male,Control,1.142857143,F,40883
2,3,20,Male,Control,0.857142857,F,40883
2,4,21,Female,RNAi,2,F,40883
2,5,21,Female,RNAi,1.142857143,F,40883
2,3,21,Female,RNAi,2,F,40883
2,2,21,Female,RNAi,2.285714286,F,40883
2,1,21,Female,RNAi,0.857142857,F,40883
2,4,22,Male,Control,1.714285714,F,40883
2,5,22,Male,Control,1.428571429,F,40883
2,3,22,Male,Control,0.571428571,F,40883
2,1,22,Male,Control,1.714285714,F,40883
2,2,22,Male,Control,1.142857143,F,40883
2,2,23,Female,Control,2.571428571,F,40883
2,5,23,Female,Control,1.428571429,F,40883
2,3,23,Female,Control,6,F,40883
2,1,23,Female,Control,3.714285714,F,40883
2,4,23,Female,Control,8,F,40883
2,2,24,Male,RNAi,1.142857143,F,40883
2,5,24,Male,RNAi,1.428571429,F,40883
2,3,24,Male,RNAi,1.142857143,F,40883
2,1,24,Male,RNAi,2,F,40883
2,4,24,Male,RNAi,1.428571429,F,40883
2,2,25,Female,RNAi,0.857142857,F,40883
2,5,25,Female,RNAi,1.142857143,F,40883
2,3,25,Female,RNAi,0.857142857,F,40883
2,1,25,Female,RNAi,1.428571429,F,40883
2,4,25,Female,RNAi,1.714285714,F,40883
2,4,26,Male,RNAi,1.714285714,F,40883
2,5,26,Male,RNAi,1.142857143,F,40883
2,3,26,Male,RNAi,1.428571429,F,40883
2,1,26,Male,RNAi,1.714285714,F,40883
2,2,26,Male,RNAi,1.142857143,F,40883
2,5,27,Female,Control,1.142857143,F,40883
2,4,27,Female,Control,3.142857143,F,40883
2,3,27,Female,Control,2,F,40883
2,1,27,Female,Control,2,F,40883
2,2,27,Female,Control,2,F,40883
2,3,28,Male,Control,1.775510204,F,40883
2,5,28,Male,Control,1.775510204,F,40883
2,4,28,Male,Control,3.734693878,F,40883
2,2,28,Male,Control,1.448979592,F,40883
2,1,28,Male,Control,0.795918367,F,40883
2,5,30,Female,RNAi,3.142857143,F,40883
2,1,30,Female,RNAi,2.285714286,F,40883
2,4,30,Female,RNAi,1.428571429,F,40883
2,2,30,Female,RNAi,3.142857143,F,40883
2,3,30,Female,RNAi,2,F,40883
2,5,31,Female,Control,2,F,40883
2,1,31,Female,Control,2,F,40883
2,4,31,Female,Control,2,F,40883
2,2,31,Female,Control,1.714285714,F,40883
2,3,31,Female,Control,3.142857143,F,40883
2,2,32,Male,Control,1.142857143,F,40883
2,1,32,Male,Control,1.428571429,F,40883
2,4,32,Male,Control,0.857142857,F,40883
2,5,32,Male,Control,0.857142857,F,40883
2,3,32,Male,Control,0.571428571,F,40883
2,4,33,Male,RNAi,1.142857143,F,40883
2,1,33,Male,RNAi,2.285714286,F,40883
2,2,33,Male,RNAi,1.714285714,F,40883
2,5,33,Male,RNAi,0.857142857,F,40883
2,3,33,Male,RNAi,0.857142857,F,40883
2,5,34,Male,Control,2.285714286,F,40883
2,3,34,Male,Control,1.428571429,F,40883
2,4,34,Male,Control,0.857142857,F,40883
2,2,34,Male,Control,3.142857143,F,40883
2,1,34,Male,Control,1.714285714,F,40883
2,2,35,Female,RNAi,4.571428571,F,40883
2,4,35,Female,RNAi,4.285714286,F,40883
2,3,35,Female,RNAi,4.285714286,F,40883
2,5,35,Female,RNAi,4.285714286,F,40883
2,1,35,Female,RNAi,3.142857143,F,40883
2,5,36,Female,Control,4.285714286,F,40883
2,2,36,Female,Control,4.571428571,F,40883
2,4,36,Female,Control,4.285714286,F,40883
2,3,36,Female,Control,3.714285714,F,40883
2,1,36,Female,Control,4.285714286,F,40883
2,1,37,Female,Control,3.142857143,F,40883
2,4,37,Female,Control,2,F,40883
2,5,37,Female,Control,1.142857143,F,40883
2,2,37,Female,Control,1.714285714,F,40883
2,3,37,Female,Control,2,F,40883
2,4,38,Female,RNAi,2,F,40883
2,5,38,Female,RNAi,0.857142857,F,40883
2,2,38,Female,RNAi,2,F,40883
2,3,38,Female,RNAi,1.428571429,F,40883
2,1,38,Female,RNAi,1.428571429,F,40883
2,1,39,Male,RNAi,2,F,40883
2,4,39,Male,RNAi,0.857142857,F,40883
2,5,39,Male,RNAi,1.142857143,F,40883
2,2,39,Male,RNAi,0.571428571,F,40883
2,3,39,Male,RNAi,1.428571429,F,40883
2,4,40,Male,Control,2.857142857,F,40883
2,5,40,Male,Control,2.571428571,F,40883
2,2,40,Male,Control,1.428571429,F,40883
2,3,40,Male,Control,1.142857143,F,40883
2,1,40,Male,Control,0.857142857,F,40883
2,5,41,Female,RNAi,2.571428571,F,40883
2,2,41,Female,RNAi,3.142857143,F,40883
2,4,41,Female,RNAi,2.571428571,F,40883
2,3,41,Female,RNAi,4.571428571,F,40883
2,1,41,Female,RNAi,2,F,40883
2,1,42,Male,RNAi,2,F,40883
2,3,42,Male,RNAi,0.857142857,F,40883
2,5,42,Male,RNAi,1.142857143,F,40883
2,2,42,Male,RNAi,2.857142857,F,40883
2,4,42,Male,RNAi,1.428571429,F,40883
2,4,43,Male,Control,3.714285714,F,40883
2,1,43,Male,Control,3.714285714,F,40883
2,5,43,Male,Control,2,F,40883
2,2,43,Male,Control,1.714285714,F,40883
2,3,43,Male,Control,2.857142857,F,40883
2,5,44,Female,Control,2,F,40883
2,4,44,Female,Control,2,F,40883
2,3,44,Female,Control,3.428571429,F,40883
2,2,44,Female,Control,2.857142857,F,40883
2,1,44,Female,Control,2.285714286,F,40883
2,5,45,Male,Control,1.142857143,F,40883
2,4,45,Male,Control,0.571428571,F,40883
2,3,45,Male,Control,0.857142857,F,40883
2,2,45,Male,Control,1.142857143,F,40883
2,1,45,Male,Control,1.142857143,F,40883
2,5,46,Female,Control,8,F,40883
2,4,46,Female,Control,6,F,40883
2,3,46,Female,Control,2.571428571,F,40883
2,2,46,Female,Control,1.714285714,F,40883
2,1,46,Female,Control,1.142857143,F,40883
2,3,47,Male,RNAi,0.857142857,F,40883
2,4,47,Male,RNAi,2.857142857,F,40883
2,1,47,Male,RNAi,2,F,40883
2,5,47,Male,RNAi,0.571428571,F,40883
2,2,47,Male,RNAi,3.142857143,F,40883
2,2,48,Female,RNAi,1.428571429,F,40883
2,4,48,Female,RNAi,1.428571429,F,40883
2,1,48,Female,RNAi,2.571428571,F,40883
2,3,48,Female,RNAi,1.428571429,F,40883
2,5,48,Female,RNAi,1.428571429,F,40883
3,1,1,Male,RNAi,0.857142857,F,40883
3,3,1,Male,RNAi,1.428571429,F,40883
3,5,1,Male,RNAi,0.857142857,F,40883
3,2,1,Male,RNAi,0.857142857,F,40883
3,4,1,Male,RNAi,1.428571429,F,40883
3,4,2,Male,Control,2.285714286,F,40883
3,1,2,Male,Control,2,F,40883
3,5,2,Male,Control,0.285714286,F,40883
3,2,2,Male,Control,0.857142857,F,40883
3,3,2,Male,Control,0.571428571,F,40883
3,5,3,Female,RNAi,1.428571429,F,40883
3,4,3,Female,RNAi,1.428571429,F,40883
3,3,3,Female,RNAi,2.571428571,F,40883
3,2,3,Female,RNAi,2,F,40883
3,1,3,Female,RNAi,2,F,40883
3,5,4,Female,Control,8,F,40883
3,4,4,Female,Control,1.142857143,F,40883
3,3,4,Female,Control,8,F,40883
3,2,4,Female,Control,8,F,40883
3,1,4,Female,Control,6,F,40883
3,5,5,Female,Control,6,F,40883
3,4,5,Female,Control,8,F,40883
3,3,5,Female,Control,3.142857143,F,40883
3,2,5,Female,Control,6,F,40883
3,1,5,Female,Control,4.285714286,F,40883
3,3,6,Male,RNAi,1.714285714,F,40883
3,4,6,Male,RNAi,0.571428571,F,40883
3,1,6,Male,RNAi,2,F,40883
3,5,6,Male,RNAi,1.714285714,F,40883
3,2,6,Male,RNAi,0.857142857,F,40883
3,2,7,Female,RNAi,0.857142857,F,40883
3,4,7,Female,RNAi,2,F,40883
3,1,7,Female,RNAi,1.142857143,F,40883
3,3,7,Female,RNAi,2,F,40883
3,5,7,Female,RNAi,1.428571429,F,40883
3,5,8,Male,Control,1.142857143,F,40883
3,3,8,Male,Control,0.857142857,F,40883
3,2,8,Male,Control,1.428571429,F,40883
3,4,8,Male,Control,1.142857143,F,40883
3,1,8,Male,Control,2,F,40883
3,5,9,Female,RNAi,2.571428571,F,40883
3,3,9,Female,RNAi,2,F,40883
3,4,9,Female,RNAi,2,F,40883
3,1,9,Female,RNAi,1.714285714,F,40883
3,2,9,Female,RNAi,2,F,40883
3,3,10,Male,Control,1.714285714,F,40883
3,4,10,Male,Control,1.142857143,F,40883
3,1,10,Male,Control,1.142857143,F,40883
3,2,10,Male,Control,3.714285714,F,40883
3,5,10,Male,Control,1.142857143,F,40883
3,5,11,Male,RNAi,0.571428571,F,40883
3,3,11,Male,RNAi,0.857142857,F,40883
3,4,11,Male,RNAi,0.571428571,F,40883
3,1,11,Male,RNAi,1.142857143,F,40883
3,2,11,Male,RNAi,1.714285714,F,40883
3,3,12,Female,Control,2,F,40883
3,4,12,Female,Control,3.142857143,F,40883
3,1,12,Female,Control,0.857142857,F,40883
3,2,12,Female,Control,1.428571429,F,40883
3,5,12,Female,Control,4.571428571,F,40883
3,5,13,Female,Control,4.285714286,F,40883
3,3,13,Female,Control,6,F,40883
3,2,13,Female,Control,4.285714286,F,40883
3,4,13,Female,Control,8,F,40883
3,1,13,Female,Control,2.571428571,F,40883
3,5,14,Female,RNAi,2,F,40883
3,1,14,Female,RNAi,2,F,40883
3,3,14,Female,RNAi,1.142857143,F,40883
3,2,14,Female,RNAi,2,F,40883
3,4,14,Female,RNAi,3.142857143,F,40883
3,5,15,Male,RNAi,1.714285714,F,40883
3,4,15,Male,RNAi,1.142857143,F,40883
3,2,15,Male,RNAi,1.142857143,F,40883
3,3,15,Male,RNAi,1.142857143,F,40883
3,1,15,Male,RNAi,1.142857143,F,40883
3,3,16,Male,Control,2,F,40883
3,1,16,Male,Control,1.714285714,F,40883
3,4,16,Male,Control,2,F,40883
3,5,16,Male,Control,1.714285714,F,40883
3,2,16,Male,Control,1.142857143,F,40883
3,3,17,Male,RNAi,0.571428571,F,40883
3,1,17,Male,RNAi,1.142857143,F,40883
3,2,17,Male,RNAi,0.857142857,F,40883
3,5,17,Male,RNAi,0.857142857,F,40883
3,4,17,Male,RNAi,1.714285714,F,40883
3,3,18,Female,RNAi,0.571428571,F,40883
3,4,18,Female,RNAi,1.428571429,F,40883
3,2,18,Female,RNAi,1.142857143,F,40883
3,5,18,Female,RNAi,2,F,40883
3,1,18,Female,RNAi,0.571428571,F,40883
3,3,19,Female,Control,3.714285714,F,40883
3,4,19,Female,Control,3.714285714,F,40883
3,2,19,Female,Control,2.571428571,F,40883
3,5,19,Female,Control,2,F,40883
3,1,19,Female,Control,2.571428571,F,40883
3,5,20,Male,Control,2.285714286,F,40883
3,4,20,Male,Control,1.428571429,F,40883
3,2,20,Male,Control,0.857142857,F,40883
3,1,20,Male,Control,2.571428571,F,40883
3,3,20,Male,Control,0.857142857,F,40883
3,4,21,Female,RNAi,0.857142857,F,40883
3,5,21,Female,RNAi,1.142857143,F,40883
3,3,21,Female,RNAi,1.142857143,F,40883
3,2,21,Female,RNAi,0.857142857,F,40883
3,1,21,Female,RNAi,2.571428571,F,40883
3,4,22,Female,Control,2.571428571,F,40883
3,5,22,Female,Control,4.285714286,F,40883
3,3,22,Female,Control,4.285714286,F,40883
3,1,22,Female,Control,1.428571429,F,40883
3,2,22,Female,Control,2,F,40883
3,2,23,Male,Control,1.142857143,F,40883
3,5,23,Male,Control,0.857142857,F,40883
3,3,23,Male,Control,0.857142857,F,40883
3,1,23,Male,Control,3.142857143,F,40883
3,4,23,Male,Control,2.571428571,F,40883
3,2,24,Male,RNAi,1.428571429,F,40883
3,5,24,Male,RNAi,0.571428571,F,40883
3,3,24,Male,RNAi,1.428571429,F,40883
3,1,24,Male,RNAi,2,F,40883
3,4,24,Male,RNAi,0.857142857,F,40883
3,2,25,Female,Control,2.571428571,F,40883
3,5,25,Female,Control,3.142857143,F,40883
3,3,25,Female,Control,1.714285714,F,40883
3,1,25,Female,Control,4.285714286,F,40883
3,4,25,Female,Control,2.857142857,F,40883
3,4,26,Male,RNAi,1.714285714,F,40883
3,5,26,Male,RNAi,1.142857143,F,40883
3,3,26,Male,RNAi,1.142857143,F,40883
3,1,26,Male,RNAi,0.857142857,F,40883
3,2,26,Male,RNAi,1.142857143,F,40883
3,5,27,Male,Control,1.428571429,F,40883
3,4,27,Male,Control,2.571428571,F,40883
3,3,27,Male,Control,1.714285714,F,40883
3,1,27,Male,Control,1.428571429,F,40883
3,2,27,Male,Control,1.714285714,F,40883
3,3,28,Female,RNAi,1.142857143,F,40883
3,5,28,Female,RNAi,1.142857143,F,40883
3,4,28,Female,RNAi,2,F,40883
3,2,28,Female,RNAi,2,F,40883
3,1,28,Female,RNAi,2,F,40883
3,5,29,Male,Control,2,F,40883
3,1,29,Male,Control,1.142857143,F,40883
3,4,29,Male,Control,1.428571429,F,40883
3,2,29,Male,Control,2.285714286,F,40883
3,3,29,Male,Control,0.857142857,F,40883
3,5,30,Female,RNAi,2.285714286,F,40883
3,1,30,Female,RNAi,0.857142857,F,40883
3,4,30,Female,RNAi,2,F,40883
3,2,30,Female,RNAi,1.714285714,F,40883
3,3,30,Female,RNAi,2,F,40883
3,2,31,Female,Control,3.734693878,F,40883
3,1,31,Female,Control,2.102040816,F,40883
3,4,31,Female,Control,3.408163265,F,40883
3,5,31,Female,Control,7,F,40883
3,3,31,Female,Control,5.040816327,F,40883
3,4,32,Male,RNAi,0.795918367,F,40883
3,1,32,Male,RNAi,0.795918367,F,40883
3,2,32,Male,RNAi,0.469387755,F,40883
3,5,32,Male,RNAi,0.795918367,F,40883
3,3,32,Male,RNAi,0.795918367,F,40883
3,5,33,Female,RNAi,1.428571429,F,40883
3,3,33,Female,RNAi,1.142857143,F,40883
3,4,33,Female,RNAi,1.428571429,F,40883
3,2,33,Female,RNAi,0.857142857,F,40883
3,1,33,Female,RNAi,2,F,40883
3,2,34,Male,Control,1.714285714,F,40883
3,4,34,Male,Control,1.142857143,F,40883
3,3,34,Male,Control,1.428571429,F,40883
3,5,34,Male,Control,1.714285714,F,40883
3,1,34,Male,Control,1.714285714,F,40883
3,5,35,Male,RNAi,1.142857143,F,40883
3,2,35,Male,RNAi,1.142857143,F,40883
3,4,35,Male,RNAi,1.428571429,F,40883
3,3,35,Male,RNAi,0.571428571,F,40883
3,1,35,Male,RNAi,1.428571429,F,40883
3,1,36,Female,Control,3.428571429,F,40883
3,4,36,Female,Control,6,F,40883
3,5,36,Female,Control,8,F,40883
3,2,36,Female,Control,6,F,40883
3,3,36,Female,Control,6,F,40883
3,4,37,Female,RNAi,2,F,40883
3,5,37,Female,RNAi,1.714285714,F,40883
3,2,37,Female,RNAi,0.571428571,F,40883
3,3,37,Female,RNAi,0.857142857,F,40883
3,1,37,Female,RNAi,1.714285714,F,40883
3,1,38,Male,RNAi,0.857142857,F,40883
3,4,38,Male,RNAi,1.142857143,F,40883
3,5,38,Male,RNAi,1.142857143,F,40883
3,2,38,Male,RNAi,2,F,40883
3,3,38,Male,RNAi,0.571428571,F,40883
3,4,39,Female,Control,7,F,40883
3,5,39,Female,Control,7,F,40883
3,2,39,Female,Control,7,F,40883
3,3,39,Female,Control,7,F,40883
3,1,39,Female,Control,7,F,40883
3,5,40,Male,Control,2.571428571,F,40883
3,2,40,Male,Control,1.714285714,F,40883
3,4,40,Male,Control,2.285714286,F,40883
3,3,40,Male,Control,1.142857143,F,40883
3,1,40,Male,Control,1.714285714,F,40883
3,1,41,Female,RNAi,0.857142857,F,40883
3,3,41,Female,RNAi,0.857142857,F,40883
3,5,41,Female,RNAi,1.428571429,F,40883
3,2,41,Female,RNAi,0.571428571,F,40883
3,4,41,Female,RNAi,1.428571429,F,40883
3,4,42,Male,RNAi,3.142857143,F,40883
3,1,42,Male,RNAi,2,F,40883
3,5,42,Male,RNAi,1.714285714,F,40883
3,2,42,Male,RNAi,2,F,40883
3,3,42,Male,RNAi,2,F,40883
3,5,43,Male,Control,0.857142857,F,40883
3,4,43,Male,Control,1.714285714,F,40883
3,3,43,Male,Control,4.285714286,F,40883
3,2,43,Male,Control,1.428571429,F,40883
3,1,43,Male,Control,1.142857143,F,40883
3,5,44,Female,Control,4.571428571,F,40883
3,4,44,Female,Control,4.285714286,F,40883
3,3,44,Female,Control,6,F,40883
3,2,44,Female,Control,6,F,40883
3,1,44,Female,Control,2.857142857,F,40883
3,5,45,Female,Control,2,F,40883
3,4,45,Female,Control,3.142857143,F,40883
3,3,45,Female,Control,6,F,40883
3,2,45,Female,Control,6,F,40883
3,1,45,Female,Control,6,F,40883
3,3,46,Male,RNAi,2.571428571,F,40883
3,4,46,Male,RNAi,4.285714286,F,40883
3,1,46,Male,RNAi,4.285714286,F,40883
3,5,46,Male,RNAi,3.142857143,F,40883
3,2,46,Male,RNAi,2,F,40883
3,2,48,Male,Control,1.142857143,F,40883
3,4,48,Male,Control,0.571428571,F,40883
3,1,48,Male,Control,1.714285714,F,40883
3,3,48,Male,Control,0.857142857,F,40883
3,5,48,Male,Control,1.714285714,F,40883
1,1,1,Male,RNAi,1.428571429,G,39006
1,5,1,Male,RNAi,4.285714286,G,39006
1,3,1,Male,RNAi,2.571428571,G,39006
1,2,1,Male,RNAi,2.571428571,G,39006
1,4,1,Male,RNAi,4.285714286,G,39006
1,1,2,Male,Control,0.857142857,G,39006
1,2,2,Male,Control,2,G,39006
1,3,2,Male,Control,1.428571429,G,39006
1,5,2,Male,Control,2,G,39006
1,4,2,Male,Control,2,G,39006
1,1,3,Female,Control,3.714285714,G,39006
1,3,3,Female,Control,2.285714286,G,39006
1,2,3,Female,Control,2.285714286,G,39006
1,4,3,Female,Control,3.142857143,G,39006
1,5,3,Female,Control,2,G,39006
1,4,4,Female,RNAi,3.428571429,G,39006
1,3,4,Female,RNAi,3.428571429,G,39006
1,1,4,Female,RNAi,2.571428571,G,39006
1,5,4,Female,RNAi,2.571428571,G,39006
1,2,4,Female,RNAi,2.571428571,G,39006
1,4,5,Female,Control,2.571428571,G,39006
1,1,5,Female,Control,4.571428571,G,39006
1,5,5,Female,Control,4.571428571,G,39006
1,3,5,Female,Control,6,G,39006
1,2,5,Female,Control,6,G,39006
1,1,6,Male,RNAi,3.714285714,G,39006
1,2,6,Male,RNAi,1.714285714,G,39006
1,4,6,Male,RNAi,4.571428571,G,39006
1,3,6,Male,RNAi,2.571428571,G,39006
1,5,6,Male,RNAi,2,G,39006
1,2,7,Male,Control,1.428571429,G,39006
1,1,7,Male,Control,0.857142857,G,39006
1,3,7,Male,Control,1.714285714,G,39006
1,4,7,Male,Control,4.285714286,G,39006
1,5,7,Male,Control,3.142857143,G,39006
1,2,8,Female,RNAi,1.714285714,G,39006
1,4,8,Female,RNAi,2,G,39006
1,3,8,Female,RNAi,1.428571429,G,39006
1,1,8,Female,RNAi,0.857142857,G,39006
1,5,8,Female,RNAi,4.285714286,G,39006
1,5,9,Male,RNAi,3.428571429,G,39006
1,4,9,Male,RNAi,3.714285714,G,39006
1,2,9,Male,RNAi,0.857142857,G,39006
1,1,9,Male,RNAi,0.571428571,G,39006
1,3,9,Male,RNAi,2.571428571,G,39006
1,5,10,Female,Control,6,G,39006
1,1,10,Female,Control,6,G,39006
1,2,10,Female,Control,6,G,39006
1,4,10,Female,Control,3.714285714,G,39006
1,3,10,Female,Control,6,G,39006
1,5,11,Female,RNAi,3.142857143,G,39006
1,2,11,Female,RNAi,1.428571429,G,39006
1,1,11,Female,RNAi,1.714285714,G,39006
1,3,11,Female,RNAi,3.142857143,G,39006
1,4,11,Female,RNAi,3.142857143,G,39006
1,3,12,Male,Control,0.571428571,G,39006
1,2,12,Male,Control,1.142857143,G,39006
1,5,12,Male,Control,1.428571429,G,39006
1,4,12,Male,Control,0.857142857,G,39006
1,1,12,Male,Control,1.428571429,G,39006
1,3,13,Female,Control,8,G,39006
1,5,13,Female,Control,6,G,39006
1,4,13,Female,Control,6,G,39006
1,2,13,Female,Control,8,G,39006
1,1,13,Female,Control,8,G,39006
1,5,14,Male,RNAi,1.428571429,G,39006
1,1,14,Male,RNAi,1.142857143,G,39006
1,3,14,Male,RNAi,3.142857143,G,39006
1,2,14,Male,RNAi,1.714285714,G,39006
1,4,14,Male,RNAi,1.714285714,G,39006
1,1,15,Female,RNAi,2.285714286,G,39006
1,5,15,Female,RNAi,2.571428571,G,39006
1,2,15,Female,RNAi,3.714285714,G,39006
1,3,15,Female,RNAi,2,G,39006
1,4,15,Female,RNAi,1.428571429,G,39006
1,1,16,Male,Control,2,G,39006
1,3,16,Male,Control,0.571428571,G,39006
1,2,16,Male,Control,0.571428571,G,39006
1,5,16,Male,Control,0.857142857,G,39006
1,4,16,Male,Control,2,G,39006
1,4,17,Male,RNAi,2,G,39006
1,3,17,Male,RNAi,1.428571429,G,39006
1,1,17,Male,RNAi,4.285714286,G,39006
1,5,17,Male,RNAi,2.571428571,G,39006
1,2,17,Male,RNAi,2.571428571,G,39006
1,4,18,Female,RNAi,4.285714286,G,39006
1,5,18,Female,RNAi,2,G,39006
1,1,18,Female,RNAi,1.142857143,G,39006
1,3,18,Female,RNAi,3.142857143,G,39006
1,2,18,Female,RNAi,1.428571429,G,39006
1,4,19,Female,Control,8,G,39006
1,1,19,Female,Control,8,G,39006
1,5,19,Female,Control,8,G,39006
1,2,19,Female,Control,8,G,39006
1,3,19,Female,Control,8,G,39006
1,2,20,Male,Control,1.428571429,G,39006
1,1,20,Male,Control,2,G,39006
1,4,20,Male,Control,2.857142857,G,39006
1,3,20,Male,Control,1.714285714,G,39006
1,5,20,Male,Control,6,G,39006
1,2,21,Male,RNAi,1.142857143,G,39006
1,4,21,Male,RNAi,2.571428571,G,39006
1,3,21,Male,RNAi,2.857142857,G,39006
1,1,21,Male,RNAi,2,G,39006
1,5,21,Male,RNAi,1.142857143,G,39006
1,4,22,Male,Control,1.142857143,G,39006
1,5,22,Male,Control,2,G,39006
1,2,22,Male,Control,0.571428571,G,39006
1,1,22,Male,Control,3.142857143,G,39006
1,3,22,Male,Control,1.714285714,G,39006
1,5,23,Female,RNAi,3.714285714,G,39006
1,4,23,Female,RNAi,2,G,39006
1,1,23,Female,RNAi,2.571428571,G,39006
1,2,23,Female,RNAi,2.571428571,G,39006
1,3,23,Female,RNAi,2.571428571,G,39006
1,5,24,Female,Control,8,G,39006
1,2,24,Female,Control,4.285714286,G,39006
1,1,24,Female,Control,8,G,39006
1,4,24,Female,Control,2.857142857,G,39006
1,3,24,Female,Control,3.142857143,G,39006
1,3,25,Female,Control,4.571428571,G,39006
1,2,25,Female,Control,8,G,39006
1,5,25,Female,Control,8,G,39006
1,4,25,Female,Control,8,G,39006
1,1,25,Female,Control,8,G,39006
1,3,26,Male,RNAi,1.142857143,G,39006
1,4,26,Male,RNAi,1.714285714,G,39006
1,5,26,Male,RNAi,2.571428571,G,39006
1,2,26,Male,RNAi,1.714285714,G,39006
1,1,26,Male,RNAi,3.714285714,G,39006
1,3,27,Male,Control,8,G,39006
1,5,27,Male,Control,4.285714286,G,39006
1,4,27,Male,Control,8,G,39006
1,1,27,Male,Control,0.857142857,G,39006
1,2,27,Male,Control,8,G,39006
1,1,28,Female,RNAi,1.142857143,G,39006
1,5,28,Female,RNAi,0.571428571,G,39006
1,3,28,Female,RNAi,2.857142857,G,39006
1,2,28,Female,RNAi,2,G,39006
1,4,28,Female,RNAi,1.428571429,G,39006
1,1,29,Female,Control,4.285714286,G,39006
1,3,29,Female,Control,6,G,39006
1,2,29,Female,Control,6,G,39006
1,5,29,Female,Control,4.285714286,G,39006
1,4,29,Female,Control,6,G,39006
1,3,30,Male,Control,3.142857143,G,39006
1,4,30,Male,Control,1.142857143,G,39006
1,1,30,Male,Control,1.714285714,G,39006
1,5,30,Male,Control,1.428571429,G,39006
1,2,30,Male,Control,1.428571429,G,39006
1,4,31,Male,RNAi,2.571428571,G,39006
1,3,31,Male,RNAi,4.285714286,G,39006
1,5,31,Male,RNAi,2,G,39006
1,1,31,Male,RNAi,1.714285714,G,39006
1,2,31,Male,RNAi,3.142857143,G,39006
1,4,32,Female,RNAi,1.142857143,G,39006
1,1,32,Female,RNAi,2,G,39006
1,5,32,Female,RNAi,1.142857143,G,39006
1,3,32,Female,RNAi,1.714285714,G,39006
1,2,32,Female,RNAi,2.571428571,G,39006
1,2,33,Male,RNAi,2.571428571,G,39006
1,1,33,Male,RNAi,3.142857143,G,39006
1,4,33,Male,RNAi,2.285714286,G,39006
1,3,33,Male,RNAi,2.571428571,G,39006
1,5,33,Male,RNAi,2.857142857,G,39006
1,2,34,Female,Control,2,G,39006
1,3,34,Female,Control,3.428571429,G,39006
1,4,34,Female,Control,6,G,39006
1,1,34,Female,Control,6,G,39006
1,5,34,Female,Control,4.285714286,G,39006
1,2,35,Female,RNAi,4.571428571,G,39006
1,4,35,Female,RNAi,3.142857143,G,39006
1,3,35,Female,RNAi,1.714285714,G,39006
1,5,35,Female,RNAi,1.142857143,G,39006
1,1,35,Female,RNAi,1.142857143,G,39006
1,5,36,Male,Control,2,G,39006
1,4,36,Male,Control,4.285714286,G,39006
1,2,36,Male,Control,2.571428571,G,39006
1,1,36,Male,Control,1.428571429,G,39006
1,3,36,Male,Control,2.571428571,G,39006
1,5,37,Male,Control,1.428571429,G,39006
1,2,37,Male,Control,2.571428571,G,39006
1,1,37,Male,Control,0.571428571,G,39006
1,4,37,Male,Control,2.857142857,G,39006
1,3,37,Male,Control,4.571428571,G,39006
1,2,38,Male,RNAi,2,G,39006
1,3,38,Male,RNAi,2.571428571,G,39006
1,5,38,Male,RNAi,4.571428571,G,39006
1,4,38,Male,RNAi,2.571428571,G,39006
1,1,38,Male,RNAi,3.142857143,G,39006
1,3,39,Female,Control,1.428571429,G,39006
1,2,39,Female,Control,4.571428571,G,39006
1,4,39,Female,Control,3.428571429,G,39006
1,5,39,Female,Control,2.571428571,G,39006
1,1,39,Female,Control,2.571428571,G,39006
1,3,40,Female,RNAi,2.285714286,G,39006
1,5,40,Female,RNAi,2,G,39006
1,4,40,Female,RNAi,1.428571429,G,39006
1,2,40,Female,RNAi,2,G,39006
1,1,40,Female,RNAi,1.428571429,G,39006
1,1,41,Female,RNAi,0.857142857,G,39006
1,5,41,Female,RNAi,2.571428571,G,39006
1,3,41,Female,RNAi,0.857142857,G,39006
1,2,41,Female,RNAi,2,G,39006
1,4,41,Female,RNAi,2,G,39006
1,1,42,Male,Control,4.285714286,G,39006
1,2,42,Male,Control,1.428571429,G,39006
1,3,42,Male,Control,2.571428571,G,39006
1,5,42,Male,Control,1.428571429,G,39006
1,4,42,Male,Control,3.142857143,G,39006
1,1,43,Male,RNAi,3.142857143,G,39006
1,3,43,Male,RNAi,1.142857143,G,39006
1,2,43,Male,RNAi,3.142857143,G,39006
1,4,43,Male,RNAi,1.714285714,G,39006
1,5,43,Male,RNAi,2,G,39006
1,4,44,Female,Control,8,G,39006
1,3,44,Female,Control,8,G,39006
1,1,44,Female,Control,8,G,39006
1,5,44,Female,Control,8,G,39006
1,2,44,Female,Control,8,G,39006
1,4,45,Male,Control,1.714285714,G,39006
1,1,45,Male,Control,2.571428571,G,39006
1,5,45,Male,Control,3.142857143,G,39006
1,3,45,Male,Control,0.857142857,G,39006
1,2,45,Male,Control,1.142857143,G,39006
1,1,46,Male,RNAi,2,G,39006
1,2,46,Male,RNAi,1.428571429,G,39006
1,4,46,Male,RNAi,3.714285714,G,39006
1,3,46,Male,RNAi,1.714285714,G,39006
1,5,46,Male,RNAi,2,G,39006
1,2,47,Female,Control,4.285714286,G,39006
1,1,47,Female,Control,4.285714286,G,39006
1,3,47,Female,Control,1.142857143,G,39006
1,4,47,Female,Control,3.142857143,G,39006
1,5,47,Female,Control,2.571428571,G,39006
1,2,48,Female,RNAi,2.857142857,G,39006
1,4,48,Female,RNAi,3.142857143,G,39006
1,3,48,Female,RNAi,3.142857143,G,39006
1,1,48,Female,RNAi,1.142857143,G,39006
1,5,48,Female,RNAi,4.285714286,G,39006
2,1,1,Female,RNAi,0.857142857,G,39006
2,5,1,Female,RNAi,2,G,39006
2,3,1,Female,RNAi,1.714285714,G,39006
2,2,1,Female,RNAi,0.857142857,G,39006
2,4,1,Female,RNAi,1.714285714,G,39006
2,1,2,Male,Control,2,G,39006
2,2,2,Male,Control,1.142857143,G,39006
2,3,2,Male,Control,1.142857143,G,39006
2,5,2,Male,Control,0.857142857,G,39006
2,4,2,Male,Control,1.714285714,G,39006
2,1,3,Female,Control,1.714285714,G,39006
2,3,3,Female,Control,2,G,39006
2,2,3,Female,Control,0.857142857,G,39006
2,4,3,Female,Control,3.142857143,G,39006
2,5,3,Female,Control,1.714285714,G,39006
2,4,4,Male,RNAi,1.428571429,G,39006
2,3,4,Male,RNAi,1.428571429,G,39006
2,1,4,Male,RNAi,4.285714286,G,39006
2,5,4,Male,RNAi,1.714285714,G,39006
2,2,4,Male,RNAi,1.142857143,G,39006
2,4,5,Female,RNAi,1.428571429,G,39006
2,1,5,Female,RNAi,0.857142857,G,39006
2,5,5,Female,RNAi,0.857142857,G,39006
2,3,5,Female,RNAi,1.428571429,G,39006
2,2,5,Female,RNAi,1.428571429,G,39006
2,1,6,Male,Control,3.142857143,G,39006
2,2,6,Male,Control,1.142857143,G,39006
2,4,6,Male,Control,1.142857143,G,39006
2,3,6,Male,Control,1.142857143,G,39006
2,5,6,Male,Control,0.857142857,G,39006
2,2,7,Male,RNAi,1.142857143,G,39006
2,1,7,Male,RNAi,1.142857143,G,39006
2,3,7,Male,RNAi,1.428571429,G,39006
2,4,7,Male,RNAi,0.571428571,G,39006
2,5,7,Male,RNAi,0.857142857,G,39006
2,2,8,Female,Control,4.571428571,G,39006
2,4,8,Female,Control,2.571428571,G,39006
2,3,8,Female,Control,3.142857143,G,39006
2,1,8,Female,Control,4.571428571,G,39006
2,5,8,Female,Control,4.285714286,G,39006
2,5,9,Female,Control,1.714285714,G,39006
2,4,9,Female,Control,3.142857143,G,39006
2,2,9,Female,Control,2.857142857,G,39006
2,1,9,Female,Control,8,G,39006
2,3,9,Female,Control,2,G,39006
2,5,10,Male,Control,0.795918367,G,39006
2,1,10,Male,Control,0.795918367,G,39006
2,2,10,Male,Control,1.12244898,G,39006
2,4,10,Male,Control,0.795918367,G,39006
2,3,10,Male,Control,0.795918367,G,39006
2,5,11,Male,RNAi,0.795918367,G,39006
2,2,11,Male,RNAi,1.775510204,G,39006
2,1,11,Male,RNAi,1.12244898,G,39006
2,3,11,Male,RNAi,2.102040816,G,39006
2,4,11,Male,RNAi,3.081632653,G,39006
2,3,12,Female,RNAi,1.428571429,G,39006
2,2,12,Female,RNAi,1.714285714,G,39006
2,5,12,Female,RNAi,2.285714286,G,39006
2,4,12,Female,RNAi,2,G,39006
2,1,12,Female,RNAi,1.142857143,G,39006
2,3,13,Male,Control,2.285714286,G,39006
2,5,13,Male,Control,1.142857143,G,39006
2,4,13,Male,Control,1.142857143,G,39006
2,2,13,Male,Control,1.142857143,G,39006
2,1,13,Male,Control,1.142857143,G,39006
2,5,14,Female,RNAi,1.142857143,G,39006
2,1,14,Female,RNAi,2,G,39006
2,3,14,Female,RNAi,1.428571429,G,39006
2,2,14,Female,RNAi,1.428571429,G,39006
2,4,14,Female,RNAi,1.142857143,G,39006
2,1,15,Female,Control,1.714285714,G,39006
2,5,15,Female,Control,2,G,39006
2,2,15,Female,Control,4.571428571,G,39006
2,3,15,Female,Control,1.714285714,G,39006
2,4,15,Female,Control,2.571428571,G,39006
2,1,16,Male,RNAi,2,G,39006
2,3,16,Male,RNAi,0.857142857,G,39006
2,2,16,Male,RNAi,1.714285714,G,39006
2,5,16,Male,RNAi,1.714285714,G,39006
2,4,16,Male,RNAi,2.571428571,G,39006
2,4,17,Female,RNAi,3.408163265,G,39006
2,3,17,Female,RNAi,1.12244898,G,39006
2,1,17,Female,RNAi,0.795918367,G,39006
2,5,17,Female,RNAi,1.775510204,G,39006
2,2,17,Female,RNAi,2.428571429,G,39006
2,4,18,Female,Control,1.714285714,G,39006
2,5,18,Female,Control,8,G,39006
2,1,18,Female,Control,2,G,39006
2,3,18,Female,Control,1.428571429,G,39006
2,2,18,Female,Control,0.571428571,G,39006
2,4,19,Male,RNAi,0.857142857,G,39006
2,1,19,Male,RNAi,1.428571429,G,39006
2,5,19,Male,RNAi,1.428571429,G,39006
2,2,19,Male,RNAi,1.428571429,G,39006
2,3,19,Male,RNAi,1.142857143,G,39006
2,2,20,Male,Control,1.428571429,G,39006
2,1,20,Male,Control,1.142857143,G,39006
2,4,20,Male,Control,2.571428571,G,39006
2,3,20,Male,Control,2.857142857,G,39006
2,5,20,Male,Control,2,G,39006
2,2,21,Male,RNAi,1.142857143,G,39006
2,4,21,Male,RNAi,2,G,39006
2,3,21,Male,RNAi,1.714285714,G,39006
2,1,21,Male,RNAi,0.571428571,G,39006
2,5,21,Male,RNAi,1.428571429,G,39006
2,4,22,Male,Control,0.857142857,G,39006
2,5,22,Male,Control,1.142857143,G,39006
2,2,22,Male,Control,0.857142857,G,39006
2,1,22,Male,Control,1.714285714,G,39006
2,3,22,Male,Control,1.142857143,G,39006
2,5,23,Female,Control,1.714285714,G,39006
2,4,23,Female,Control,1.428571429,G,39006
2,1,23,Female,Control,2.571428571,G,39006
2,2,23,Female,Control,2,G,39006
2,3,23,Female,Control,3.142857143,G,39006
2,5,24,Female,RNAi,2.102040816,G,39006
2,2,24,Female,RNAi,0.469387755,G,39006
2,1,24,Female,RNAi,2.428571429,G,39006
2,4,24,Female,RNAi,2.102040816,G,39006
2,3,24,Female,RNAi,1.12244898,G,39006
2,3,25,Female,RNAi,3.142857143,G,39006
2,2,25,Female,RNAi,2.285714286,G,39006
2,5,25,Female,RNAi,2,G,39006
2,4,25,Female,RNAi,1.142857143,G,39006
2,1,25,Female,RNAi,2,G,39006
2,3,26,Male,RNAi,2,G,39006
2,4,26,Male,RNAi,1.428571429,G,39006
2,5,26,Male,RNAi,1.142857143,G,39006
2,2,26,Male,RNAi,3.142857143,G,39006
2,1,26,Male,RNAi,0.857142857,G,39006
2,3,27,Female,Control,2.857142857,G,39006
2,5,27,Female,Control,4.285714286,G,39006
2,4,27,Female,Control,4.285714286,G,39006
2,1,27,Female,Control,1.428571429,G,39006
2,2,27,Female,Control,1.714285714,G,39006
2,1,28,Male,Control,2.571428571,G,39006
2,5,28,Male,Control,2,G,39006
2,3,28,Male,Control,8,G,39006
2,2,28,Male,Control,6,G,39006
2,4,28,Male,Control,2,G,39006
2,1,29,Male,RNAi,1.142857143,G,39006
2,3,29,Male,RNAi,1.428571429,G,39006
2,2,29,Male,RNAi,2.571428571,G,39006
2,5,29,Male,RNAi,1.714285714,G,39006
2,4,29,Male,RNAi,1.428571429,G,39006
2,3,30,Female,Control,6,G,39006
2,4,30,Female,Control,2,G,39006
2,1,30,Female,Control,4.571428571,G,39006
2,5,30,Female,Control,2.857142857,G,39006
2,2,30,Female,Control,4.285714286,G,39006
2,4,31,Female,RNAi,0.469387755,G,39006
2,3,31,Female,RNAi,2.102040816,G,39006
2,5,31,Female,RNAi,1.12244898,G,39006
2,1,31,Female,RNAi,0.795918367,G,39006
2,2,31,Female,RNAi,1.448979592,G,39006
2,4,32,Male,Control,2.571428571,G,39006
2,1,32,Male,Control,3.142857143,G,39006
2,5,32,Male,Control,3.142857143,G,39006
2,3,32,Male,Control,6,G,39006
2,2,32,Male,Control,3.142857143,G,39006
2,2,33,Female,RNAi,2.857142857,G,39006
2,1,33,Female,RNAi,1.142857143,G,39006
2,4,33,Female,RNAi,1.428571429,G,39006
2,3,33,Female,RNAi,2.571428571,G,39006
2,5,33,Female,RNAi,2.285714286,G,39006
2,2,34,Male,Control,1.142857143,G,39006
2,3,34,Male,Control,2.857142857,G,39006
2,4,34,Male,Control,1.714285714,G,39006
2,1,34,Male,Control,0.857142857,G,39006
2,5,34,Male,Control,3.142857143,G,39006
2,2,35,Female,Control,2,G,39006
2,4,35,Female,Control,3.142857143,G,39006
2,3,35,Female,Control,0.857142857,G,39006
2,5,35,Female,Control,2,G,39006
2,1,35,Female,Control,1.428571429,G,39006
2,5,36,Male,RNAi,1.428571429,G,39006
2,4,36,Male,RNAi,2.571428571,G,39006
2,2,36,Male,RNAi,3.142857143,G,39006
2,1,36,Male,RNAi,2.571428571,G,39006
2,3,36,Male,RNAi,1.428571429,G,39006
2,5,37,Male,RNAi,2,G,39006
2,2,37,Male,RNAi,1.428571429,G,39006
2,1,37,Male,RNAi,1.142857143,G,39006
2,4,37,Male,RNAi,1.428571429,G,39006
2,3,37,Male,RNAi,3.142857143,G,39006
2,2,38,Female,Control,0.857142857,G,39006
2,3,38,Female,Control,0.857142857,G,39006
2,5,38,Female,Control,2.857142857,G,39006
2,4,38,Female,Control,4.285714286,G,39006
2,1,38,Female,Control,1.142857143,G,39006
2,3,39,Male,Control,0.571428571,G,39006
2,2,39,Male,Control,2,G,39006
2,4,39,Male,Control,4.285714286,G,39006
2,5,39,Male,Control,2,G,39006
2,1,39,Male,Control,0.571428571,G,39006
2,3,40,Female,RNAi,1.714285714,G,39006
2,5,40,Female,RNAi,0.857142857,G,39006
2,4,40,Female,RNAi,2,G,39006
2,2,40,Female,RNAi,1.714285714,G,39006
2,1,40,Female,RNAi,3.142857143,G,39006
2,1,41,Male,RNAi,3.142857143,G,39006
2,5,41,Male,RNAi,2,G,39006
2,3,41,Male,RNAi,1.428571429,G,39006
2,2,41,Male,RNAi,2.571428571,G,39006
2,4,41,Male,RNAi,0.571428571,G,39006
2,1,42,Female,Control,2.571428571,G,39006
2,2,42,Female,Control,1.142857143,G,39006
2,3,42,Female,Control,2.571428571,G,39006
2,5,42,Female,Control,1.714285714,G,39006
2,4,42,Female,Control,1.142857143,G,39006
2,1,43,Male,Control,4.571428571,G,39006
2,3,43,Male,Control,6,G,39006
2,2,43,Male,Control,3.142857143,G,39006
2,4,43,Male,Control,4.285714286,G,39006
2,5,43,Male,Control,2.285714286,G,39006
2,4,44,Female,RNAi,0.857142857,G,39006
2,3,44,Female,RNAi,1.142857143,G,39006
2,1,44,Female,RNAi,1.428571429,G,39006
2,5,44,Female,RNAi,2.571428571,G,39006
2,2,44,Female,RNAi,1.428571429,G,39006
2,4,45,Female,Control,2.857142857,G,39006
2,1,45,Female,Control,1.714285714,G,39006
2,5,45,Female,Control,6,G,39006
2,3,45,Female,Control,1.714285714,G,39006
2,2,45,Female,Control,3.714285714,G,39006
2,1,46,Male,Control,0.857142857,G,39006
2,2,46,Male,Control,2,G,39006
2,4,46,Male,Control,1.428571429,G,39006
2,3,46,Male,Control,2.857142857,G,39006
2,5,46,Male,Control,1.428571429,G,39006
2,2,47,Male,RNAi,1.142857143,G,39006
2,1,47,Male,RNAi,2,G,39006
2,3,47,Male,RNAi,3.142857143,G,39006
2,4,47,Male,RNAi,1.428571429,G,39006
2,5,47,Male,RNAi,2,G,39006
2,2,48,Female,RNAi,4.571428571,G,39006
2,4,48,Female,RNAi,3.714285714,G,39006
2,3,48,Female,RNAi,1.428571429,G,39006
2,1,48,Female,RNAi,2.857142857,G,39006
2,5,48,Female,RNAi,1.142857143,G,39006
3,1,1,Female,RNAi,4.285714286,G,39006
3,5,1,Female,RNAi,2.571428571,G,39006
3,3,1,Female,RNAi,1.714285714,G,39006
3,2,1,Female,RNAi,0.857142857,G,39006
3,4,1,Female,RNAi,2,G,39006
3,1,2,Female,Control,0.857142857,G,39006
3,2,2,Female,Control,1.428571429,G,39006
3,3,2,Female,Control,6,G,39006
3,5,2,Female,Control,2.571428571,G,39006
3,4,2,Female,Control,6,G,39006
3,1,3,Male,RNAi,2,G,39006
3,3,3,Male,RNAi,2,G,39006
3,2,3,Male,RNAi,1.428571429,G,39006
3,4,3,Male,RNAi,2.571428571,G,39006
3,5,3,Male,RNAi,0.285714286,G,39006
3,4,4,Male,Control,1.714285714,G,39006
3,3,4,Male,Control,4.285714286,G,39006
3,1,4,Male,Control,2,G,39006
3,5,4,Male,Control,2,G,39006
3,2,4,Male,Control,1.714285714,G,39006
3,4,5,Male,RNAi,1.428571429,G,39006
3,1,5,Male,RNAi,2.285714286,G,39006
3,5,5,Male,RNAi,0.857142857,G,39006
3,3,5,Male,RNAi,2.285714286,G,39006
3,2,5,Male,RNAi,3.142857143,G,39006
3,1,6,Female,Control,2,G,39006
3,2,6,Female,Control,2.571428571,G,39006
3,4,6,Female,Control,4.285714286,G,39006
3,3,6,Female,Control,4.571428571,G,39006
3,5,6,Female,Control,3.142857143,G,39006
3,2,7,Male,Control,3.142857143,G,39006
3,1,7,Male,Control,3.142857143,G,39006
3,3,7,Male,Control,0.857142857,G,39006
3,4,7,Male,Control,3.142857143,G,39006
3,5,7,Male,Control,2,G,39006
3,2,8,Female,RNAi,2,G,39006
3,4,8,Female,RNAi,2,G,39006
3,3,8,Female,RNAi,1.428571429,G,39006
3,1,8,Female,RNAi,0.857142857,G,39006
3,5,8,Female,RNAi,2,G,39006
3,5,9,Male,Control,1.428571429,G,39006
3,4,9,Male,Control,2,G,39006
3,2,9,Male,Control,1.142857143,G,39006
3,1,9,Male,Control,1.714285714,G,39006
3,3,9,Male,Control,0.285714286,G,39006
3,5,10,Male,RNAi,1.428571429,G,39006
3,1,10,Male,RNAi,2.571428571,G,39006
3,2,10,Male,RNAi,2.571428571,G,39006
3,4,10,Male,RNAi,0.857142857,G,39006
3,3,10,Male,RNAi,0.571428571,G,39006
3,5,11,Female,Control,6,G,39006
3,2,11,Female,Control,4.285714286,G,39006
3,1,11,Female,Control,2.285714286,G,39006
3,3,11,Female,Control,6,G,39006
3,4,11,Female,Control,8,G,39006
3,3,12,Female,RNAi,3.142857143,G,39006
3,2,12,Female,RNAi,6,G,39006
3,5,12,Female,RNAi,2.857142857,G,39006
3,4,12,Female,RNAi,1.428571429,G,39006
3,1,12,Female,RNAi,1.428571429,G,39006
3,3,13,Male,Control,2.571428571,G,39006
3,5,13,Male,Control,1.714285714,G,39006
3,4,13,Male,Control,1.428571429,G,39006
3,2,13,Male,Control,1.142857143,G,39006
3,1,13,Male,Control,2,G,39006
3,5,14,Male,RNAi,2.285714286,G,39006
3,1,14,Male,RNAi,3.714285714,G,39006
3,3,14,Male,RNAi,1.428571429,G,39006
3,2,14,Male,RNAi,0.571428571,G,39006
3,4,14,Male,RNAi,3.142857143,G,39006
3,1,15,Female,Control,7,G,39006
3,5,15,Female,Control,2.428571429,G,39006
3,2,15,Female,Control,5.040816327,G,39006
3,3,15,Female,Control,7,G,39006
3,4,15,Female,Control,1.775510204,G,39006
3,1,16,Female,RNAi,0.571428571,G,39006
3,3,16,Female,RNAi,1.142857143,G,39006
3,2,16,Female,RNAi,3.142857143,G,39006
3,5,16,Female,RNAi,0.857142857,G,39006
3,4,16,Female,RNAi,2.857142857,G,39006
3,4,17,Male,Control,2,G,39006
3,3,17,Male,Control,1.428571429,G,39006
3,1,17,Male,Control,2.571428571,G,39006
3,5,17,Male,Control,2,G,39006
3,2,17,Male,Control,1.428571429,G,39006
3,4,18,Female,Control,3.142857143,G,39006
3,5,18,Female,Control,2.571428571,G,39006
3,1,18,Female,Control,4.285714286,G,39006
3,3,18,Female,Control,1.428571429,G,39006
3,2,18,Female,Control,3.142857143,G,39006
3,4,19,Male,RNAi,1.12244898,G,39006
3,1,19,Male,RNAi,1.12244898,G,39006
3,5,19,Male,RNAi,0.795918367,G,39006
3,2,19,Male,RNAi,1.12244898,G,39006
3,3,19,Male,RNAi,1.775510204,G,39006
3,2,20,Female,RNAi,6,G,39006
3,1,20,Female,RNAi,2.857142857,G,39006
3,4,20,Female,RNAi,8,G,39006
3,3,20,Female,RNAi,8,G,39006
3,5,20,Female,RNAi,2.857142857,G,39006
3,2,21,Male,Control,0.571428571,G,39006
3,4,21,Male,Control,3.142857143,G,39006
3,3,21,Male,Control,6,G,39006
3,1,21,Male,Control,2.285714286,G,39006
3,5,21,Male,Control,2.857142857,G,39006
3,4,22,Male,RNAi,1.714285714,G,39006
3,5,22,Male,RNAi,2,G,39006
3,2,22,Male,RNAi,2,G,39006
3,1,22,Male,RNAi,2.571428571,G,39006
3,3,22,Male,RNAi,1.428571429,G,39006
3,5,23,Female,Control,8,G,39006
3,4,23,Female,Control,6,G,39006
3,1,23,Female,Control,2.571428571,G,39006
3,2,23,Female,Control,2.571428571,G,39006
3,3,23,Female,Control,3.142857143,G,39006
3,5,24,Female,RNAi,1.714285714,G,39006
3,2,24,Female,RNAi,2.857142857,G,39006
3,1,24,Female,RNAi,3.714285714,G,39006
3,4,24,Female,RNAi,3.142857143,G,39006
3,3,24,Female,RNAi,2.857142857,G,39006
3,3,25,Male,RNAi,2,G,39006
3,2,25,Male,RNAi,3.714285714,G,39006
3,5,25,Male,RNAi,3.142857143,G,39006
3,4,25,Male,RNAi,3.142857143,G,39006
3,1,25,Male,RNAi,0.857142857,G,39006
3,3,26,Male,Control,2,G,39006
3,4,26,Male,Control,0.857142857,G,39006
3,5,26,Male,Control,1.428571429,G,39006
3,2,26,Male,Control,0.571428571,G,39006
3,1,26,Male,Control,1.142857143,G,39006
3,3,27,Female,Control,1.142857143,G,39006
3,5,27,Female,Control,3.142857143,G,39006
3,4,27,Female,Control,2.285714286,G,39006
3,1,27,Female,Control,4.571428571,G,39006
3,2,27,Female,Control,1.142857143,G,39006
3,1,28,Female,RNAi,2,G,39006
3,5,28,Female,RNAi,3.714285714,G,39006
3,3,28,Female,RNAi,3.142857143,G,39006
3,2,28,Female,RNAi,2.857142857,G,39006
3,4,28,Female,RNAi,3.142857143,G,39006
3,1,29,Male,Control,1.142857143,G,39006
3,3,29,Male,Control,0.857142857,G,39006
3,2,29,Male,Control,2,G,39006
3,5,29,Male,Control,4.285714286,G,39006
3,4,29,Male,Control,2.857142857,G,39006
3,3,30,Female,RNAi,1.714285714,G,39006
3,4,30,Female,RNAi,1.428571429,G,39006
3,1,30,Female,RNAi,1.428571429,G,39006
3,5,30,Female,RNAi,1.714285714,G,39006
3,2,30,Female,RNAi,1.428571429,G,39006
3,4,31,Male,RNAi,1.428571429,G,39006
3,3,31,Male,RNAi,1.142857143,G,39006
3,5,31,Male,RNAi,1.428571429,G,39006
3,1,31,Male,RNAi,0.857142857,G,39006
3,2,31,Male,RNAi,1.142857143,G,39006
3,4,32,Female,Control,3.142857143,G,39006
3,1,32,Female,Control,2,G,39006
3,5,32,Female,Control,0.857142857,G,39006
3,3,32,Female,Control,2.571428571,G,39006
3,2,32,Female,Control,1.428571429,G,39006
3,2,33,Male,Control,1.428571429,G,39006
3,1,33,Male,Control,1.142857143,G,39006
3,4,33,Male,Control,1.428571429,G,39006
3,3,33,Male,Control,3.142857143,G,39006
3,5,33,Male,Control,0.857142857,G,39006
3,2,34,Female,RNAi,2.102040816,G,39006
3,3,34,Female,RNAi,1.12244898,G,39006
3,4,34,Female,RNAi,2.428571429,G,39006
3,1,34,Female,RNAi,3.408163265,G,39006
3,5,34,Female,RNAi,0.795918367,G,39006
3,2,35,Male,RNAi,0.469387755,G,39006
3,4,35,Male,RNAi,2.102040816,G,39006
3,3,35,Male,RNAi,1.448979592,G,39006
3,5,35,Male,RNAi,0.795918367,G,39006
3,1,35,Male,RNAi,2.428571429,G,39006
3,5,36,Female,Control,3.714285714,G,39006
3,4,36,Female,Control,1.714285714,G,39006
3,2,36,Female,Control,4.285714286,G,39006
3,1,36,Female,Control,4.285714286,G,39006
3,3,36,Female,Control,1.714285714,G,39006
3,5,37,Male,RNAi,1.448979592,G,39006
3,2,37,Male,RNAi,2.428571429,G,39006
3,1,37,Male,RNAi,1.448979592,G,39006
3,4,37,Male,RNAi,2.428571429,G,39006
3,3,37,Male,RNAi,2.428571429,G,39006
3,2,38,Female,Control,6,G,39006
3,3,38,Female,Control,8,G,39006
3,5,38,Female,Control,1.714285714,G,39006
3,4,38,Female,Control,4.285714286,G,39006
3,1,38,Female,Control,6,G,39006
3,3,39,Female,RNAi,1.714285714,G,39006
3,2,39,Female,RNAi,1.714285714,G,39006
3,4,39,Female,RNAi,3.714285714,G,39006
3,5,39,Female,RNAi,3.142857143,G,39006
3,1,39,Female,RNAi,1.142857143,G,39006
3,3,40,Male,Control,2.285714286,G,39006
3,5,40,Male,Control,1.428571429,G,39006
3,4,40,Male,Control,3.142857143,G,39006
3,2,40,Male,Control,6,G,39006
3,1,40,Male,Control,6,G,39006
3,1,41,Male,Control,2.571428571,G,39006
3,5,41,Male,Control,3.714285714,G,39006
3,3,41,Male,Control,2.571428571,G,39006
3,2,41,Male,Control,4.571428571,G,39006
3,4,41,Male,Control,4.285714286,G,39006
3,1,42,Female,RNAi,1.142857143,G,39006
3,2,42,Female,RNAi,2.285714286,G,39006
3,3,42,Female,RNAi,2.571428571,G,39006
3,5,42,Female,RNAi,3.142857143,G,39006
3,4,42,Female,RNAi,3.142857143,G,39006
3,1,43,Male,RNAi,1.714285714,G,39006
3,3,43,Male,RNAi,1.714285714,G,39006
3,2,43,Male,RNAi,2,G,39006
3,4,43,Male,RNAi,0.857142857,G,39006
3,5,43,Male,RNAi,2,G,39006
3,4,44,Female,Control,2,G,39006
3,3,44,Female,Control,2.857142857,G,39006
3,1,44,Female,Control,2,G,39006
3,5,44,Female,Control,2.571428571,G,39006
3,2,44,Female,Control,1.714285714,G,39006
3,4,45,Female,RNAi,4.571428571,G,39006
3,1,45,Female,RNAi,6,G,39006
3,5,45,Female,RNAi,2.571428571,G,39006
3,3,45,Female,RNAi,2,G,39006
3,2,45,Female,RNAi,3.142857143,G,39006
3,1,46,Male,RNAi,1.428571429,G,39006
3,2,46,Male,RNAi,1.428571429,G,39006
3,4,46,Male,RNAi,2,G,39006
3,3,46,Male,RNAi,2,G,39006
3,5,46,Male,RNAi,1.142857143,G,39006
3,2,47,Female,Control,3.142857143,G,39006
3,1,47,Female,Control,1.714285714,G,39006
3,3,47,Female,Control,3.142857143,G,39006
3,4,47,Female,Control,4.285714286,G,39006
3,5,47,Female,Control,4.285714286,G,39006
3,2,48,Male,Control,4.571428571,G,39006
3,4,48,Male,Control,4.285714286,G,39006
3,3,48,Male,Control,3.428571429,G,39006
3,1,48,Male,Control,2.857142857,G,39006
3,5,48,Male,Control,1.714285714,G,39006
1,1,1,Male,RNAi,2,H,28757
1,5,1,Male,RNAi,3.428571429,H,28757
1,3,1,Male,RNAi,3.142857143,H,28757
1,2,1,Male,RNAi,2.857142857,H,28757
1,4,1,Male,RNAi,2.571428571,H,28757
1,1,2,Female,RNAi,2.857142857,H,28757
1,2,2,Female,RNAi,4.285714286,H,28757
1,3,2,Female,RNAi,4.285714286,H,28757
1,5,2,Female,RNAi,6,H,28757
1,4,2,Female,RNAi,4.285714286,H,28757
1,1,3,Male,Control,1.142857143,H,28757
1,3,3,Male,Control,3.142857143,H,28757
1,2,3,Male,Control,2.571428571,H,28757
1,4,3,Male,Control,1.142857143,H,28757
1,5,3,Male,Control,1.142857143,H,28757
1,4,4,Female,Control,4.285714286,H,28757
1,3,4,Female,Control,3.142857143,H,28757
1,1,4,Female,Control,3.142857143,H,28757
1,5,4,Female,Control,3.142857143,H,28757
1,2,4,Female,Control,1.714285714,H,28757
1,4,5,Male,RNAi,1.714285714,H,28757
1,1,5,Male,RNAi,2,H,28757
1,5,5,Male,RNAi,0.857142857,H,28757
1,3,5,Male,RNAi,2,H,28757
1,2,5,Male,RNAi,0.857142857,H,28757
1,1,6,Female,Control,1.714285714,H,28757
1,2,6,Female,Control,1.714285714,H,28757
1,4,6,Female,Control,6,H,28757
1,3,6,Female,Control,4.285714286,H,28757
1,5,6,Female,Control,2.571428571,H,28757
1,2,7,Male,Control,0.571428571,H,28757
1,1,7,Male,Control,1.714285714,H,28757
1,3,7,Male,Control,2,H,28757
1,4,7,Male,Control,4.285714286,H,28757
1,5,7,Male,Control,2,H,28757
1,2,8,Female,RNAi,2,H,28757
1,4,8,Female,RNAi,2.285714286,H,28757
1,3,8,Female,RNAi,2.571428571,H,28757
1,1,8,Female,RNAi,3.142857143,H,28757
1,5,8,Female,RNAi,4.571428571,H,28757
1,5,9,Female,Control,8,H,28757
1,4,9,Female,Control,8,H,28757
1,2,9,Female,Control,2.857142857,H,28757
1,1,9,Female,Control,1.142857143,H,28757
1,3,9,Female,Control,8,H,28757
1,5,10,Male,Control,0.857142857,H,28757
1,1,10,Male,Control,0.857142857,H,28757
1,2,10,Male,Control,0.857142857,H,28757
1,4,10,Male,Control,1.428571429,H,28757
1,3,10,Male,Control,3.714285714,H,28757
1,5,11,Female,RNAi,1.714285714,H,28757
1,2,11,Female,RNAi,1.142857143,H,28757
1,1,11,Female,RNAi,1.428571429,H,28757
1,3,11,Female,RNAi,2.571428571,H,28757
1,4,11,Female,RNAi,0.857142857,H,28757
1,3,12,Male,RNAi,1.714285714,H,28757
1,2,12,Male,RNAi,1.714285714,H,28757
1,5,12,Male,RNAi,6,H,28757
1,4,12,Male,RNAi,3.428571429,H,28757
1,1,12,Male,RNAi,1.714285714,H,28757
1,3,13,Female,Control,2.571428571,H,28757
1,5,13,Female,Control,0.571428571,H,28757
1,4,13,Female,Control,4.285714286,H,28757
1,2,13,Female,Control,2,H,28757
1,1,13,Female,Control,2,H,28757
1,5,14,Female,RNAi,2,H,28757
1,1,14,Female,RNAi,3.142857143,H,28757
1,3,14,Female,RNAi,2,H,28757
1,2,14,Female,RNAi,2,H,28757
1,4,14,Female,RNAi,2.571428571,H,28757
1,1,15,Male,Control,2.571428571,H,28757
1,5,15,Male,Control,2.285714286,H,28757
1,2,15,Male,Control,1.428571429,H,28757
1,3,15,Male,Control,2,H,28757
1,4,15,Male,Control,1.142857143,H,28757
1,1,16,Male,RNAi,0.571428571,H,28757
1,3,16,Male,RNAi,2.571428571,H,28757
1,2,16,Male,RNAi,2.285714286,H,28757
1,5,16,Male,RNAi,0.571428571,H,28757
1,4,16,Male,RNAi,1.142857143,H,28757
1,4,17,Female,RNAi,6,H,28757
1,3,17,Female,RNAi,4.571428571,H,28757
1,1,17,Female,RNAi,1.142857143,H,28757
1,5,17,Female,RNAi,4.285714286,H,28757
1,2,17,Female,RNAi,1.714285714,H,28757
1,4,18,Male,Control,5.040816327,H,28757
1,5,18,Male,Control,7,H,28757
1,1,18,Male,Control,1.12244898,H,28757
1,3,18,Male,Control,3.081632653,H,28757
1,2,18,Male,Control,2.102040816,H,28757
1,4,19,Female,Control,6,H,28757
1,1,19,Female,Control,2,H,28757
1,5,19,Female,Control,6,H,28757
1,2,19,Female,Control,8,H,28757
1,3,19,Female,Control,6,H,28757
1,2,20,Male,RNAi,1.142857143,H,28757
1,1,20,Male,RNAi,1.714285714,H,28757
1,4,20,Male,RNAi,1.714285714,H,28757
1,3,20,Male,RNAi,2,H,28757
1,5,20,Male,RNAi,2.571428571,H,28757
1,2,21,Male,RNAi,1.142857143,H,28757
1,4,21,Male,RNAi,1.428571429,H,28757
1,3,21,Male,RNAi,0.857142857,H,28757
1,1,21,Male,RNAi,1.428571429,H,28757
1,5,21,Male,RNAi,0.285714286,H,28757
1,4,22,Male,Control,2.571428571,H,28757
1,5,22,Male,Control,1.142857143,H,28757
1,2,22,Male,Control,1.428571429,H,28757
1,1,22,Male,Control,0.571428571,H,28757
1,3,22,Male,Control,3.714285714,H,28757
1,5,23,Female,RNAi,3.142857143,H,28757
1,4,23,Female,RNAi,3.142857143,H,28757
1,1,23,Female,RNAi,1.428571429,H,28757
1,2,23,Female,RNAi,1.714285714,H,28757
1,3,23,Female,RNAi,3.142857143,H,28757
1,5,24,Female,Control,6,H,28757
1,2,24,Female,Control,6,H,28757
1,1,24,Female,Control,4.285714286,H,28757
1,4,24,Female,Control,8,H,28757
1,3,24,Female,Control,8,H,28757
1,3,25,Male,RNAi,0.571428571,H,28757
1,2,25,Male,RNAi,2,H,28757
1,5,25,Male,RNAi,1.714285714,H,28757
1,4,25,Male,RNAi,1.428571429,H,28757
1,1,25,Male,RNAi,1.142857143,H,28757
1,3,26,Male,Control,5.040816327,H,28757
1,4,26,Male,Control,3.408163265,H,28757
1,5,26,Male,Control,3.734693878,H,28757
1,2,26,Male,Control,2.102040816,H,28757
1,1,26,Male,Control,1.448979592,H,28757
1,3,27,Female,Control,3.714285714,H,28757
1,5,27,Female,Control,1.428571429,H,28757
1,4,27,Female,Control,3.714285714,H,28757
1,1,27,Female,Control,2,H,28757
1,2,27,Female,Control,6,H,28757
1,1,28,Female,RNAi,2,H,28757
1,5,28,Female,RNAi,1.428571429,H,28757
1,3,28,Female,RNAi,2,H,28757
1,2,28,Female,RNAi,2,H,28757
1,4,28,Female,RNAi,2.571428571,H,28757
1,1,29,Female,RNAi,1.428571429,H,28757
1,3,29,Female,RNAi,4.285714286,H,28757
1,2,29,Female,RNAi,2.285714286,H,28757
1,5,29,Female,RNAi,6,H,28757
1,4,29,Female,RNAi,4.285714286,H,28757
1,3,30,Male,RNAi,2,H,28757
1,4,30,Male,RNAi,4.285714286,H,28757
1,1,30,Male,RNAi,2.285714286,H,28757
1,5,30,Male,RNAi,1.428571429,H,28757
1,2,30,Male,RNAi,2,H,28757
1,4,31,Male,Control,2.571428571,H,28757
1,3,31,Male,Control,0.857142857,H,28757
1,5,31,Male,Control,3.714285714,H,28757
1,1,31,Male,Control,1.142857143,H,28757
1,2,31,Male,Control,2,H,28757
1,4,32,Female,Control,3.142857143,H,28757
1,1,32,Female,Control,0.857142857,H,28757
1,5,32,Female,Control,6,H,28757
1,3,32,Female,Control,3.142857143,H,28757
1,2,32,Female,Control,0.857142857,H,28757
1,2,33,Female,RNAi,2,H,28757
1,1,33,Female,RNAi,1.142857143,H,28757
1,4,33,Female,RNAi,1.428571429,H,28757
1,3,33,Female,RNAi,2.571428571,H,28757
1,5,33,Female,RNAi,1.714285714,H,28757
1,2,34,Female,Control,2.285714286,H,28757
1,3,34,Female,Control,1.428571429,H,28757
1,4,34,Female,Control,2.571428571,H,28757
1,1,34,Female,Control,3.142857143,H,28757
1,5,34,Female,Control,1.714285714,H,28757
1,2,35,Male,Control,2,H,28757
1,4,35,Male,Control,2.285714286,H,28757
1,3,35,Male,Control,3.142857143,H,28757
1,5,35,Male,Control,1.142857143,H,28757
1,1,35,Male,Control,0.857142857,H,28757
1,5,36,Male,RNAi,2,H,28757
1,4,36,Male,RNAi,2,H,28757
1,2,36,Male,RNAi,2,H,28757
1,1,36,Male,RNAi,1.142857143,H,28757
1,3,36,Male,RNAi,1.714285714,H,28757
1,5,37,Male,Control,2,H,28757
1,2,37,Male,Control,1.714285714,H,28757
1,1,37,Male,Control,1.142857143,H,28757
1,4,37,Male,Control,3.142857143,H,28757
1,3,37,Male,Control,1.428571429,H,28757
1,2,38,Male,RNAi,1.142857143,H,28757
1,3,38,Male,RNAi,1.428571429,H,28757
1,5,38,Male,RNAi,2,H,28757
1,4,38,Male,RNAi,1.142857143,H,28757
1,1,38,Male,RNAi,1.714285714,H,28757
1,3,39,Female,RNAi,6,H,28757
1,2,39,Female,RNAi,4.285714286,H,28757
1,4,39,Female,RNAi,6,H,28757
1,5,39,Female,RNAi,4.285714286,H,28757
1,1,39,Female,RNAi,0.857142857,H,28757
1,3,40,Female,Control,3.714285714,H,28757
1,5,40,Female,Control,3.714285714,H,28757
1,4,40,Female,Control,3.714285714,H,28757
1,2,40,Female,Control,3.142857143,H,28757
1,1,40,Female,Control,1.428571429,H,28757
1,1,41,Male,Control,0.857142857,H,28757
1,5,41,Male,Control,2,H,28757
1,3,41,Male,Control,2,H,28757
1,2,41,Male,Control,2.571428571,H,28757
1,4,41,Male,Control,0.857142857,H,28757
1,1,42,Male,RNAi,1.142857143,H,28757
1,2,42,Male,RNAi,2,H,28757
1,3,42,Male,RNAi,6,H,28757
1,5,42,Male,RNAi,6,H,28757
1,4,42,Male,RNAi,4.285714286,H,28757
1,1,43,Female,Control,2.857142857,H,28757
1,3,43,Female,Control,8,H,28757
1,2,43,Female,Control,4.285714286,H,28757
1,4,43,Female,Control,8,H,28757
1,5,43,Female,Control,4.285714286,H,28757
1,4,44,Female,RNAi,7,H,28757
1,3,44,Female,RNAi,5.040816327,H,28757
1,1,44,Female,RNAi,3.734693878,H,28757
1,5,44,Female,RNAi,7,H,28757
1,2,44,Female,RNAi,1.775510204,H,28757
1,4,45,Male,Control,0.857142857,H,28757
1,1,45,Male,Control,0.857142857,H,28757
1,5,45,Male,Control,1.714285714,H,28757
1,3,45,Male,Control,4.285714286,H,28757
1,2,45,Male,Control,3.142857143,H,28757
1,1,46,Female,Control,2.857142857,H,28757
1,2,46,Female,Control,1.714285714,H,28757
1,4,46,Female,Control,0.857142857,H,28757
1,3,46,Female,Control,2.285714286,H,28757
1,5,46,Female,Control,6,H,28757
1,2,47,Male,RNAi,0.857142857,H,28757
1,1,47,Male,RNAi,0.857142857,H,28757
1,3,47,Male,RNAi,2.571428571,H,28757
1,4,47,Male,RNAi,1.714285714,H,28757
1,5,47,Male,RNAi,1.428571429,H,28757
1,2,48,Female,RNAi,4.285714286,H,28757
1,4,48,Female,RNAi,1.428571429,H,28757
1,3,48,Female,RNAi,2.571428571,H,28757
1,1,48,Female,RNAi,1.428571429,H,28757
1,5,48,Female,RNAi,4.285714286,H,28757
2,1,1,Female,RNAi,0.857142857,H,28757
2,5,1,Female,RNAi,2,H,28757
2,3,1,Female,RNAi,2,H,28757
2,2,1,Female,RNAi,2,H,28757
2,4,1,Female,RNAi,2.285714286,H,28757
2,1,2,Female,Control,1.142857143,H,28757
2,2,2,Female,Control,2.571428571,H,28757
2,3,2,Female,Control,3.714285714,H,28757
2,5,2,Female,Control,8,H,28757
2,4,2,Female,Control,2.857142857,H,28757
2,1,3,Male,Control,1.142857143,H,28757
2,3,3,Male,Control,0.857142857,H,28757
2,2,3,Male,Control,0.857142857,H,28757
2,4,3,Male,Control,0.857142857,H,28757
2,5,3,Male,Control,3.428571429,H,28757
2,4,4,Male,RNAi,0.857142857,H,28757
2,3,4,Male,RNAi,3.142857143,H,28757
2,1,4,Male,RNAi,1.142857143,H,28757
2,5,4,Male,RNAi,2.571428571,H,28757
2,2,4,Male,RNAi,1.428571429,H,28757
2,4,5,Female,Control,8,H,28757
2,1,5,Female,Control,3.142857143,H,28757
2,5,5,Female,Control,6,H,28757
2,3,5,Female,Control,8,H,28757
2,2,5,Female,Control,4.571428571,H,28757
2,1,6,Male,RNAi,1.428571429,H,28757
2,2,6,Male,RNAi,1.142857143,H,28757
2,4,6,Male,RNAi,2.857142857,H,28757
2,3,6,Male,RNAi,2,H,28757
2,5,6,Male,RNAi,4.285714286,H,28757
2,2,7,Female,RNAi,3.142857143,H,28757
2,1,7,Female,RNAi,4.285714286,H,28757
2,3,7,Female,RNAi,4.285714286,H,28757
2,4,7,Female,RNAi,8,H,28757
2,5,7,Female,RNAi,8,H,28757
2,2,8,Male,Control,0.571428571,H,28757
2,4,8,Male,Control,1.428571429,H,28757
2,3,8,Male,Control,1.142857143,H,28757
2,1,8,Male,Control,2,H,28757
2,5,8,Male,Control,0.571428571,H,28757
2,5,9,Female,RNAi,6,H,28757
2,4,9,Female,RNAi,4.285714286,H,28757
2,2,9,Female,RNAi,6,H,28757
2,1,9,Female,RNAi,8,H,28757
2,3,9,Female,RNAi,8,H,28757
2,5,10,Female,Control,4.285714286,H,28757
2,1,10,Female,Control,1.142857143,H,28757
2,2,10,Female,Control,2,H,28757
2,4,10,Female,Control,4.285714286,H,28757
2,3,10,Female,Control,4.285714286,H,28757
2,5,11,Male,Control,3.714285714,H,28757
2,2,11,Male,Control,2,H,28757
2,1,11,Male,Control,3.714285714,H,28757
2,3,11,Male,Control,3.142857143,H,28757
2,4,11,Male,Control,2.571428571,H,28757
2,3,12,Male,RNAi,1.714285714,H,28757
2,2,12,Male,RNAi,3.142857143,H,28757
2,5,12,Male,RNAi,1.714285714,H,28757
2,4,12,Male,RNAi,2.571428571,H,28757
2,1,12,Male,RNAi,2,H,28757
2,3,13,Male,Control,1.714285714,H,28757
2,5,13,Male,Control,1.428571429,H,28757
2,4,13,Male,Control,1.714285714,H,28757
2,2,13,Male,Control,1.714285714,H,28757
2,1,13,Male,Control,2,H,28757
2,5,14,Female,Control,2.285714286,H,28757
2,1,14,Female,Control,6,H,28757
2,3,14,Female,Control,8,H,28757
2,2,14,Female,Control,6,H,28757
2,4,14,Female,Control,4.571428571,H,28757
2,1,15,Female,RNAi,3.428571429,H,28757
2,5,15,Female,RNAi,3.142857143,H,28757
2,2,15,Female,RNAi,2.571428571,H,28757
2,3,15,Female,RNAi,1.714285714,H,28757
2,4,15,Female,RNAi,2.571428571,H,28757
2,1,16,Male,RNAi,0.571428571,H,28757
2,3,16,Male,RNAi,3.428571429,H,28757
2,2,16,Male,RNAi,2,H,28757
2,5,16,Male,RNAi,2.571428571,H,28757
2,4,16,Male,RNAi,1.428571429,H,28757
2,4,17,Female,Control,4.285714286,H,28757
2,3,17,Female,Control,6,H,28757
2,1,17,Female,Control,3.142857143,H,28757
2,5,17,Female,Control,6,H,28757
2,2,17,Female,Control,8,H,28757
2,4,18,Male,Control,1.448979592,H,28757
2,5,18,Male,Control,1.775510204,H,28757
2,1,18,Male,Control,1.12244898,H,28757
2,3,18,Male,Control,3.081632653,H,28757
2,2,18,Male,Control,1.448979592,H,28757
2,4,19,Female,RNAi,8,H,28757
2,1,19,Female,RNAi,4.285714286,H,28757
2,5,19,Female,RNAi,8,H,28757
2,2,19,Female,RNAi,6,H,28757
2,3,19,Female,RNAi,6,H,28757
2,2,20,Male,RNAi,2,H,28757
2,1,20,Male,RNAi,3.714285714,H,28757
2,4,20,Male,RNAi,3.714285714,H,28757
2,3,20,Male,RNAi,2,H,28757
2,5,20,Male,RNAi,4.571428571,H,28757
2,2,21,Female,Control,8,H,28757
2,4,21,Female,Control,2,H,28757
2,3,21,Female,Control,2.571428571,H,28757
2,1,21,Female,Control,3.428571429,H,28757
2,5,21,Female,Control,4.571428571,H,28757
2,4,22,Male,Control,2.857142857,H,28757
2,5,22,Male,Control,2,H,28757
2,2,22,Male,Control,1.714285714,H,28757
2,1,22,Male,Control,2,H,28757
2,3,22,Male,Control,3.142857143,H,28757
2,5,23,Male,RNAi,2.857142857,H,28757
2,4,23,Male,RNAi,3.142857143,H,28757
2,1,23,Male,RNAi,2,H,28757
2,2,23,Male,RNAi,1.428571429,H,28757
2,3,23,Male,RNAi,2.285714286,H,28757
2,5,24,Female,RNAi,3.142857143,H,28757
2,2,24,Female,RNAi,0.571428571,H,28757
2,1,24,Female,RNAi,2,H,28757
2,4,24,Female,RNAi,3.428571429,H,28757
2,3,24,Female,RNAi,1.142857143,H,28757
2,3,25,Male,RNAi,0.571428571,H,28757
2,2,25,Male,RNAi,2,H,28757
2,5,25,Male,RNAi,1.714285714,H,28757
2,4,25,Male,RNAi,1.428571429,H,28757
2,1,25,Male,RNAi,2,H,28757
2,3,26,Male,Control,3.428571429,H,28757
2,4,26,Male,Control,2.571428571,H,28757
2,5,26,Male,Control,2,H,28757
2,2,26,Male,Control,6,H,28757
2,1,26,Male,Control,4.571428571,H,28757
2,3,27,Female,RNAi,2,H,28757
2,5,27,Female,RNAi,1.714285714,H,28757
2,4,27,Female,RNAi,1.428571429,H,28757
2,1,27,Female,RNAi,2.857142857,H,28757
2,2,27,Female,RNAi,2.571428571,H,28757
2,1,28,Female,Control,2,H,28757
2,5,28,Female,Control,6,H,28757
2,3,28,Female,Control,3.428571429,H,28757
2,2,28,Female,Control,3.142857143,H,28757
2,4,28,Female,Control,3.714285714,H,28757
2,1,29,Male,Control,3.142857143,H,28757
2,3,29,Male,Control,1.142857143,H,28757
2,2,29,Male,Control,1.142857143,H,28757
2,5,29,Male,Control,1.142857143,H,28757
2,4,29,Male,Control,2.285714286,H,28757
2,3,30,Male,RNAi,1.142857143,H,28757
2,4,30,Male,RNAi,1.142857143,H,28757
2,1,30,Male,RNAi,1.142857143,H,28757
2,5,30,Male,RNAi,2,H,28757
2,2,30,Male,RNAi,2,H,28757
2,4,31,Female,Control,4.285714286,H,28757
2,3,31,Female,Control,6,H,28757
2,5,31,Female,Control,8,H,28757
2,1,31,Female,Control,8,H,28757
2,2,31,Female,Control,4.285714286,H,28757
2,4,32,Female,RNAi,6,H,28757
2,1,32,Female,RNAi,6,H,28757
2,5,32,Female,RNAi,8,H,28757
2,3,32,Female,RNAi,8,H,28757
2,2,32,Female,RNAi,6,H,28757
2,2,33,Male,Control,2,H,28757
2,1,33,Male,Control,2.571428571,H,28757
2,4,33,Male,Control,2.571428571,H,28757
2,3,33,Male,Control,2,H,28757
2,5,33,Male,Control,2.857142857,H,28757
2,2,34,Male,RNAi,1.428571429,H,28757
2,3,34,Male,RNAi,1.142857143,H,28757
2,4,34,Male,RNAi,1.714285714,H,28757
2,1,34,Male,RNAi,1.714285714,H,28757
2,5,34,Male,RNAi,2,H,28757
2,2,35,Female,Control,2.571428571,H,28757
2,4,35,Female,Control,4.285714286,H,28757
2,3,35,Female,Control,4.285714286,H,28757
2,5,35,Female,Control,2.857142857,H,28757
2,1,35,Female,Control,1.428571429,H,28757
2,5,36,Female,RNAi,2.571428571,H,28757
2,4,36,Female,RNAi,2.857142857,H,28757
2,2,36,Female,RNAi,4.285714286,H,28757
2,1,36,Female,RNAi,2.285714286,H,28757
2,3,36,Female,RNAi,2.857142857,H,28757
2,5,37,Male,Control,2,H,28757
2,2,37,Male,Control,2.285714286,H,28757
2,1,37,Male,Control,2,H,28757
2,4,37,Male,Control,4.571428571,H,28757
2,3,37,Male,Control,2.571428571,H,28757
2,2,38,Female,Control,3.714285714,H,28757
2,3,38,Female,Control,4.285714286,H,28757
2,5,38,Female,Control,6,H,28757
2,4,38,Female,Control,4.285714286,H,28757
2,1,38,Female,Control,6,H,28757
2,3,39,Male,RNAi,2.571428571,H,28757
2,2,39,Male,RNAi,0.571428571,H,28757
2,4,39,Male,RNAi,2,H,28757
2,5,39,Male,RNAi,0.571428571,H,28757
2,1,39,Male,RNAi,0.857142857,H,28757
2,3,40,Female,RNAi,4.285714286,H,28757
2,5,40,Female,RNAi,1.714285714,H,28757
2,4,40,Female,RNAi,2,H,28757
2,2,40,Female,RNAi,1.714285714,H,28757
2,1,40,Female,RNAi,2,H,28757
2,1,41,Male,RNAi,0.285714286,H,28757
2,5,41,Male,RNAi,0.571428571,H,28757
2,3,41,Male,RNAi,1.142857143,H,28757
2,2,41,Male,RNAi,2,H,28757
2,4,41,Male,RNAi,0.571428571,H,28757
2,1,42,Female,Control,3.142857143,H,28757
2,2,42,Female,Control,4.571428571,H,28757
2,3,42,Female,Control,8,H,28757
2,5,42,Female,Control,4.285714286,H,28757
2,4,42,Female,Control,8,H,28757
2,1,43,Male,Control,2.857142857,H,28757
2,3,43,Male,Control,2.285714286,H,28757
2,2,43,Male,Control,1.714285714,H,28757
2,4,43,Male,Control,2,H,28757
2,5,43,Male,Control,2.285714286,H,28757
2,4,44,Female,RNAi,4.285714286,H,28757
2,3,44,Female,RNAi,1.714285714,H,28757
2,1,44,Female,RNAi,6,H,28757
2,5,44,Female,RNAi,6,H,28757
2,2,44,Female,RNAi,4.285714286,H,28757
2,4,45,Female,RNAi,6,H,28757
2,1,45,Female,RNAi,8,H,28757
2,5,45,Female,RNAi,6,H,28757
2,3,45,Female,RNAi,6,H,28757
2,2,45,Female,RNAi,8,H,28757
2,1,46,Male,Control,1.428571429,H,28757
2,2,46,Male,Control,1.428571429,H,28757
2,4,46,Male,Control,1.428571429,H,28757
2,3,46,Male,Control,1.142857143,H,28757
2,5,46,Male,Control,2,H,28757
2,2,47,Female,Control,2,H,28757
2,1,47,Female,Control,1.714285714,H,28757
2,3,47,Female,Control,2.857142857,H,28757
2,4,47,Female,Control,6,H,28757
2,5,47,Female,Control,4.285714286,H,28757
2,2,48,Male,RNAi,2.857142857,H,28757
2,4,48,Male,RNAi,2.857142857,H,28757
2,3,48,Male,RNAi,1.428571429,H,28757
2,1,48,Male,RNAi,1.142857143,H,28757
2,5,48,Male,RNAi,2.571428571,H,28757
3,1,1,Male,Control,0.571428571,H,28757
3,5,1,Male,Control,1.714285714,H,28757
3,3,1,Male,Control,1.142857143,H,28757
3,2,1,Male,Control,1.428571429,H,28757
3,4,1,Male,Control,3.142857143,H,28757
3,1,2,Female,Control,8,H,28757
3,2,2,Female,Control,6,H,28757
3,3,2,Female,Control,6,H,28757
3,5,2,Female,Control,2.571428571,H,28757
3,4,2,Female,Control,3.714285714,H,28757
3,1,3,Female,RNAi,8,H,28757
3,3,3,Female,RNAi,6,H,28757
3,2,3,Female,RNAi,3.428571429,H,28757
3,4,3,Female,RNAi,6,H,28757
3,5,3,Female,RNAi,8,H,28757
3,4,4,Male,RNAi,0.857142857,H,28757
3,3,4,Male,RNAi,1.714285714,H,28757
3,1,4,Male,RNAi,0.857142857,H,28757
3,5,4,Male,RNAi,0.285714286,H,28757
3,2,4,Male,RNAi,1.428571429,H,28757
3,4,5,Male,Control,1.428571429,H,28757
3,1,5,Male,Control,0.571428571,H,28757
3,5,5,Male,Control,0.571428571,H,28757
3,3,5,Male,Control,1.142857143,H,28757
3,2,5,Male,Control,2,H,28757
3,1,6,Female,RNAi,2,H,28757
3,2,6,Female,RNAi,4.571428571,H,28757
3,4,6,Female,RNAi,3.142857143,H,28757
3,3,6,Female,RNAi,2,H,28757
3,5,6,Female,RNAi,4.571428571,H,28757
3,2,7,Female,Control,3.714285714,H,28757
3,1,7,Female,Control,2.857142857,H,28757
3,3,7,Female,Control,4.571428571,H,28757
3,4,7,Female,Control,6,H,28757
3,5,7,Female,Control,8,H,28757
3,2,8,Male,RNAi,1.12244898,H,28757
3,4,8,Male,RNAi,1.448979592,H,28757
3,3,8,Male,RNAi,0.469387755,H,28757
3,1,8,Male,RNAi,1.12244898,H,28757
3,5,8,Male,RNAi,0.795918367,H,28757
3,5,9,Female,RNAi,4.285714286,H,28757
3,4,9,Female,RNAi,4.285714286,H,28757
3,2,9,Female,RNAi,8,H,28757
3,1,9,Female,RNAi,3.714285714,H,28757
3,3,9,Female,RNAi,4.285714286,H,28757
3,5,10,Female,Control,2.857142857,H,28757
3,1,10,Female,Control,2.571428571,H,28757
3,2,10,Female,Control,4.285714286,H,28757
3,4,10,Female,Control,2,H,28757
3,3,10,Female,Control,2.571428571,H,28757
3,5,11,Male,Control,1.714285714,H,28757
3,2,11,Male,Control,1.142857143,H,28757
3,1,11,Male,Control,3.714285714,H,28757
3,3,11,Male,Control,1.142857143,H,28757
3,4,11,Male,Control,1.142857143,H,28757
3,3,12,Male,RNAi,2,H,28757
3,2,12,Male,RNAi,0.571428571,H,28757
3,5,12,Male,RNAi,1.428571429,H,28757
3,4,12,Male,RNAi,0.571428571,H,28757
3,1,12,Male,RNAi,1.142857143,H,28757
3,3,13,Male,Control,2.571428571,H,28757
3,5,13,Male,Control,6,H,28757
3,4,13,Male,Control,1.714285714,H,28757
3,2,13,Male,Control,1.714285714,H,28757
3,1,13,Male,Control,2.857142857,H,28757
3,5,14,Male,RNAi,0.571428571,H,28757
3,1,14,Male,RNAi,0.857142857,H,28757
3,3,14,Male,RNAi,0.857142857,H,28757
3,2,14,Male,RNAi,2,H,28757
3,4,14,Male,RNAi,0.285714286,H,28757
3,1,15,Female,Control,2,H,28757
3,5,15,Female,Control,8,H,28757
3,2,15,Female,Control,6,H,28757
3,3,15,Female,Control,2,H,28757
3,4,15,Female,Control,3.714285714,H,28757
3,1,16,Female,RNAi,1.142857143,H,28757
3,3,16,Female,RNAi,1.428571429,H,28757
3,2,16,Female,RNAi,4.285714286,H,28757
3,5,16,Female,RNAi,1.428571429,H,28757
3,4,16,Female,RNAi,1.714285714,H,28757
3,4,17,Female,Control,8,H,28757
3,3,17,Female,Control,8,H,28757
3,1,17,Female,Control,6,H,28757
3,5,17,Female,Control,8,H,28757
3,2,17,Female,Control,6,H,28757
3,4,18,Male,Control,1.428571429,H,28757
3,5,18,Male,Control,0.857142857,H,28757
3,1,18,Male,Control,0.571428571,H,28757
3,3,18,Male,Control,2,H,28757
3,2,18,Male,Control,1.714285714,H,28757
3,4,19,Female,RNAi,3.714285714,H,28757
3,1,19,Female,RNAi,2.571428571,H,28757
3,5,19,Female,RNAi,3.428571429,H,28757
3,2,19,Female,RNAi,2.285714286,H,28757
3,3,19,Female,RNAi,3.714285714,H,28757
3,2,20,Male,RNAi,1.714285714,H,28757
3,1,20,Male,RNAi,2.857142857,H,28757
3,4,20,Male,RNAi,1.714285714,H,28757
3,3,20,Male,RNAi,1.714285714,H,28757
3,5,20,Male,RNAi,1.428571429,H,28757
3,2,21,Male,RNAi,1.142857143,H,28757
3,4,21,Male,RNAi,1.714285714,H,28757
3,3,21,Male,RNAi,2,H,28757
3,1,21,Male,RNAi,1.428571429,H,28757
3,5,21,Male,RNAi,2,H,28757
3,4,22,Female,Control,8,H,28757
3,5,22,Female,Control,8,H,28757
3,2,22,Female,Control,6,H,28757
3,1,22,Female,Control,4.285714286,H,28757
3,3,22,Female,Control,3.142857143,H,28757
3,5,23,Male,Control,1.428571429,H,28757
3,4,23,Male,Control,0.857142857,H,28757
3,1,23,Male,Control,2,H,28757
3,2,23,Male,Control,1.142857143,H,28757
3,3,23,Male,Control,1.714285714,H,28757
3,5,24,Female,RNAi,3.142857143,H,28757
3,2,24,Female,RNAi,2.571428571,H,28757
3,1,24,Female,RNAi,2,H,28757
3,4,24,Female,RNAi,1.428571429,H,28757
3,3,24,Female,RNAi,1.142857143,H,28757
3,3,25,Female,Control,4.285714286,H,28757
3,2,25,Female,Control,2.571428571,H,28757
3,5,25,Female,Control,4.571428571,H,28757
3,4,25,Female,Control,4.571428571,H,28757
3,1,25,Female,Control,3.142857143,H,28757
3,3,26,Male,Control,1.775510204,H,28757
3,4,26,Male,Control,3.408163265,H,28757
3,5,26,Male,Control,3.408163265,H,28757
3,2,26,Male,Control,3.408163265,H,28757
3,1,26,Male,Control,2.428571429,H,28757
3,3,27,Female,RNAi,0.857142857,H,28757
3,5,27,Female,RNAi,3.714285714,H,28757
3,4,27,Female,RNAi,3.142857143,H,28757
3,1,27,Female,RNAi,1.142857143,H,28757
3,2,27,Female,RNAi,2.571428571,H,28757
3,1,28,Male,RNAi,3.142857143,H,28757
3,5,28,Male,RNAi,1.714285714,H,28757
3,3,28,Male,RNAi,1.714285714,H,28757
3,2,28,Male,RNAi,1.714285714,H,28757
3,4,28,Male,RNAi,1.714285714,H,28757
3,1,29,Female,Control,4.571428571,H,28757
3,3,29,Female,Control,8,H,28757
3,2,29,Female,Control,8,H,28757
3,5,29,Female,Control,8,H,28757
3,4,29,Female,Control,8,H,28757
3,3,30,Female,RNAi,6,H,28757
3,4,30,Female,RNAi,3.714285714,H,28757
3,1,30,Female,RNAi,1.142857143,H,28757
3,5,30,Female,RNAi,6,H,28757
3,2,30,Female,RNAi,2,H,28757
3,4,31,Male,RNAi,1.428571429,H,28757
3,3,31,Male,RNAi,0.857142857,H,28757
3,5,31,Male,RNAi,1.142857143,H,28757
3,1,31,Male,RNAi,1.142857143,H,28757
3,2,31,Male,RNAi,0.857142857,H,28757
3,4,32,Male,Control,3.714285714,H,28757
3,1,32,Male,Control,2.571428571,H,28757
3,5,32,Male,Control,3.714285714,H,28757
3,3,32,Male,Control,3.714285714,H,28757
3,2,32,Male,Control,2.285714286,H,28757
3,2,33,Female,Control,1.12244898,H,28757
3,1,33,Female,Control,7,H,28757
3,4,33,Female,Control,7,H,28757
3,3,33,Female,Control,1.448979592,H,28757
3,5,33,Female,Control,2.428571429,H,28757
3,2,34,Female,RNAi,3.142857143,H,28757
3,3,34,Female,RNAi,6,H,28757
3,4,34,Female,RNAi,2,H,28757
3,1,34,Female,RNAi,2,H,28757
3,5,34,Female,RNAi,8,H,28757
3,2,35,Male,RNAi,1.142857143,H,28757
3,4,35,Male,RNAi,0.571428571,H,28757
3,3,35,Male,RNAi,2.285714286,H,28757
3,5,35,Male,RNAi,1.714285714,H,28757
3,1,35,Male,RNAi,1.428571429,H,28757
3,5,36,Male,Control,2,H,28757
3,4,36,Male,Control,1.428571429,H,28757
3,2,36,Male,Control,3.142857143,H,28757
3,1,36,Male,Control,1.428571429,H,28757
3,3,36,Male,Control,0.857142857,H,28757
3,5,37,Male,Control,1.428571429,H,28757
3,2,37,Male,Control,2.571428571,H,28757
3,1,37,Male,Control,1.428571429,H,28757
3,4,37,Male,Control,0.857142857,H,28757
3,3,37,Male,Control,2,H,28757
3,2,38,Male,RNAi,1.142857143,H,28757
3,3,38,Male,RNAi,1.714285714,H,28757
3,5,38,Male,RNAi,1.142857143,H,28757
3,4,38,Male,RNAi,1.142857143,H,28757
3,1,38,Male,RNAi,0.857142857,H,28757
3,3,39,Female,RNAi,0.571428571,H,28757
3,2,39,Female,RNAi,0.857142857,H,28757
3,4,39,Female,RNAi,1.714285714,H,28757
3,5,39,Female,RNAi,4.285714286,H,28757
3,1,39,Female,RNAi,1.714285714,H,28757
3,3,40,Female,Control,6,H,28757
3,5,40,Female,Control,8,H,28757
3,4,40,Female,Control,3.142857143,H,28757
3,2,40,Female,Control,4.285714286,H,28757
3,1,40,Female,Control,4.285714286,H,28757
3,1,41,Female,RNAi,1.142857143,H,28757
3,5,41,Female,RNAi,2,H,28757
3,3,41,Female,RNAi,1.428571429,H,28757
3,2,41,Female,RNAi,1.142857143,H,28757
3,4,41,Female,RNAi,4.285714286,H,28757
3,1,42,Female,Control,4.285714286,H,28757
3,2,42,Female,Control,4.571428571,H,28757
3,3,42,Female,Control,2.857142857,H,28757
3,5,42,Female,Control,2.857142857,H,28757
3,4,42,Female,Control,2,H,28757
3,1,43,Male,RNAi,1.428571429,H,28757
3,3,43,Male,RNAi,1.714285714,H,28757
3,2,43,Male,RNAi,2,H,28757
3,4,43,Male,RNAi,1.428571429,H,28757
3,5,43,Male,RNAi,2,H,28757
3,4,44,Male,Control,1.714285714,H,28757
3,3,44,Male,Control,0.857142857,H,28757
3,1,44,Male,Control,1.142857143,H,28757
3,5,44,Male,Control,1.142857143,H,28757
3,2,44,Male,Control,2,H,28757
3,4,45,Female,Control,4.571428571,H,28757
3,1,45,Female,Control,2.571428571,H,28757
3,5,45,Female,Control,3.142857143,H,28757
3,3,45,Female,Control,4.571428571,H,28757
3,2,45,Female,Control,2.857142857,H,28757
3,1,46,Female,RNAi,2,H,28757
3,2,46,Female,RNAi,4.285714286,H,28757
3,4,46,Female,RNAi,3.714285714,H,28757
3,3,46,Female,RNAi,4.285714286,H,28757
3,5,46,Female,RNAi,2.857142857,H,28757
3,2,47,Male,RNAi,3.714285714,H,28757
3,1,47,Male,RNAi,2.857142857,H,28757
3,3,47,Male,RNAi,1.142857143,H,28757
3,4,47,Male,RNAi,1.142857143,H,28757
3,5,47,Male,RNAi,1.142857143,H,28757
3,2,48,Male,Control,2,H,28757
3,4,48,Male,Control,1.142857143,H,28757
3,3,48,Male,Control,1.428571429,H,28757
3,1,48,Male,Control,1.714285714,H,28757
3,5,48,Male,Control,1.428571429,H,28757
1,1,1,Female,RNAi,2.571428571,I,64966
1,5,1,Female,RNAi,2.857142857,I,64966
1,3,1,Female,RNAi,2.857142857,I,64966
1,2,1,Female,RNAi,6,I,64966
1,4,1,Female,RNAi,2.857142857,I,64966
1,1,2,Male,RNAi,2.571428571,I,64966
1,2,2,Male,RNAi,4.285714286,I,64966
1,3,2,Male,RNAi,3.142857143,I,64966
1,5,2,Male,RNAi,1.428571429,I,64966
1,4,2,Male,RNAi,3.142857143,I,64966
1,1,3,Male,Control,0.795918367,I,64966
1,3,3,Male,Control,0.795918367,I,64966
1,2,3,Male,Control,1.448979592,I,64966
1,4,3,Male,Control,1.448979592,I,64966
1,5,3,Male,Control,1.12244898,I,64966
1,4,4,Female,Control,4.571428571,I,64966
1,3,4,Female,Control,3.714285714,I,64966
1,1,4,Female,Control,6,I,64966
1,5,4,Female,Control,4.285714286,I,64966
1,2,4,Female,Control,2.857142857,I,64966
1,4,5,Male,Control,0.571428571,I,64966
1,1,5,Male,Control,1.714285714,I,64966
1,5,5,Male,Control,2.857142857,I,64966
1,3,5,Male,Control,0.857142857,I,64966
1,2,5,Male,Control,1.714285714,I,64966
1,1,6,Female,RNAi,3.142857143,I,64966
1,2,6,Female,RNAi,6,I,64966
1,4,6,Female,RNAi,1.714285714,I,64966
1,3,6,Female,RNAi,0.571428571,I,64966
1,5,6,Female,RNAi,1.142857143,I,64966
1,2,7,Male,RNAi,1.428571429,I,64966
1,1,7,Male,RNAi,2,I,64966
1,3,7,Male,RNAi,2,I,64966
1,4,7,Male,RNAi,0.857142857,I,64966
1,5,7,Male,RNAi,1.714285714,I,64966
1,2,8,Female,Control,3.142857143,I,64966
1,4,8,Female,Control,4.571428571,I,64966
1,3,8,Female,Control,2.571428571,I,64966
1,1,8,Female,Control,3.714285714,I,64966
1,5,8,Female,Control,4.571428571,I,64966
1,5,9,Male,Control,2.285714286,I,64966
1,4,9,Male,Control,1.714285714,I,64966
1,2,9,Male,Control,3.142857143,I,64966
1,1,9,Male,Control,2,I,64966
1,3,9,Male,Control,2,I,64966
1,5,10,Male,RNAi,1.428571429,I,64966
1,1,10,Male,RNAi,2,I,64966
1,2,10,Male,RNAi,1.428571429,I,64966
1,4,10,Male,RNAi,1.142857143,I,64966
1,3,10,Male,RNAi,1.428571429,I,64966
1,5,11,Female,RNAi,2.857142857,I,64966
1,2,11,Female,RNAi,1.714285714,I,64966
1,1,11,Female,RNAi,0.857142857,I,64966
1,3,11,Female,RNAi,4.285714286,I,64966
1,4,11,Female,RNAi,1.142857143,I,64966
1,3,12,Female,Control,4.285714286,I,64966
1,2,12,Female,Control,2,I,64966
1,5,12,Female,Control,8,I,64966
1,4,12,Female,Control,8,I,64966
1,1,12,Female,Control,2.857142857,I,64966
1,3,13,Female,Control,4.285714286,I,64966
1,5,13,Female,Control,4.285714286,I,64966
1,4,13,Female,Control,0.857142857,I,64966
1,2,13,Female,Control,4.285714286,I,64966
1,1,13,Female,Control,0.571428571,I,64966
1,5,14,Male,Control,3.142857143,I,64966
1,1,14,Male,Control,1.428571429,I,64966
1,3,14,Male,Control,1.428571429,I,64966
1,2,14,Male,Control,0.857142857,I,64966
1,4,14,Male,Control,4.285714286,I,64966
1,1,15,Female,RNAi,1.428571429,I,64966
1,5,15,Female,RNAi,1.714285714,I,64966
1,2,15,Female,RNAi,2,I,64966
1,3,15,Female,RNAi,3.142857143,I,64966
1,4,15,Female,RNAi,3.142857143,I,64966
1,1,16,Male,RNAi,1.428571429,I,64966
1,3,16,Male,RNAi,2,I,64966
1,2,16,Male,RNAi,1.428571429,I,64966
1,5,16,Male,RNAi,1.142857143,I,64966
1,4,16,Male,RNAi,2,I,64966
1,4,17,Female,Control,2.571428571,I,64966
1,3,17,Female,Control,1.714285714,I,64966
1,1,17,Female,Control,2,I,64966
1,5,17,Female,Control,3.428571429,I,64966
1,2,17,Female,Control,1.428571429,I,64966
1,4,18,Male,Control,2.857142857,I,64966
1,5,18,Male,Control,4.571428571,I,64966
1,1,18,Male,Control,0.571428571,I,64966
1,3,18,Male,Control,1.142857143,I,64966
1,2,18,Male,Control,1.142857143,I,64966
1,4,19,Male,RNAi,8,I,64966
1,1,19,Male,RNAi,4.285714286,I,64966
1,5,19,Male,RNAi,4.571428571,I,64966
1,2,19,Male,RNAi,6,I,64966
1,3,19,Male,RNAi,2.285714286,I,64966
1,2,20,Female,RNAi,2,I,64966
1,1,20,Female,RNAi,1.142857143,I,64966
1,4,20,Female,RNAi,2.571428571,I,64966
1,3,20,Female,RNAi,0.857142857,I,64966
1,5,20,Female,RNAi,1.142857143,I,64966
1,2,21,Male,RNAi,4.285714286,I,64966
1,4,21,Male,RNAi,2,I,64966
1,3,21,Male,RNAi,3.142857143,I,64966
1,1,21,Male,RNAi,2.857142857,I,64966
1,5,21,Male,RNAi,1.428571429,I,64966
1,4,22,Male,Control,4.285714286,I,64966
1,5,22,Male,Control,4.285714286,I,64966
1,2,22,Male,Control,2,I,64966
1,1,22,Male,Control,2,I,64966
1,3,22,Male,Control,3.714285714,I,64966
1,5,23,Female,Control,8,I,64966
1,4,23,Female,Control,4.571428571,I,64966
1,1,23,Female,Control,3.142857143,I,64966
1,2,23,Female,Control,4.285714286,I,64966
1,3,23,Female,Control,4.571428571,I,64966
1,5,24,Female,RNAi,3.408163265,I,64966
1,2,24,Female,RNAi,1.775510204,I,64966
1,1,24,Female,RNAi,2.428571429,I,64966
1,4,24,Female,RNAi,1.448979592,I,64966
1,3,24,Female,RNAi,2.428571429,I,64966
1,3,25,Male,RNAi,2.857142857,I,64966
1,2,25,Male,RNAi,2.571428571,I,64966
1,5,25,Male,RNAi,2.571428571,I,64966
1,4,25,Male,RNAi,2.857142857,I,64966
1,1,25,Male,RNAi,0.857142857,I,64966
1,3,26,Female,RNAi,2.857142857,I,64966
1,4,26,Female,RNAi,1.714285714,I,64966
1,5,26,Female,RNAi,2.857142857,I,64966
1,2,26,Female,RNAi,2,I,64966
1,1,26,Female,RNAi,4.571428571,I,64966
1,3,27,Male,Control,1.428571429,I,64966
1,5,27,Male,Control,2.571428571,I,64966
1,4,27,Male,Control,2,I,64966
1,1,27,Male,Control,1.142857143,I,64966
1,2,27,Male,Control,2,I,64966
1,1,28,Female,Control,1.142857143,I,64966
1,5,28,Female,Control,6,I,64966
1,3,28,Female,Control,6,I,64966
1,2,28,Female,Control,6,I,64966
1,4,28,Female,Control,3.714285714,I,64966
1,1,29,Female,RNAi,1.428571429,I,64966
1,3,29,Female,RNAi,1.428571429,I,64966
1,2,29,Female,RNAi,1.428571429,I,64966
1,5,29,Female,RNAi,1.142857143,I,64966
1,4,29,Female,RNAi,2.571428571,I,64966
1,3,30,Male,RNAi,1.448979592,I,64966
1,4,30,Male,RNAi,1.448979592,I,64966
1,1,30,Male,RNAi,2.102040816,I,64966
1,5,30,Male,RNAi,0.469387755,I,64966
1,2,30,Male,RNAi,1.12244898,I,64966
1,4,31,Male,Control,4.571428571,I,64966
1,3,31,Male,Control,6,I,64966
1,5,31,Male,Control,3.142857143,I,64966
1,1,31,Male,Control,4.571428571,I,64966
1,2,31,Male,Control,8,I,64966
1,4,32,Female,Control,2.857142857,I,64966
1,1,32,Female,Control,0.571428571,I,64966
1,5,32,Female,Control,1.714285714,I,64966
1,3,32,Female,Control,2.571428571,I,64966
1,2,32,Female,Control,1.428571429,I,64966
1,2,33,Male,Control,0.857142857,I,64966
1,1,33,Male,Control,2,I,64966
1,4,33,Male,Control,2.857142857,I,64966
1,3,33,Male,Control,6,I,64966
1,5,33,Male,Control,2,I,64966
1,2,34,Female,Control,0.857142857,I,64966
1,3,34,Female,Control,2,I,64966
1,4,34,Female,Control,2,I,64966
1,1,34,Female,Control,1.428571429,I,64966
1,5,34,Female,Control,0.571428571,I,64966
1,2,35,Female,RNAi,2.571428571,I,64966
1,4,35,Female,RNAi,4.571428571,I,64966
1,3,35,Female,RNAi,3.142857143,I,64966
1,5,35,Female,RNAi,3.714285714,I,64966
1,1,35,Female,RNAi,2,I,64966
1,5,36,Male,RNAi,3.142857143,I,64966
1,4,36,Male,RNAi,0.857142857,I,64966
1,2,36,Male,RNAi,2.857142857,I,64966
1,1,36,Male,RNAi,3.714285714,I,64966
1,3,36,Male,RNAi,4.285714286,I,64966
1,5,37,Male,RNAi,2,I,64966
1,2,37,Male,RNAi,1.428571429,I,64966
1,1,37,Male,RNAi,1.428571429,I,64966
1,4,37,Male,RNAi,2.857142857,I,64966
1,3,37,Male,RNAi,2.571428571,I,64966
1,2,38,Male,Control,0.857142857,I,64966
1,3,38,Male,Control,0.285714286,I,64966
1,5,38,Male,Control,1.428571429,I,64966
1,4,38,Male,Control,1.142857143,I,64966
1,1,38,Male,Control,1.142857143,I,64966
1,3,39,Female,RNAi,1.714285714,I,64966
1,2,39,Female,RNAi,2,I,64966
1,4,39,Female,RNAi,2.571428571,I,64966
1,5,39,Female,RNAi,3.714285714,I,64966
1,1,39,Female,RNAi,2.571428571,I,64966
1,3,40,Female,Control,1.714285714,I,64966
1,5,40,Female,Control,3.142857143,I,64966
1,4,40,Female,Control,2,I,64966
1,2,40,Female,Control,3.142857143,I,64966
1,1,40,Female,Control,3.714285714,I,64966
1,1,41,Female,RNAi,1.714285714,I,64966
1,5,41,Female,RNAi,2,I,64966
1,3,41,Female,RNAi,1.714285714,I,64966
1,2,41,Female,RNAi,3.142857143,I,64966
1,4,41,Female,RNAi,1.428571429,I,64966
1,1,42,Male,RNAi,1.12244898,I,64966
1,2,42,Male,RNAi,0.795918367,I,64966
1,3,42,Male,RNAi,1.12244898,I,64966
1,5,42,Male,RNAi,0.795918367,I,64966
1,4,42,Male,RNAi,1.12244898,I,64966
1,1,43,Male,Control,3.428571429,I,64966
1,3,43,Male,Control,2.571428571,I,64966
1,2,43,Male,Control,2.571428571,I,64966
1,4,43,Male,Control,3.714285714,I,64966
1,5,43,Male,Control,2,I,64966
1,4,44,Female,Control,3.081632653,I,64966
1,3,44,Female,Control,2.102040816,I,64966
1,1,44,Female,Control,1.12244898,I,64966
1,5,44,Female,Control,2.102040816,I,64966
1,2,44,Female,Control,3.081632653,I,64966
1,4,45,Female,RNAi,2.285714286,I,64966
1,1,45,Female,RNAi,2,I,64966
1,5,45,Female,RNAi,0.857142857,I,64966
1,3,45,Female,RNAi,2,I,64966
1,2,45,Female,RNAi,1.428571429,I,64966
1,1,46,Female,Control,1.714285714,I,64966
1,2,46,Female,Control,4.571428571,I,64966
1,4,46,Female,Control,4.285714286,I,64966
1,3,46,Female,Control,2.857142857,I,64966
1,5,46,Female,Control,1.428571429,I,64966
1,2,47,Male,Control,2.857142857,I,64966
1,1,47,Male,Control,2.571428571,I,64966
1,3,47,Male,Control,1.428571429,I,64966
1,4,47,Male,Control,2.857142857,I,64966
1,5,47,Male,Control,2.285714286,I,64966
1,2,48,Male,RNAi,1.428571429,I,64966
1,4,48,Male,RNAi,1.142857143,I,64966
1,3,48,Male,RNAi,2.571428571,I,64966
1,1,48,Male,RNAi,2.571428571,I,64966
1,5,48,Male,RNAi,3.142857143,I,64966
2,1,1,Female,Control,3.142857143,I,64966
2,3,1,Female,Control,1.714285714,I,64966
2,5,1,Female,Control,2,I,64966
2,2,1,Female,Control,3.142857143,I,64966
2,4,1,Female,Control,3.714285714,I,64966
2,4,2,Male,RNAi,0.571428571,I,64966
2,1,2,Male,RNAi,2,I,64966
2,5,2,Male,RNAi,0.571428571,I,64966
2,2,2,Male,RNAi,1.428571429,I,64966
2,3,2,Male,RNAi,1.714285714,I,64966
2,5,3,Female,RNAi,3.408163265,I,64966
2,4,3,Female,RNAi,1.448979592,I,64966
2,3,3,Female,RNAi,1.448979592,I,64966
2,2,3,Female,RNAi,1.12244898,I,64966
2,1,3,Female,RNAi,3.734693878,I,64966
2,5,5,Male,Control,3.081632653,I,64966
2,4,5,Male,Control,2.428571429,I,64966
2,3,5,Male,Control,1.12244898,I,64966
2,2,5,Male,Control,2.428571429,I,64966
2,1,5,Male,Control,0.795918367,I,64966
2,5,6,Female,RNAi,1.142857143,I,64966
2,4,6,Female,RNAi,1.142857143,I,64966
2,3,6,Female,RNAi,4.285714286,I,64966
2,2,6,Female,RNAi,2,I,64966
2,1,6,Female,RNAi,1.714285714,I,64966
2,3,7,Female,Control,2.571428571,I,64966
2,4,7,Female,Control,3.142857143,I,64966
2,1,7,Female,Control,2,I,64966
2,5,7,Female,Control,2,I,64966
2,2,7,Female,Control,3.142857143,I,64966
2,2,8,Male,RNAi,2,I,64966
2,4,8,Male,RNAi,2.285714286,I,64966
2,1,8,Male,RNAi,1.428571429,I,64966
2,3,8,Male,RNAi,2.285714286,I,64966
2,5,8,Male,RNAi,4.285714286,I,64966
2,5,9,Male,Control,3.142857143,I,64966
2,3,9,Male,Control,0.857142857,I,64966
2,2,9,Male,Control,0.857142857,I,64966
2,4,9,Male,Control,1.142857143,I,64966
2,1,9,Male,Control,2,I,64966
2,5,10,Female,Control,4.571428571,I,64966
2,3,10,Female,Control,3.714285714,I,64966
2,4,10,Female,Control,6,I,64966
2,1,10,Female,Control,6,I,64966
2,2,10,Female,Control,3.714285714,I,64966
2,3,11,Male,RNAi,1.714285714,I,64966
2,4,11,Male,RNAi,1.714285714,I,64966
2,1,11,Male,RNAi,2.285714286,I,64966
2,2,11,Male,RNAi,1.428571429,I,64966
2,5,11,Male,RNAi,0.571428571,I,64966
2,5,12,Female,RNAi,1.428571429,I,64966
2,3,12,Female,RNAi,3.142857143,I,64966
2,4,12,Female,RNAi,0.857142857,I,64966
2,1,12,Female,RNAi,2,I,64966
2,2,12,Female,RNAi,2,I,64966
2,3,13,Female,RNAi,1.714285714,I,64966
2,4,13,Female,RNAi,1.428571429,I,64966
2,1,13,Female,RNAi,2,I,64966
2,2,13,Female,RNAi,1.428571429,I,64966
2,5,13,Female,RNAi,1.714285714,I,64966
2,5,14,Male,Control,1.428571429,I,64966
2,3,14,Male,Control,2.857142857,I,64966
2,2,14,Male,Control,2.857142857,I,64966
2,4,14,Male,Control,1.142857143,I,64966
2,1,14,Male,Control,1.714285714,I,64966
2,5,15,Female,Control,1.714285714,I,64966
2,1,15,Female,Control,2.571428571,I,64966
2,3,15,Female,Control,2.857142857,I,64966
2,2,15,Female,Control,1.142857143,I,64966
2,4,15,Female,Control,0.857142857,I,64966
2,5,16,Male,RNAi,1.428571429,I,64966
2,4,16,Male,RNAi,1.428571429,I,64966
2,2,16,Male,RNAi,1.142857143,I,64966
2,3,16,Male,RNAi,0.571428571,I,64966
2,1,16,Male,RNAi,1.428571429,I,64966
2,3,17,Female,RNAi,1.714285714,I,64966
2,1,17,Female,RNAi,3.142857143,I,64966
2,4,17,Female,RNAi,3.142857143,I,64966
2,5,17,Female,RNAi,2,I,64966
2,2,17,Female,RNAi,1.428571429,I,64966
2,3,18,Male,Control,2,I,64966
2,1,18,Male,Control,2.285714286,I,64966
2,2,18,Male,Control,2.285714286,I,64966
2,5,18,Male,Control,1.428571429,I,64966
2,4,18,Male,Control,1.428571429,I,64966
2,3,19,Female,Control,3.734693878,I,64966
2,4,19,Female,Control,1.775510204,I,64966
2,2,19,Female,Control,0.795918367,I,64966
2,5,19,Female,Control,1.12244898,I,64966
2,1,19,Female,Control,1.448979592,I,64966
2,3,20,Male,RNAi,2,I,64966
2,4,20,Male,RNAi,2.571428571,I,64966
2,2,20,Male,RNAi,2.857142857,I,64966
2,5,20,Male,RNAi,2,I,64966
2,1,20,Male,RNAi,3.142857143,I,64966
2,5,21,Female,RNAi,3.142857143,I,64966
2,4,21,Female,RNAi,2.571428571,I,64966
2,2,21,Female,RNAi,3.142857143,I,64966
2,1,21,Female,RNAi,0.857142857,I,64966
2,3,21,Female,RNAi,2.571428571,I,64966
2,4,22,Male,RNAi,2,I,64966
2,5,22,Male,RNAi,1.142857143,I,64966
2,3,22,Male,RNAi,0.571428571,I,64966
2,2,22,Male,RNAi,1.714285714,I,64966
2,1,22,Male,RNAi,0.857142857,I,64966
2,4,23,Male,Control,1.714285714,I,64966
2,5,23,Male,Control,4.285714286,I,64966
2,3,23,Male,Control,3.142857143,I,64966
2,1,23,Male,Control,1.142857143,I,64966
2,2,23,Male,Control,2.571428571,I,64966
2,2,24,Female,Control,2,I,64966
2,5,24,Female,Control,2,I,64966
2,3,24,Female,Control,1.142857143,I,64966
2,1,24,Female,Control,2.571428571,I,64966
2,4,24,Female,Control,4.285714286,I,64966
2,2,25,Male,Control,0.571428571,I,64966
2,5,25,Male,Control,2,I,64966
2,3,25,Male,Control,0.571428571,I,64966
2,1,25,Male,Control,1.714285714,I,64966
2,4,25,Male,Control,4.285714286,I,64966
2,2,26,Female,RNAi,3.714285714,I,64966
2,5,26,Female,RNAi,2.857142857,I,64966
2,3,26,Female,RNAi,2.571428571,I,64966
2,1,26,Female,RNAi,2,I,64966
2,4,26,Female,RNAi,3.714285714,I,64966
2,4,27,Female,Control,6,I,64966
2,5,27,Female,Control,8,I,64966
2,3,27,Female,Control,4.285714286,I,64966
2,1,27,Female,Control,4.285714286,I,64966
2,2,27,Female,Control,8,I,64966
2,5,28,Male,RNAi,2.571428571,I,64966
2,4,28,Male,RNAi,2,I,64966
2,3,28,Male,RNAi,0.571428571,I,64966
2,1,28,Male,RNAi,2.571428571,I,64966
2,2,28,Male,RNAi,2.857142857,I,64966
2,3,29,Male,Control,1.428571429,I,64966
2,5,29,Male,Control,3.142857143,I,64966
2,4,29,Male,Control,6,I,64966
2,2,29,Male,Control,4.285714286,I,64966
2,1,29,Male,Control,1.142857143,I,64966
2,5,30,Male,RNAi,2.571428571,I,64966
2,1,30,Male,RNAi,3.714285714,I,64966
2,4,30,Male,RNAi,2.285714286,I,64966
2,2,30,Male,RNAi,2.285714286,I,64966
2,3,30,Male,RNAi,2.857142857,I,64966
2,5,31,Female,Control,8,I,64966
2,1,31,Female,Control,2.571428571,I,64966
2,4,31,Female,Control,4.285714286,I,64966
2,2,31,Female,Control,4.285714286,I,64966
2,3,31,Female,Control,4.571428571,I,64966
2,2,32,Female,RNAi,1.428571429,I,64966
2,1,32,Female,RNAi,2,I,64966
2,4,32,Female,RNAi,2,I,64966
2,5,32,Female,RNAi,2,I,64966
2,3,32,Female,RNAi,1.714285714,I,64966
2,4,33,Male,RNAi,1.428571429,I,64966
2,1,33,Male,RNAi,2.571428571,I,64966
2,2,33,Male,RNAi,3.142857143,I,64966
2,5,33,Male,RNAi,3.142857143,I,64966
2,3,33,Male,RNAi,0.857142857,I,64966
2,5,34,Female,Control,4.285714286,I,64966
2,3,34,Female,Control,3.142857143,I,64966
2,4,34,Female,Control,6,I,64966
2,2,34,Female,Control,4.285714286,I,64966
2,1,34,Female,Control,6,I,64966
2,2,35,Female,RNAi,2.857142857,I,64966
2,4,35,Female,RNAi,0.857142857,I,64966
2,3,35,Female,RNAi,2.571428571,I,64966
2,5,35,Female,RNAi,2.571428571,I,64966
2,1,35,Female,RNAi,2.285714286,I,64966
2,5,36,Male,Control,1.142857143,I,64966
2,2,36,Male,Control,2,I,64966
2,4,36,Male,Control,3.142857143,I,64966
2,3,36,Male,Control,2,I,64966
2,1,36,Male,Control,0.857142857,I,64966
2,1,37,Male,RNAi,2.285714286,I,64966
2,4,37,Male,RNAi,2,I,64966
2,5,37,Male,RNAi,2,I,64966
2,2,37,Male,RNAi,0.857142857,I,64966
2,3,37,Male,RNAi,2.571428571,I,64966
2,4,38,Female,Control,2,I,64966
2,5,38,Female,Control,2.571428571,I,64966
2,2,38,Female,Control,4.285714286,I,64966
2,3,38,Female,Control,4.285714286,I,64966
2,1,38,Female,Control,2.857142857,I,64966
2,1,39,Female,RNAi,2.571428571,I,64966
2,4,39,Female,RNAi,1.714285714,I,64966
2,5,39,Female,RNAi,2,I,64966
2,2,39,Female,RNAi,4.285714286,I,64966
2,3,39,Female,RNAi,3.142857143,I,64966
2,4,40,Male,Control,6,I,64966
2,5,40,Male,Control,1.142857143,I,64966
2,2,40,Male,Control,3.142857143,I,64966
2,3,40,Male,Control,2,I,64966
2,1,40,Male,Control,1.714285714,I,64966
2,5,41,Female,RNAi,2,I,64966
2,2,41,Female,RNAi,2,I,64966
2,4,41,Female,RNAi,2.857142857,I,64966
2,3,41,Female,RNAi,4.285714286,I,64966
2,1,41,Female,RNAi,1.714285714,I,64966
2,1,42,Female,Control,0.857142857,I,64966
2,3,42,Female,Control,1.428571429,I,64966
2,5,42,Female,Control,3.142857143,I,64966
2,2,42,Female,Control,2.857142857,I,64966
2,4,42,Female,Control,1.142857143,I,64966
2,4,43,Male,RNAi,2.102040816,I,64966
2,1,43,Male,RNAi,2.428571429,I,64966
2,5,43,Male,RNAi,1.12244898,I,64966
2,2,43,Male,RNAi,0.795918367,I,64966
2,3,43,Male,RNAi,0.795918367,I,64966
2,5,44,Male,Control,4.571428571,I,64966
2,4,44,Male,Control,6,I,64966
2,3,44,Male,Control,2.857142857,I,64966
2,2,44,Male,Control,2,I,64966
2,1,44,Male,Control,2.571428571,I,64966
2,5,45,Female,RNAi,3.081632653,I,64966
2,4,45,Female,RNAi,1.448979592,I,64966
2,3,45,Female,RNAi,3.081632653,I,64966
2,2,45,Female,RNAi,5.040816327,I,64966
2,1,45,Female,RNAi,3.734693878,I,64966
2,5,46,Female,Control,6,I,64966
2,4,46,Female,Control,6,I,64966
2,3,46,Female,Control,2,I,64966
2,2,46,Female,Control,8,I,64966
2,1,46,Female,Control,4.571428571,I,64966
2,3,47,Male,RNAi,1.714285714,I,64966
2,4,47,Male,RNAi,1.714285714,I,64966
2,1,47,Male,RNAi,1.714285714,I,64966
2,5,47,Male,RNAi,2,I,64966
2,2,47,Male,RNAi,2.285714286,I,64966
2,2,48,Male,Control,1.142857143,I,64966
2,4,48,Male,Control,1.428571429,I,64966
2,1,48,Male,Control,2,I,64966
2,3,48,Male,Control,1.142857143,I,64966
2,5,48,Male,Control,3.142857143,I,64966
3,1,1,Male,Control,6,I,64966
3,4,1,Male,Control,4.285714286,I,64966
3,2,1,Male,Control,3.142857143,I,64966
3,5,1,Male,Control,2.857142857,I,64966
3,3,1,Male,Control,4.571428571,I,64966
3,1,2,Male,RNAi,2,I,64966
3,2,2,Male,RNAi,2,I,64966
3,3,2,Male,RNAi,2.571428571,I,64966
3,4,2,Male,RNAi,2.285714286,I,64966
3,5,2,Male,RNAi,0.571428571,I,64966
3,1,3,Female,RNAi,4.285714286,I,64966
3,2,3,Female,RNAi,6,I,64966
3,3,3,Female,RNAi,6,I,64966
3,4,3,Female,RNAi,6,I,64966
3,5,3,Female,RNAi,8,I,64966
3,1,4,Female,Control,2,I,64966
3,2,4,Female,Control,2,I,64966
3,3,4,Female,Control,2,I,64966
3,4,4,Female,Control,1.714285714,I,64966
3,5,4,Female,Control,4.571428571,I,64966
3,1,5,Male,Control,0.795918367,I,64966
3,2,5,Male,Control,0.795918367,I,64966
3,3,5,Male,Control,1.448979592,I,64966
3,4,5,Male,Control,2.102040816,I,64966
3,5,5,Male,Control,1.448979592,I,64966
3,3,6,Male,RNAi,6,I,64966
3,1,6,Male,RNAi,3.142857143,I,64966
3,4,6,Male,RNAi,1.714285714,I,64966
3,2,6,Male,RNAi,2.285714286,I,64966
3,5,6,Male,RNAi,4.285714286,I,64966
3,5,7,Female,Control,1.142857143,I,64966
3,2,7,Female,Control,2.285714286,I,64966
3,3,7,Female,Control,0.571428571,I,64966
3,1,7,Female,Control,4.285714286,I,64966
3,4,7,Female,Control,1.142857143,I,64966
3,5,8,Female,RNAi,2,I,64966
3,2,8,Female,RNAi,1.428571429,I,64966
3,1,8,Female,RNAi,3.142857143,I,64966
3,4,8,Female,RNAi,1.428571429,I,64966
3,3,8,Female,RNAi,2.571428571,I,64966
3,2,9,Female,RNAi,2,I,64966
3,1,9,Female,RNAi,1.142857143,I,64966
3,5,9,Female,RNAi,1.142857143,I,64966
3,3,9,Female,RNAi,1.142857143,I,64966
3,4,9,Female,RNAi,0.857142857,I,64966
3,1,11,Male,RNAi,1.142857143,I,64966
3,2,11,Male,RNAi,4.285714286,I,64966
3,5,11,Male,RNAi,2.571428571,I,64966
3,3,11,Male,RNAi,1.428571429,I,64966
3,4,11,Male,RNAi,2,I,64966
3,1,12,Male,Control,1.428571429,I,64966
3,2,12,Male,Control,3.714285714,I,64966
3,5,12,Male,Control,1.142857143,I,64966
3,3,12,Male,Control,1.714285714,I,64966
3,4,12,Male,Control,3.142857143,I,64966
3,3,13,Female,Control,1.142857143,I,64966
3,2,13,Female,Control,6,I,64966
3,5,13,Female,Control,2,I,64966
3,1,13,Female,Control,3.142857143,I,64966
3,4,13,Female,Control,2.857142857,I,64966
3,5,14,Female,RNAi,2.571428571,I,64966
3,4,14,Female,RNAi,2.857142857,I,64966
3,1,14,Female,RNAi,2,I,64966
3,2,14,Female,RNAi,1.714285714,I,64966
3,3,14,Female,RNAi,2.857142857,I,64966
3,5,15,Male,RNAi,1.428571429,I,64966
3,4,15,Male,RNAi,2.571428571,I,64966
3,1,15,Male,RNAi,2.571428571,I,64966
3,2,15,Male,RNAi,6,I,64966
3,3,15,Male,RNAi,2,I,64966
3,5,16,Male,Control,2,I,64966
3,2,16,Male,Control,2,I,64966
3,1,16,Male,Control,1.428571429,I,64966
3,4,16,Male,Control,3.714285714,I,64966
3,3,16,Male,Control,1.428571429,I,64966
3,5,17,Female,Control,0.857142857,I,64966
3,2,17,Female,Control,1.142857143,I,64966
3,1,17,Female,Control,1.428571429,I,64966
3,4,17,Female,Control,2.571428571,I,64966
3,3,17,Female,Control,0.857142857,I,64966
3,4,18,Male,Control,1.428571429,I,64966
3,2,18,Male,Control,1.142857143,I,64966
3,1,18,Male,Control,2.857142857,I,64966
3,5,18,Male,Control,6,I,64966
3,3,18,Male,Control,2,I,64966
3,1,19,Female,RNAi,2.571428571,I,64966
3,2,19,Female,RNAi,6,I,64966
3,3,19,Female,RNAi,2.857142857,I,64966
3,4,19,Female,RNAi,4.571428571,I,64966
3,5,19,Female,RNAi,4.285714286,I,64966
3,5,20,Male,RNAi,0.857142857,I,64966
3,1,20,Male,RNAi,1.142857143,I,64966
3,3,20,Male,RNAi,0.857142857,I,64966
3,4,20,Male,RNAi,0.857142857,I,64966
3,2,20,Male,RNAi,0.571428571,I,64966
3,4,21,Male,RNAi,1.142857143,I,64966
3,5,21,Male,RNAi,1.142857143,I,64966
3,1,21,Male,RNAi,0.857142857,I,64966
3,3,21,Male,RNAi,1.142857143,I,64966
3,2,21,Male,RNAi,1.142857143,I,64966
3,4,22,Male,Control,2,I,64966
3,5,22,Male,Control,1.714285714,I,64966
3,1,22,Male,Control,1.142857143,I,64966
3,2,22,Male,Control,2.285714286,I,64966
3,3,22,Male,Control,2,I,64966
3,5,23,Female,RNAi,1.428571429,I,64966
3,1,23,Female,RNAi,1.714285714,I,64966
3,2,23,Female,RNAi,2.285714286,I,64966
3,3,23,Female,RNAi,1.714285714,I,64966
3,4,23,Female,RNAi,2.571428571,I,64966
3,1,24,Female,Control,3.142857143,I,64966
3,4,24,Female,Control,3.714285714,I,64966
3,2,24,Female,Control,0.857142857,I,64966
3,3,24,Female,Control,3.142857143,I,64966
3,5,24,Female,Control,2.857142857,I,64966
3,1,25,Male,RNAi,2.571428571,I,64966
3,3,25,Male,RNAi,1.714285714,I,64966
3,4,25,Male,RNAi,3.142857143,I,64966
3,2,25,Male,RNAi,2,I,64966
3,5,25,Male,RNAi,3.142857143,I,64966
3,2,26,Female,RNAi,2.571428571,I,64966
3,3,26,Female,RNAi,1.142857143,I,64966
3,4,26,Female,RNAi,0.857142857,I,64966
3,5,26,Female,RNAi,2,I,64966
3,1,26,Female,RNAi,1.428571429,I,64966
3,3,27,Male,Control,2.571428571,I,64966
3,4,27,Male,Control,1.428571429,I,64966
3,5,27,Male,Control,1.714285714,I,64966
3,1,27,Male,Control,2,I,64966
3,2,27,Male,Control,3.142857143,I,64966
3,4,28,Female,Control,1.714285714,I,64966
3,3,28,Female,Control,3.142857143,I,64966
3,5,28,Female,Control,2.571428571,I,64966
3,1,28,Female,Control,3.142857143,I,64966
3,2,28,Female,Control,4.571428571,I,64966
3,4,29,Male,Control,1.428571429,I,64966
3,2,29,Male,Control,0.571428571,I,64966
3,3,29,Male,Control,1.428571429,I,64966
3,5,29,Male,Control,3.714285714,I,64966
3,1,29,Male,Control,0.857142857,I,64966
3,1,30,Male,RNAi,3.428571429,I,64966
3,2,30,Male,RNAi,3.142857143,I,64966
3,3,30,Male,RNAi,2.571428571,I,64966
3,4,30,Male,RNAi,1.428571429,I,64966
3,5,30,Male,RNAi,1.714285714,I,64966
3,3,32,Female,Control,4.571428571,I,64966
3,1,32,Female,Control,6,I,64966
3,5,32,Female,Control,6,I,64966
3,4,32,Female,Control,2.571428571,I,64966
3,2,32,Female,Control,6,I,64966
3,3,33,Male,Control,3.142857143,I,64966
3,2,33,Male,Control,1.428571429,I,64966
3,5,33,Male,Control,1.714285714,I,64966
3,4,33,Male,Control,2.571428571,I,64966
3,1,33,Male,Control,1.428571429,I,64966
3,3,34,Male,RNAi,2.428571429,I,64966
3,2,34,Male,RNAi,1.775510204,I,64966
3,5,34,Male,RNAi,3.734693878,I,64966
3,4,34,Male,RNAi,2.102040816,I,64966
3,1,34,Male,RNAi,1.448979592,I,64966
3,3,35,Female,RNAi,2.571428571,I,64966
3,4,35,Female,RNAi,2.571428571,I,64966
3,5,35,Female,RNAi,2.571428571,I,64966
3,2,35,Female,RNAi,3.142857143,I,64966
3,1,35,Female,RNAi,2.571428571,I,64966
3,3,36,Female,Control,2.857142857,I,64966
3,4,36,Female,Control,4.285714286,I,64966
3,5,36,Female,Control,2.857142857,I,64966
3,2,36,Female,Control,2.285714286,I,64966
3,1,36,Female,Control,4.285714286,I,64966
3,2,37,Male,Control,2.571428571,I,64966
3,5,37,Male,Control,3.142857143,I,64966
3,1,37,Male,Control,2.571428571,I,64966
3,4,37,Male,Control,2,I,64966
3,3,37,Male,Control,3.142857143,I,64966
3,2,38,Female,Control,4.285714286,I,64966
3,3,38,Female,Control,4.285714286,I,64966
3,1,38,Female,Control,2.571428571,I,64966
3,4,38,Female,Control,3.142857143,I,64966
3,5,38,Female,Control,2.571428571,I,64966
3,2,39,Female,RNAi,1.428571429,I,64966
3,3,39,Female,RNAi,3.714285714,I,64966
3,1,39,Female,RNAi,2,I,64966
3,4,39,Female,RNAi,1.142857143,I,64966
3,5,39,Female,RNAi,2,I,64966
3,2,40,Male,RNAi,1.428571429,I,64966
3,3,40,Male,RNAi,1.142857143,I,64966
3,1,40,Male,RNAi,2,I,64966
3,5,40,Male,RNAi,2.571428571,I,64966
3,4,40,Male,RNAi,1.428571429,I,64966
3,3,41,Female,RNAi,2,I,64966
3,2,41,Female,RNAi,2,I,64966
3,5,41,Female,RNAi,1.428571429,I,64966
3,4,41,Female,RNAi,1.428571429,I,64966
3,1,41,Female,RNAi,1.428571429,I,64966
3,2,42,Male,RNAi,2,I,64966
3,5,42,Male,RNAi,3.714285714,I,64966
3,3,42,Male,RNAi,2.571428571,I,64966
3,4,42,Male,RNAi,4.285714286,I,64966
3,1,42,Male,RNAi,4.571428571,I,64966
3,1,43,Male,Control,0.857142857,I,64966
3,4,43,Male,Control,1.714285714,I,64966
3,2,43,Male,Control,1.142857143,I,64966
3,5,43,Male,Control,3.142857143,I,64966
3,3,43,Male,Control,2,I,64966
3,1,44,Female,Control,3.142857143,I,64966
3,2,44,Female,Control,2.571428571,I,64966
3,3,44,Female,Control,2,I,64966
3,4,44,Female,Control,1.714285714,I,64966
3,5,44,Female,Control,4.285714286,I,64966
3,1,45,Male,RNAi,2.571428571,I,64966
3,2,45,Male,RNAi,4.571428571,I,64966
3,3,45,Male,RNAi,3.714285714,I,64966
3,4,45,Male,RNAi,3.714285714,I,64966
3,5,45,Male,RNAi,6,I,64966
3,1,46,Male,Control,2.571428571,I,64966
3,2,46,Male,Control,0.857142857,I,64966
3,3,46,Male,Control,2.571428571,I,64966
3,4,46,Male,Control,3.142857143,I,64966
3,5,46,Male,Control,1.428571429,I,64966
3,1,47,Female,Control,2.285714286,I,64966
3,2,47,Female,Control,0.857142857,I,64966
3,3,47,Female,Control,1.428571429,I,64966
3,4,47,Female,Control,1.714285714,I,64966
3,5,47,Female,Control,1.714285714,I,64966
3,3,48,Female,RNAi,2.285714286,I,64966
3,1,48,Female,RNAi,3.714285714,I,64966
3,4,48,Female,RNAi,0.571428571,I,64966
3,2,48,Female,RNAi,0.571428571,I,64966
3,5,48,Female,RNAi,2,I,64966
1,1,1,Male,RNAi,1.714285714,J,34394
1,3,1,Male,RNAi,1.428571429,J,34394
1,5,1,Male,RNAi,0.571428571,J,34394
1,2,1,Male,RNAi,1.428571429,J,34394
1,4,1,Male,RNAi,1.142857143,J,34394
1,4,2,Female,RNAi,3.428571429,J,34394
1,1,2,Female,RNAi,3.714285714,J,34394
1,5,2,Female,RNAi,3.142857143,J,34394
1,2,2,Female,RNAi,3.714285714,J,34394
1,3,2,Female,RNAi,3.428571429,J,34394
1,5,3,Male,Control,0.857142857,J,34394
1,4,3,Male,Control,2,J,34394
1,3,3,Male,Control,0.857142857,J,34394
1,2,3,Male,Control,4.571428571,J,34394
1,1,3,Male,Control,1.428571429,J,34394
1,5,4,Female,Control,2.571428571,J,34394
1,4,4,Female,Control,4.285714286,J,34394
1,3,4,Female,Control,8,J,34394
1,2,4,Female,Control,1.428571429,J,34394
1,1,4,Female,Control,3.428571429,J,34394
1,5,5,Female,RNAi,3.714285714,J,34394
1,4,5,Female,RNAi,4.571428571,J,34394
1,3,5,Female,RNAi,6,J,34394
1,2,5,Female,RNAi,8,J,34394
1,1,5,Female,RNAi,2.571428571,J,34394
1,3,6,Female,Control,4.285714286,J,34394
1,4,6,Female,Control,4.285714286,J,34394
1,1,6,Female,Control,4.285714286,J,34394
1,5,6,Female,Control,2.571428571,J,34394
1,2,6,Female,Control,4.285714286,J,34394
1,2,7,Male,Control,1.428571429,J,34394
1,4,7,Male,Control,0.571428571,J,34394
1,1,7,Male,Control,0.857142857,J,34394
1,3,7,Male,Control,1.142857143,J,34394
1,5,7,Male,Control,1.714285714,J,34394
1,5,8,Male,RNAi,0.857142857,J,34394
1,3,8,Male,RNAi,3.142857143,J,34394
1,2,8,Male,RNAi,3.714285714,J,34394
1,4,8,Male,RNAi,1.428571429,J,34394
1,1,8,Male,RNAi,2,J,34394
1,5,9,Male,Control,3.142857143,J,34394
1,3,9,Male,Control,0.571428571,J,34394
1,4,9,Male,Control,3.142857143,J,34394
1,1,9,Male,Control,2,J,34394
1,2,9,Male,Control,1.714285714,J,34394
1,3,10,Female,Control,4.571428571,J,34394
1,4,10,Female,Control,6,J,34394
1,1,10,Female,Control,1.714285714,J,34394
1,2,10,Female,Control,8,J,34394
1,5,10,Female,Control,4.285714286,J,34394
1,5,11,Female,RNAi,7,J,34394
1,3,11,Female,RNAi,7,J,34394
1,4,11,Female,RNAi,7,J,34394
1,1,11,Female,RNAi,2.102040816,J,34394
1,2,11,Female,RNAi,7,J,34394
1,3,12,Male,RNAi,1.142857143,J,34394
1,4,12,Male,RNAi,1.142857143,J,34394
1,1,12,Male,RNAi,0.857142857,J,34394
1,2,12,Male,RNAi,0.857142857,J,34394
1,5,12,Male,RNAi,2,J,34394
1,5,13,Female,Control,3.142857143,J,34394
1,3,13,Female,Control,6,J,34394
1,2,13,Female,Control,8,J,34394
1,4,13,Female,Control,4.285714286,J,34394
1,1,13,Female,Control,8,J,34394
1,5,14,Male,Control,2,J,34394
1,1,14,Male,Control,1.142857143,J,34394
1,3,14,Male,Control,2,J,34394
1,2,14,Male,Control,2.571428571,J,34394
1,4,14,Male,Control,1.142857143,J,34394
1,5,15,Female,RNAi,2,J,34394
1,4,15,Female,RNAi,1.142857143,J,34394
1,2,15,Female,RNAi,1.714285714,J,34394
1,3,15,Female,RNAi,1.428571429,J,34394
1,1,15,Female,RNAi,2.571428571,J,34394
1,3,16,Male,RNAi,0.857142857,J,34394
1,1,16,Male,RNAi,0.571428571,J,34394
1,4,16,Male,RNAi,1.142857143,J,34394
1,5,16,Male,RNAi,1.142857143,J,34394
1,2,16,Male,RNAi,0.857142857,J,34394
1,3,18,Female,Control,6,J,34394
1,1,18,Female,Control,2.571428571,J,34394
1,2,18,Female,Control,4.571428571,J,34394
1,5,18,Female,Control,8,J,34394
1,4,18,Female,Control,8,J,34394
1,3,19,Female,RNAi,4.571428571,J,34394
1,4,19,Female,RNAi,4.571428571,J,34394
1,2,19,Female,RNAi,3.142857143,J,34394
1,5,19,Female,RNAi,4.571428571,J,34394
1,1,19,Female,RNAi,2.571428571,J,34394
1,3,20,Male,RNAi,2,J,34394
1,4,20,Male,RNAi,2,J,34394
1,2,20,Male,RNAi,2.571428571,J,34394
1,5,20,Male,RNAi,1.428571429,J,34394
1,1,20,Male,RNAi,1.142857143,J,34394
1,5,21,Male,Control,1.142857143,J,34394
1,4,21,Male,Control,0.857142857,J,34394
1,2,21,Male,Control,1.714285714,J,34394
1,1,21,Male,Control,1.142857143,J,34394
1,3,21,Male,Control,0.857142857,J,34394
1,4,22,Female,RNAi,3.142857143,J,34394
1,5,22,Female,RNAi,4.285714286,J,34394
1,3,22,Female,RNAi,4.285714286,J,34394
1,2,22,Female,RNAi,2,J,34394
1,1,22,Female,RNAi,2,J,34394
1,4,23,Male,RNAi,2.857142857,J,34394
1,5,23,Male,RNAi,4.285714286,J,34394
1,3,23,Male,RNAi,2,J,34394
1,1,23,Male,RNAi,1.428571429,J,34394
1,2,23,Male,RNAi,3.142857143,J,34394
1,2,24,Female,Control,8,J,34394
1,5,24,Female,Control,8,J,34394
1,3,24,Female,Control,6,J,34394
1,1,24,Female,Control,6,J,34394
1,4,24,Female,Control,8,J,34394
1,2,25,Male,RNAi,0.857142857,J,34394
1,5,25,Male,RNAi,0.857142857,J,34394
1,3,25,Male,RNAi,0.571428571,J,34394
1,1,25,Male,RNAi,2.285714286,J,34394
1,4,25,Male,RNAi,0.857142857,J,34394
1,2,26,Female,RNAi,3.428571429,J,34394
1,5,26,Female,RNAi,3.714285714,J,34394
1,3,26,Female,RNAi,2.571428571,J,34394
1,1,26,Female,RNAi,3.714285714,J,34394
1,4,26,Female,RNAi,3.142857143,J,34394
1,4,27,Male,Control,0.857142857,J,34394
1,5,27,Male,Control,2.571428571,J,34394
1,3,27,Male,Control,1.428571429,J,34394
1,1,27,Male,Control,2.571428571,J,34394
1,2,27,Male,Control,0.857142857,J,34394
1,5,28,Female,Control,3.142857143,J,34394
1,4,28,Female,Control,3.714285714,J,34394
1,3,28,Female,Control,2.571428571,J,34394
1,1,28,Female,Control,3.714285714,J,34394
1,2,28,Female,Control,2,J,34394
1,3,29,Female,Control,3.142857143,J,34394
1,5,29,Female,Control,1.714285714,J,34394
1,4,29,Female,Control,1.714285714,J,34394
1,2,29,Female,Control,2.571428571,J,34394
1,1,29,Female,Control,4.571428571,J,34394
1,5,30,Male,Control,1.428571429,J,34394
1,1,30,Male,Control,1.142857143,J,34394
1,4,30,Male,Control,1.142857143,J,34394
1,2,30,Male,Control,1.142857143,J,34394
1,3,30,Male,Control,2,J,34394
1,5,31,Female,RNAi,3.714285714,J,34394
1,1,31,Female,RNAi,1.714285714,J,34394
1,4,31,Female,RNAi,3.142857143,J,34394
1,2,31,Female,RNAi,6,J,34394
1,3,31,Female,RNAi,3.714285714,J,34394
1,2,32,Male,RNAi,4.285714286,J,34394
1,1,32,Male,RNAi,3.142857143,J,34394
1,4,32,Male,RNAi,3.142857143,J,34394
1,5,32,Male,RNAi,4.571428571,J,34394
1,3,32,Male,RNAi,3.714285714,J,34394
1,4,33,Male,Control,1.428571429,J,34394
1,1,33,Male,Control,0.571428571,J,34394
1,2,33,Male,Control,4.571428571,J,34394
1,5,33,Male,Control,1.714285714,J,34394
1,3,33,Male,Control,2,J,34394
1,5,34,Female,RNAi,1.142857143,J,34394
1,3,34,Female,RNAi,2.571428571,J,34394
1,4,34,Female,RNAi,1.142857143,J,34394
1,2,34,Female,RNAi,2.571428571,J,34394
1,1,34,Female,RNAi,3.714285714,J,34394
1,2,35,Male,RNAi,0.571428571,J,34394
1,4,35,Male,RNAi,0.857142857,J,34394
1,3,35,Male,RNAi,0.857142857,J,34394
1,5,35,Male,RNAi,0.857142857,J,34394
1,1,35,Male,RNAi,1.714285714,J,34394
1,5,36,Female,Control,8,J,34394
1,2,36,Female,Control,3.714285714,J,34394
1,4,36,Female,Control,6,J,34394
1,3,36,Female,Control,8,J,34394
1,1,36,Female,Control,4.285714286,J,34394
1,1,37,Female,RNAi,3.142857143,J,34394
1,4,37,Female,RNAi,2,J,34394
1,5,37,Female,RNAi,2,J,34394
1,2,37,Female,RNAi,2,J,34394
1,3,37,Female,RNAi,1.428571429,J,34394
1,4,38,Male,Control,1.714285714,J,34394
1,5,38,Male,Control,1.142857143,J,34394
1,2,38,Male,Control,1.142857143,J,34394
1,3,38,Male,Control,2,J,34394
1,1,38,Male,Control,1.428571429,J,34394
1,1,39,Female,Control,6,J,34394
1,4,39,Female,Control,4.285714286,J,34394
1,5,39,Female,Control,2.571428571,J,34394
1,2,39,Female,Control,8,J,34394
1,3,39,Female,Control,3.142857143,J,34394
1,4,40,Male,RNAi,2.571428571,J,34394
1,5,40,Male,RNAi,3.428571429,J,34394
1,2,40,Male,RNAi,2,J,34394
1,3,40,Male,RNAi,3.142857143,J,34394
1,1,40,Male,RNAi,2.571428571,J,34394
1,5,41,Male,RNAi,1.428571429,J,34394
1,2,41,Male,RNAi,2.571428571,J,34394
1,4,41,Male,RNAi,1.428571429,J,34394
1,3,41,Male,RNAi,2,J,34394
1,1,41,Male,RNAi,4.285714286,J,34394
1,1,42,Male,Control,2,J,34394
1,3,42,Male,Control,4.285714286,J,34394
1,5,42,Male,Control,4.285714286,J,34394
1,2,42,Male,Control,4.571428571,J,34394
1,4,42,Male,Control,2.571428571,J,34394
1,4,43,Female,Control,2.285714286,J,34394
1,1,43,Female,Control,2.857142857,J,34394
1,5,43,Female,Control,1.428571429,J,34394
1,2,43,Female,Control,2.571428571,J,34394
1,3,43,Female,Control,2.285714286,J,34394
1,5,44,Female,RNAi,3.142857143,J,34394
1,4,44,Female,RNAi,2.285714286,J,34394
1,3,44,Female,RNAi,2,J,34394
1,2,44,Female,RNAi,3.142857143,J,34394
1,1,44,Female,RNAi,0.857142857,J,34394
1,5,45,Male,RNAi,2.571428571,J,34394
1,4,45,Male,RNAi,2,J,34394
1,3,45,Male,RNAi,2,J,34394
1,2,45,Male,RNAi,2,J,34394
1,1,45,Male,RNAi,1.142857143,J,34394
1,5,46,Female,Control,2.571428571,J,34394
1,4,46,Female,Control,0.857142857,J,34394
1,3,46,Female,Control,2,J,34394
1,2,46,Female,Control,1.142857143,J,34394
1,1,46,Female,Control,3.142857143,J,34394
1,3,47,Female,RNAi,6,J,34394
1,4,47,Female,RNAi,4.285714286,J,34394
1,1,47,Female,RNAi,6,J,34394
1,5,47,Female,RNAi,6,J,34394
1,2,47,Female,RNAi,2.857142857,J,34394
1,2,48,Male,Control,0.285714286,J,34394
1,4,48,Male,Control,1.714285714,J,34394
1,1,48,Male,Control,1.714285714,J,34394
1,3,48,Male,Control,1.714285714,J,34394
1,5,48,Male,Control,0.857142857,J,34394
2,1,1,Male,Control,0.857142857,J,34394
2,5,1,Male,Control,1.714285714,J,34394
2,3,1,Male,Control,1.142857143,J,34394
2,2,1,Male,Control,2,J,34394
2,4,1,Male,Control,0.571428571,J,34394
2,1,2,Female,Control,4.571428571,J,34394
2,2,2,Female,Control,6,J,34394
2,3,2,Female,Control,8,J,34394
2,5,2,Female,Control,8,J,34394
2,4,2,Female,Control,8,J,34394
2,1,3,Female,RNAi,4.571428571,J,34394
2,3,3,Female,RNAi,2.285714286,J,34394
2,2,3,Female,RNAi,4.285714286,J,34394
2,4,3,Female,RNAi,1.142857143,J,34394
2,5,3,Female,RNAi,3.142857143,J,34394
2,4,4,Male,RNAi,1.142857143,J,34394
2,3,4,Male,RNAi,0.857142857,J,34394
2,1,4,Male,RNAi,0.857142857,J,34394
2,5,4,Male,RNAi,0.857142857,J,34394
2,2,4,Male,RNAi,1.428571429,J,34394
2,4,5,Male,Control,0.857142857,J,34394
2,1,5,Male,Control,1.142857143,J,34394
2,5,5,Male,Control,4.285714286,J,34394
2,3,5,Male,Control,2,J,34394
2,2,5,Male,Control,1.142857143,J,34394
2,1,6,Female,Control,2.857142857,J,34394
2,2,6,Female,Control,3.714285714,J,34394
2,4,6,Female,Control,2,J,34394
2,3,6,Female,Control,4.571428571,J,34394
2,5,6,Female,Control,3.142857143,J,34394
2,2,7,Female,RNAi,4.285714286,J,34394
2,1,7,Female,RNAi,4.571428571,J,34394
2,3,7,Female,RNAi,6,J,34394
2,4,7,Female,RNAi,6,J,34394
2,5,7,Female,RNAi,4.285714286,J,34394
2,2,8,Male,RNAi,1.142857143,J,34394
2,4,8,Male,RNAi,1.428571429,J,34394
2,3,8,Male,RNAi,1.714285714,J,34394
2,1,8,Male,RNAi,0.857142857,J,34394
2,5,8,Male,RNAi,1.142857143,J,34394
2,5,9,Male,Control,1.428571429,J,34394
2,4,9,Male,Control,2.571428571,J,34394
2,2,9,Male,Control,2,J,34394
2,1,9,Male,Control,2.571428571,J,34394
2,3,9,Male,Control,1.714285714,J,34394
2,5,10,Male,RNAi,1.12244898,J,34394
2,1,10,Male,RNAi,1.12244898,J,34394
2,2,10,Male,RNAi,1.12244898,J,34394
2,4,10,Male,RNAi,3.081632653,J,34394
2,3,10,Male,RNAi,2.102040816,J,34394
2,5,11,Female,Control,3.428571429,J,34394
2,2,11,Female,Control,3.428571429,J,34394
2,1,11,Female,Control,2.571428571,J,34394
2,3,11,Female,Control,2.571428571,J,34394
2,4,11,Female,Control,3.142857143,J,34394
2,3,12,Female,RNAi,2.571428571,J,34394
2,2,12,Female,RNAi,2.571428571,J,34394
2,5,12,Female,RNAi,2.571428571,J,34394
2,4,12,Female,RNAi,2.571428571,J,34394
2,1,12,Female,RNAi,2.571428571,J,34394
2,3,13,Female,Control,6,J,34394
2,5,13,Female,Control,6,J,34394
2,4,13,Female,Control,6,J,34394
2,2,13,Female,Control,4.571428571,J,34394
2,1,13,Female,Control,3.714285714,J,34394
2,5,14,Male,Control,0.857142857,J,34394
2,1,14,Male,Control,1.142857143,J,34394
2,3,14,Male,Control,3.142857143,J,34394
2,2,14,Male,Control,3.142857143,J,34394
2,4,14,Male,Control,1.714285714,J,34394
2,1,15,Male,RNAi,6,J,34394
2,5,15,Male,RNAi,3.142857143,J,34394
2,2,15,Male,RNAi,8,J,34394
2,3,15,Male,RNAi,2,J,34394
2,4,15,Male,RNAi,1.142857143,J,34394
2,1,16,Female,RNAi,1.714285714,J,34394
2,3,16,Female,RNAi,3.714285714,J,34394
2,2,16,Female,RNAi,2.571428571,J,34394
2,5,16,Female,RNAi,3.428571429,J,34394
2,4,16,Female,RNAi,2.571428571,J,34394
2,4,17,Female,RNAi,4.285714286,J,34394
2,3,17,Female,RNAi,2,J,34394
2,1,17,Female,RNAi,3.142857143,J,34394
2,5,17,Female,RNAi,2.571428571,J,34394
2,2,17,Female,RNAi,2.857142857,J,34394
2,4,18,Male,RNAi,3.714285714,J,34394
2,5,18,Male,RNAi,6,J,34394
2,1,18,Male,RNAi,1.142857143,J,34394
2,3,18,Male,RNAi,2,J,34394
2,2,18,Male,RNAi,2.285714286,J,34394
2,4,19,Female,Control,6,J,34394
2,1,19,Female,Control,1.714285714,J,34394
2,5,19,Female,Control,6,J,34394
2,2,19,Female,Control,3.142857143,J,34394
2,3,19,Female,Control,4.285714286,J,34394
2,2,20,Male,Control,2.571428571,J,34394
2,1,20,Male,Control,6,J,34394
2,4,20,Male,Control,4.571428571,J,34394
2,3,20,Male,Control,6,J,34394
2,5,20,Male,Control,4.571428571,J,34394
2,2,21,Male,RNAi,1.142857143,J,34394
2,4,21,Male,RNAi,1.142857143,J,34394
2,3,21,Male,RNAi,0.571428571,J,34394
2,1,21,Male,RNAi,1.142857143,J,34394
2,5,21,Male,RNAi,1.428571429,J,34394
2,4,22,Female,RNAi,1.714285714,J,34394
2,5,22,Female,RNAi,3.714285714,J,34394
2,2,22,Female,RNAi,2.571428571,J,34394
2,1,22,Female,RNAi,3.142857143,J,34394
2,3,22,Female,RNAi,2.571428571,J,34394
2,5,23,Female,Control,4.285714286,J,34394
2,4,23,Female,Control,2,J,34394
2,1,23,Female,Control,4.285714286,J,34394
2,2,23,Female,Control,4.285714286,J,34394
2,3,23,Female,Control,2,J,34394
2,5,24,Male,Control,2,J,34394
2,2,24,Male,Control,1.714285714,J,34394
2,1,24,Male,Control,1.428571429,J,34394
2,4,24,Male,Control,1.428571429,J,34394
2,3,24,Male,Control,3.142857143,J,34394
2,3,25,Female,Control,6,J,34394
2,2,25,Female,Control,3.714285714,J,34394
2,5,25,Female,Control,8,J,34394
2,4,25,Female,Control,6,J,34394
2,1,25,Female,Control,3.142857143,J,34394
2,3,26,Female,RNAi,3.714285714,J,34394
2,4,26,Female,RNAi,3.714285714,J,34394
2,5,26,Female,RNAi,3.714285714,J,34394
2,2,26,Female,RNAi,3.714285714,J,34394
2,1,26,Female,RNAi,3.714285714,J,34394
2,3,27,Male,RNAi,3.142857143,J,34394
2,5,27,Male,RNAi,2.285714286,J,34394
2,4,27,Male,RNAi,4.285714286,J,34394
2,1,27,Male,RNAi,6,J,34394
2,2,27,Male,RNAi,2.285714286,J,34394
2,1,28,Male,Control,2,J,34394
2,5,28,Male,Control,1.428571429,J,34394
2,3,28,Male,Control,0.857142857,J,34394
2,2,28,Male,Control,2.571428571,J,34394
2,4,28,Male,Control,1.428571429,J,34394
2,1,29,Female,Control,2.857142857,J,34394
2,3,29,Female,Control,8,J,34394
2,2,29,Female,Control,2.857142857,J,34394
2,5,29,Female,Control,4.571428571,J,34394
2,4,29,Female,Control,6,J,34394
2,3,30,Male,RNAi,2.102040816,J,34394
2,4,30,Male,RNAi,1.448979592,J,34394
2,1,30,Male,RNAi,2.102040816,J,34394
2,5,30,Male,RNAi,3.408163265,J,34394
2,2,30,Male,RNAi,1.448979592,J,34394
2,4,31,Female,RNAi,3.142857143,J,34394
2,3,31,Female,RNAi,4.571428571,J,34394
2,5,31,Female,RNAi,2.571428571,J,34394
2,1,31,Female,RNAi,2.571428571,J,34394
2,2,31,Female,RNAi,4.571428571,J,34394
2,4,32,Male,Control,2.571428571,J,34394
2,1,32,Male,Control,2,J,34394
2,5,32,Male,Control,2.285714286,J,34394
2,3,32,Male,Control,1.142857143,J,34394
2,2,32,Male,Control,1.714285714,J,34394
2,2,33,Male,RNAi,1.142857143,J,34394
2,1,33,Male,RNAi,1.142857143,J,34394
2,4,33,Male,RNAi,0.857142857,J,34394
2,3,33,Male,RNAi,2,J,34394
2,5,33,Male,RNAi,1.142857143,J,34394
2,2,34,Female,RNAi,2.857142857,J,34394
2,3,34,Female,RNAi,3.714285714,J,34394
2,4,34,Female,RNAi,3.714285714,J,34394
2,1,34,Female,RNAi,4.571428571,J,34394
2,5,34,Female,RNAi,1.714285714,J,34394
2,2,35,Male,Control,0.857142857,J,34394
2,4,35,Male,Control,3.714285714,J,34394
2,3,35,Male,Control,1.428571429,J,34394
2,5,35,Male,Control,1.714285714,J,34394
2,1,35,Male,Control,1.142857143,J,34394
2,5,36,Female,Control,6,J,34394
2,4,36,Female,Control,4.571428571,J,34394
2,2,36,Female,Control,3.142857143,J,34394
2,1,36,Female,Control,2,J,34394
2,3,36,Female,Control,4.571428571,J,34394
2,5,37,Male,Control,1.428571429,J,34394
2,2,37,Male,Control,2.857142857,J,34394
2,1,37,Male,Control,1.142857143,J,34394
2,4,37,Male,Control,6,J,34394
2,3,37,Male,Control,0.285714286,J,34394
2,2,38,Female,Control,6,J,34394
2,3,38,Female,Control,6,J,34394
2,5,38,Female,Control,6,J,34394
2,4,38,Female,Control,4.571428571,J,34394
2,1,38,Female,Control,6,J,34394
2,3,39,Female,RNAi,0.857142857,J,34394
2,2,39,Female,RNAi,2,J,34394
2,4,39,Female,RNAi,0.857142857,J,34394
2,5,39,Female,RNAi,1.714285714,J,34394
2,1,39,Female,RNAi,1.428571429,J,34394
2,3,40,Male,RNAi,2.571428571,J,34394
2,5,40,Male,RNAi,1.142857143,J,34394
2,4,40,Male,RNAi,6,J,34394
2,2,40,Male,RNAi,4.285714286,J,34394
2,1,40,Male,RNAi,2,J,34394
2,1,41,Female,Control,8,J,34394
2,5,41,Female,Control,6,J,34394
2,3,41,Female,Control,6,J,34394
2,2,41,Female,Control,6,J,34394
2,4,41,Female,Control,8,J,34394
2,1,42,Male,Control,2.571428571,J,34394
2,2,42,Male,Control,1.428571429,J,34394
2,3,42,Male,Control,2,J,34394
2,5,42,Male,Control,2,J,34394
2,4,42,Male,Control,0.285714286,J,34394
2,1,43,Female,RNAi,8,J,34394
2,3,43,Female,RNAi,6,J,34394
2,2,43,Female,RNAi,8,J,34394
2,4,43,Female,RNAi,8,J,34394
2,5,43,Female,RNAi,8,J,34394
2,4,44,Male,RNAi,2.857142857,J,34394
2,3,44,Male,RNAi,2.857142857,J,34394
2,1,44,Male,RNAi,2.571428571,J,34394
2,5,44,Male,RNAi,2,J,34394
2,2,44,Male,RNAi,3.142857143,J,34394
2,4,45,Female,RNAi,3.142857143,J,34394
2,1,45,Female,RNAi,4.571428571,J,34394
2,5,45,Female,RNAi,3.142857143,J,34394
2,3,45,Female,RNAi,4.571428571,J,34394
2,2,45,Female,RNAi,4.571428571,J,34394
2,1,46,Male,Control,2,J,34394
2,2,46,Male,Control,4.285714286,J,34394
2,4,46,Male,Control,1.714285714,J,34394
2,3,46,Male,Control,0.857142857,J,34394
2,5,46,Male,Control,1.142857143,J,34394
2,2,47,Male,RNAi,1.428571429,J,34394
2,1,47,Male,RNAi,1.428571429,J,34394
2,3,47,Male,RNAi,2.285714286,J,34394
2,4,47,Male,RNAi,3.142857143,J,34394
2,5,47,Male,RNAi,3.142857143,J,34394
2,2,48,Female,Control,6,J,34394
2,4,48,Female,Control,6,J,34394
2,3,48,Female,Control,6,J,34394
2,1,48,Female,Control,8,J,34394
2,5,48,Female,Control,8,J,34394
3,1,1,Male,RNAi,2,J,34394
3,3,1,Male,RNAi,6,J,34394
3,5,1,Male,RNAi,4.285714286,J,34394
3,2,1,Male,RNAi,2,J,34394
3,4,1,Male,RNAi,2.857142857,J,34394
3,4,2,Female,RNAi,4.571428571,J,34394
3,1,2,Female,RNAi,2.857142857,J,34394
3,5,2,Female,RNAi,3.142857143,J,34394
3,2,2,Female,RNAi,3.142857143,J,34394
3,3,2,Female,RNAi,3.142857143,J,34394
3,5,3,Female,Control,3.428571429,J,34394
3,4,3,Female,Control,8,J,34394
3,3,3,Female,Control,2,J,34394
3,2,3,Female,Control,4.285714286,J,34394
3,1,3,Female,Control,8,J,34394
3,5,4,Male,Control,1.428571429,J,34394
3,4,4,Male,Control,1.428571429,J,34394
3,3,4,Male,Control,3.142857143,J,34394
3,2,4,Male,Control,2.285714286,J,34394
3,1,4,Male,Control,0.571428571,J,34394
3,5,5,Female,Control,8,J,34394
3,4,5,Female,Control,4.571428571,J,34394
3,3,5,Female,Control,6,J,34394
3,2,5,Female,Control,6,J,34394
3,1,5,Female,Control,2.857142857,J,34394
3,3,6,Male,RNAi,1.142857143,J,34394
3,4,6,Male,RNAi,0.571428571,J,34394
3,1,6,Male,RNAi,2,J,34394
3,5,6,Male,RNAi,2,J,34394
3,2,6,Male,RNAi,2,J,34394
3,2,7,Male,Control,1.142857143,J,34394
3,4,7,Male,Control,1.142857143,J,34394
3,1,7,Male,Control,1.428571429,J,34394
3,3,7,Male,Control,1.428571429,J,34394
3,5,7,Male,Control,1.428571429,J,34394
3,5,8,Female,RNAi,2.571428571,J,34394
3,3,8,Female,RNAi,2.571428571,J,34394
3,2,8,Female,RNAi,2.571428571,J,34394
3,4,8,Female,RNAi,2.571428571,J,34394
3,1,8,Female,RNAi,2.571428571,J,34394
3,5,9,Female,Control,3.142857143,J,34394
3,3,9,Female,Control,3.714285714,J,34394
3,4,9,Female,Control,3.714285714,J,34394
3,1,9,Female,Control,6,J,34394
3,2,9,Female,Control,3.428571429,J,34394
3,3,10,Male,RNAi,2.285714286,J,34394
3,4,10,Male,RNAi,2,J,34394
3,1,10,Male,RNAi,1.714285714,J,34394
3,2,10,Male,RNAi,0.571428571,J,34394
3,5,10,Male,RNAi,2.571428571,J,34394
3,5,11,Male,Control,2,J,34394
3,3,11,Male,Control,2,J,34394
3,4,11,Male,Control,1.428571429,J,34394
3,1,11,Male,Control,1.714285714,J,34394
3,2,11,Male,Control,3.142857143,J,34394
3,3,12,Female,RNAi,2.102040816,J,34394
3,4,12,Female,RNAi,2.428571429,J,34394
3,1,12,Female,RNAi,2.102040816,J,34394
3,2,12,Female,RNAi,2.428571429,J,34394
3,5,12,Female,RNAi,2.102040816,J,34394
3,5,13,Female,Control,1.714285714,J,34394
3,3,13,Female,Control,4.571428571,J,34394
3,2,13,Female,Control,1.714285714,J,34394
3,4,13,Female,Control,2.285714286,J,34394
3,1,13,Female,Control,2,J,34394
3,5,14,Male,RNAi,2.571428571,J,34394
3,1,14,Male,RNAi,1.428571429,J,34394
3,3,14,Male,RNAi,0.857142857,J,34394
3,2,14,Male,RNAi,0.857142857,J,34394
3,4,14,Male,RNAi,0.857142857,J,34394
3,5,15,Male,Control,1.428571429,J,34394
3,4,15,Male,Control,0.857142857,J,34394
3,2,15,Male,Control,1.428571429,J,34394
3,3,15,Male,Control,0.571428571,J,34394
3,1,15,Male,Control,1.428571429,J,34394
3,3,16,Female,RNAi,4.571428571,J,34394
3,1,16,Female,RNAi,3.714285714,J,34394
3,4,16,Female,RNAi,8,J,34394
3,5,16,Female,RNAi,6,J,34394
3,2,16,Female,RNAi,3.714285714,J,34394
3,3,18,Male,RNAi,3.408163265,J,34394
3,1,18,Male,RNAi,2.102040816,J,34394
3,2,18,Male,RNAi,3.734693878,J,34394
3,5,18,Male,RNAi,5.040816327,J,34394
3,4,18,Male,RNAi,5.040816327,J,34394
3,3,19,Female,RNAi,4.285714286,J,34394
3,4,19,Female,RNAi,3.142857143,J,34394
3,2,19,Female,RNAi,4.285714286,J,34394
3,5,19,Female,RNAi,4.571428571,J,34394
3,1,19,Female,RNAi,2.571428571,J,34394
3,3,20,Female,Control,1.714285714,J,34394
3,4,20,Female,Control,1.142857143,J,34394
3,2,20,Female,Control,2.285714286,J,34394
3,5,20,Female,Control,3.714285714,J,34394
3,1,20,Female,Control,2.571428571,J,34394
3,5,21,Male,RNAi,2.571428571,J,34394
3,4,21,Male,RNAi,1.714285714,J,34394
3,2,21,Male,RNAi,2.857142857,J,34394
3,1,21,Male,RNAi,1.142857143,J,34394
3,3,21,Male,RNAi,2,J,34394
3,4,22,Male,Control,0.857142857,J,34394
3,5,22,Male,Control,1.142857143,J,34394
3,3,22,Male,Control,0.857142857,J,34394
3,2,22,Male,Control,1.142857143,J,34394
3,1,22,Male,Control,0.857142857,J,34394
3,4,23,Female,RNAi,2,J,34394
3,5,23,Female,RNAi,2.571428571,J,34394
3,3,23,Female,RNAi,2,J,34394
3,1,23,Female,RNAi,2.285714286,J,34394
3,2,23,Female,RNAi,1.714285714,J,34394
3,2,24,Female,Control,3.142857143,J,34394
3,5,24,Female,Control,4.285714286,J,34394
3,3,24,Female,Control,1.714285714,J,34394
3,1,24,Female,Control,4.285714286,J,34394
3,4,24,Female,Control,1.714285714,J,34394
3,2,25,Male,Control,2.571428571,J,34394
3,5,25,Male,Control,0.857142857,J,34394
3,3,25,Male,Control,1.142857143,J,34394
3,1,25,Male,Control,2.571428571,J,34394
3,4,25,Male,Control,2.285714286,J,34394
3,2,26,Female,Control,2.102040816,J,34394
3,5,26,Female,Control,1.448979592,J,34394
3,3,26,Female,Control,1.448979592,J,34394
3,1,26,Female,Control,1.448979592,J,34394
3,4,26,Female,Control,1.775510204,J,34394
3,4,27,Female,RNAi,4.571428571,J,34394
3,5,27,Female,RNAi,4.571428571,J,34394
3,3,27,Female,RNAi,4.285714286,J,34394
3,1,27,Female,RNAi,2,J,34394
3,2,27,Female,RNAi,2.857142857,J,34394
3,5,28,Male,RNAi,1.714285714,J,34394
3,4,28,Male,RNAi,1.714285714,J,34394
3,3,28,Male,RNAi,1.428571429,J,34394
3,1,28,Male,RNAi,1.714285714,J,34394
3,2,28,Male,RNAi,0.857142857,J,34394
3,3,29,Male,RNAi,0.857142857,J,34394
3,5,29,Male,RNAi,1.428571429,J,34394
3,4,29,Male,RNAi,0.571428571,J,34394
3,2,29,Male,RNAi,2,J,34394
3,1,29,Male,RNAi,1.142857143,J,34394
3,5,30,Female,Control,6,J,34394
3,1,30,Female,Control,8,J,34394
3,4,30,Female,Control,8,J,34394
3,2,30,Female,Control,4.285714286,J,34394
3,3,30,Female,Control,8,J,34394
3,5,31,Female,RNAi,2.571428571,J,34394
3,1,31,Female,RNAi,3.142857143,J,34394
3,4,31,Female,RNAi,4.571428571,J,34394
3,2,31,Female,RNAi,3.142857143,J,34394
3,3,31,Female,RNAi,6,J,34394
3,2,32,Male,Control,1.142857143,J,34394
3,1,32,Male,Control,2,J,34394
3,4,32,Male,Control,3.142857143,J,34394
3,5,32,Male,Control,6,J,34394
3,3,32,Male,Control,2.857142857,J,34394
3,4,33,Male,Control,2,J,34394
3,1,33,Male,Control,0.571428571,J,34394
3,2,33,Male,Control,1.714285714,J,34394
3,5,33,Male,Control,1.428571429,J,34394
3,3,33,Male,Control,1.428571429,J,34394
3,5,34,Female,Control,3.714285714,J,34394
3,3,34,Female,Control,4.285714286,J,34394
3,4,34,Female,Control,4.285714286,J,34394
3,2,34,Female,Control,2.857142857,J,34394
3,1,34,Female,Control,2,J,34394
3,2,35,Male,RNAi,2,J,34394
3,4,35,Male,RNAi,6,J,34394
3,3,35,Male,RNAi,1.428571429,J,34394
3,5,35,Male,RNAi,6,J,34394
3,1,35,Male,RNAi,1.428571429,J,34394
3,5,36,Female,RNAi,7,J,34394
3,2,36,Female,RNAi,7,J,34394
3,4,36,Female,RNAi,7,J,34394
3,3,36,Female,RNAi,7,J,34394
3,1,36,Female,RNAi,7,J,34394
3,1,37,Female,RNAi,5.040816327,J,34394
3,4,37,Female,RNAi,2.102040816,J,34394
3,5,37,Female,RNAi,3.081632653,J,34394
3,2,37,Female,RNAi,2.102040816,J,34394
3,3,37,Female,RNAi,2.102040816,J,34394
3,4,38,Male,RNAi,3.428571429,J,34394
3,5,38,Male,RNAi,3.714285714,J,34394
3,2,38,Male,RNAi,3.142857143,J,34394
3,3,38,Male,RNAi,3.714285714,J,34394
3,1,38,Male,RNAi,1.142857143,J,34394
3,1,39,Male,Control,2.285714286,J,34394
3,4,39,Male,Control,1.714285714,J,34394
3,5,39,Male,Control,1.714285714,J,34394
3,2,39,Male,Control,2,J,34394
3,3,39,Male,Control,2.571428571,J,34394
3,4,40,Female,Control,6,J,34394
3,5,40,Female,Control,6,J,34394
3,2,40,Female,Control,4.285714286,J,34394
3,3,40,Female,Control,4.285714286,J,34394
3,1,40,Female,Control,6,J,34394
3,5,41,Female,RNAi,6,J,34394
3,2,41,Female,RNAi,2.857142857,J,34394
3,4,41,Female,RNAi,4.571428571,J,34394
3,3,41,Female,RNAi,4.285714286,J,34394
3,1,41,Female,RNAi,2,J,34394
3,1,42,Female,Control,6,J,34394
3,3,42,Female,Control,4.571428571,J,34394
3,5,42,Female,Control,4.571428571,J,34394
3,2,42,Female,Control,4.285714286,J,34394
3,4,42,Female,Control,6,J,34394
3,4,43,Male,Control,1.714285714,J,34394
3,1,43,Male,Control,2.857142857,J,34394
3,5,43,Male,Control,1.714285714,J,34394
3,2,43,Male,Control,4.571428571,J,34394
3,3,43,Male,Control,6,J,34394
3,5,44,Male,RNAi,6,J,34394
3,4,44,Male,RNAi,4.571428571,J,34394
3,3,44,Male,RNAi,3.142857143,J,34394
3,2,44,Male,RNAi,3.714285714,J,34394
3,1,44,Male,RNAi,1.142857143,J,34394
3,5,45,Female,RNAi,3.428571429,J,34394
3,4,45,Female,RNAi,3.428571429,J,34394
3,3,45,Female,RNAi,3.428571429,J,34394
3,2,45,Female,RNAi,3.428571429,J,34394
3,1,45,Female,RNAi,2.571428571,J,34394
3,5,46,Female,Control,6,J,34394
3,4,46,Female,Control,4.285714286,J,34394
3,3,46,Female,Control,4.285714286,J,34394
3,2,46,Female,Control,6,J,34394
3,1,46,Female,Control,6,J,34394
3,3,47,Male,RNAi,4.285714286,J,34394
3,4,47,Male,RNAi,2.571428571,J,34394
3,1,47,Male,RNAi,1.142857143,J,34394
3,5,47,Male,RNAi,2.571428571,J,34394
3,2,47,Male,RNAi,1.428571429,J,34394
3,2,48,Male,Control,2,J,34394
3,4,48,Male,Control,0.571428571,J,34394
3,1,48,Male,Control,1.142857143,J,34394
3,3,48,Male,Control,1.142857143,J,34394
3,5,48,Male,Control,1.142857143,J,34394
1,1,1,Female,Control,1.428571429,K,28744
1,5,1,Female,Control,1.428571429,K,28744
1,3,1,Female,Control,1.428571429,K,28744
1,2,1,Female,Control,2.285714286,K,28744
1,4,1,Female,Control,1.428571429,K,28744
1,1,2,Female,RNAi,2.285714286,K,28744
1,2,2,Female,RNAi,2,K,28744
1,3,2,Female,RNAi,3.142857143,K,28744
1,5,2,Female,RNAi,3.714285714,K,28744
1,4,2,Female,RNAi,3.714285714,K,28744
1,1,3,Male,RNAi,1.714285714,K,28744
1,3,3,Male,RNAi,3.714285714,K,28744
1,2,3,Male,RNAi,1.142857143,K,28744
1,4,3,Male,RNAi,1.142857143,K,28744
1,5,3,Male,RNAi,4.285714286,K,28744
1,4,4,Male,Control,1.428571429,K,28744
1,3,4,Male,Control,1.714285714,K,28744
1,1,4,Male,Control,1.714285714,K,28744
1,5,4,Male,Control,2.857142857,K,28744
1,2,4,Male,Control,2.285714286,K,28744
1,4,5,Male,RNAi,3.714285714,K,28744
1,1,5,Male,RNAi,2.571428571,K,28744
1,5,5,Male,RNAi,3.142857143,K,28744
1,3,5,Male,RNAi,3.714285714,K,28744
1,2,5,Male,RNAi,3.428571429,K,28744
1,1,6,Female,RNAi,1.142857143,K,28744
1,2,6,Female,RNAi,2.571428571,K,28744
1,4,6,Female,RNAi,3.714285714,K,28744
1,3,6,Female,RNAi,3.714285714,K,28744
1,5,6,Female,RNAi,3.714285714,K,28744
1,2,7,Male,Control,2.857142857,K,28744
1,1,7,Male,Control,1.142857143,K,28744
1,3,7,Male,Control,1.714285714,K,28744
1,4,7,Male,Control,2.571428571,K,28744
1,5,7,Male,Control,2,K,28744
1,2,8,Female,Control,3.428571429,K,28744
1,4,8,Female,Control,3.428571429,K,28744
1,3,8,Female,Control,3.428571429,K,28744
1,1,8,Female,Control,3.714285714,K,28744
1,5,8,Female,Control,3.428571429,K,28744
1,5,9,Male,Control,3.142857143,K,28744
1,4,9,Male,Control,1.714285714,K,28744
1,2,9,Male,Control,1.142857143,K,28744
1,1,9,Male,Control,4.285714286,K,28744
1,3,9,Male,Control,1.142857143,K,28744
1,5,10,Male,RNAi,3.142857143,K,28744
1,1,10,Male,RNAi,8,K,28744
1,2,10,Male,RNAi,8,K,28744
1,4,10,Male,RNAi,6,K,28744
1,3,10,Male,RNAi,6,K,28744
1,5,11,Female,RNAi,1.428571429,K,28744
1,2,11,Female,RNAi,3.142857143,K,28744
1,1,11,Female,RNAi,2.285714286,K,28744
1,3,11,Female,RNAi,2.285714286,K,28744
1,4,11,Female,RNAi,2.285714286,K,28744
1,3,12,Female,Control,2.857142857,K,28744
1,2,12,Female,Control,2,K,28744
1,5,12,Female,Control,4.571428571,K,28744
1,4,12,Female,Control,4.571428571,K,28744
1,1,12,Female,Control,4.285714286,K,28744
1,3,13,Male,RNAi,3.714285714,K,28744
1,5,13,Male,RNAi,3.714285714,K,28744
1,4,13,Male,RNAi,3.714285714,K,28744
1,2,13,Male,RNAi,3.714285714,K,28744
1,1,13,Male,RNAi,3.428571429,K,28744
1,5,14,Female,RNAi,6,K,28744
1,1,14,Female,RNAi,3.142857143,K,28744
1,3,14,Female,RNAi,4.285714286,K,28744
1,2,14,Female,RNAi,4.285714286,K,28744
1,4,14,Female,RNAi,4.285714286,K,28744
1,1,15,Female,Control,3.714285714,K,28744
1,5,15,Female,Control,3.714285714,K,28744
1,2,15,Female,Control,3.428571429,K,28744
1,3,15,Female,Control,2.571428571,K,28744
1,4,15,Female,Control,3.714285714,K,28744
1,1,16,Male,Control,0.571428571,K,28744
1,3,16,Male,Control,0.857142857,K,28744
1,2,16,Male,Control,1.142857143,K,28744
1,5,16,Male,Control,1.428571429,K,28744
1,4,16,Male,Control,1.142857143,K,28744
1,4,17,Male,Control,6,K,28744
1,3,17,Male,Control,6,K,28744
1,1,17,Male,Control,2.857142857,K,28744
1,5,17,Male,Control,2,K,28744
1,2,17,Male,Control,2,K,28744
1,4,18,Male,RNAi,3.142857143,K,28744
1,5,18,Male,RNAi,2,K,28744
1,1,18,Male,RNAi,2.571428571,K,28744
1,3,18,Male,RNAi,1.142857143,K,28744
1,2,18,Male,RNAi,4.571428571,K,28744
1,4,19,Female,RNAi,4.571428571,K,28744
1,1,19,Female,RNAi,4.571428571,K,28744
1,5,19,Female,RNAi,4.571428571,K,28744
1,2,19,Female,RNAi,4.571428571,K,28744
1,3,19,Female,RNAi,4.571428571,K,28744
1,2,20,Female,Control,3.081632653,K,28744
1,1,20,Female,Control,3.408163265,K,28744
1,4,20,Female,Control,3.081632653,K,28744
1,3,20,Female,Control,3.081632653,K,28744
1,5,20,Female,Control,3.081632653,K,28744
1,2,21,Male,Control,1.428571429,K,28744
1,4,21,Male,Control,1.714285714,K,28744
1,3,21,Male,Control,6,K,28744
1,1,21,Male,Control,1.428571429,K,28744
1,5,21,Male,Control,1.142857143,K,28744
1,4,22,Female,Control,6,K,28744
1,5,22,Female,Control,4.285714286,K,28744
1,2,22,Female,Control,2.571428571,K,28744
1,1,22,Female,Control,2.571428571,K,28744
1,3,22,Female,Control,6,K,28744
1,5,23,Male,RNAi,4.285714286,K,28744
1,4,23,Male,RNAi,8,K,28744
1,1,23,Male,RNAi,8,K,28744
1,2,23,Male,RNAi,6,K,28744
1,3,23,Male,RNAi,8,K,28744
1,5,24,Female,RNAi,8,K,28744
1,2,24,Female,RNAi,8,K,28744
1,1,24,Female,RNAi,6,K,28744
1,4,24,Female,RNAi,8,K,28744
1,3,24,Female,RNAi,8,K,28744
1,3,25,Female,Control,6,K,28744
1,2,25,Female,Control,6,K,28744
1,5,25,Female,Control,8,K,28744
1,4,25,Female,Control,8,K,28744
1,1,25,Female,Control,8,K,28744
1,3,26,Male,RNAi,3.714285714,K,28744
1,4,26,Male,RNAi,3.714285714,K,28744
1,5,26,Male,RNAi,2.571428571,K,28744
1,2,26,Male,RNAi,2.571428571,K,28744
1,1,26,Male,RNAi,3.428571429,K,28744
1,3,27,Male,Control,1.428571429,K,28744
1,5,27,Male,Control,3.428571429,K,28744
1,4,27,Male,Control,2.571428571,K,28744
1,1,27,Male,Control,1.142857143,K,28744
1,2,27,Male,Control,0.857142857,K,28744
1,1,28,Female,RNAi,3.428571429,K,28744
1,5,28,Female,RNAi,3.428571429,K,28744
1,3,28,Female,RNAi,3.428571429,K,28744
1,2,28,Female,RNAi,3.428571429,K,28744
1,4,28,Female,RNAi,2.571428571,K,28744
1,1,29,Female,RNAi,2.285714286,K,28744
1,3,29,Female,RNAi,1.714285714,K,28744
1,2,29,Female,RNAi,2.571428571,K,28744
1,5,29,Female,RNAi,1.142857143,K,28744
1,4,29,Female,RNAi,1.714285714,K,28744
1,3,30,Female,Control,6,K,28744
1,4,30,Female,Control,6,K,28744
1,1,30,Female,Control,2.857142857,K,28744
1,5,30,Female,Control,4.571428571,K,28744
1,2,30,Female,Control,3.142857143,K,28744
1,4,31,Male,RNAi,6,K,28744
1,3,31,Male,RNAi,6,K,28744
1,5,31,Male,RNAi,4.285714286,K,28744
1,1,31,Male,RNAi,4.285714286,K,28744
1,2,31,Male,RNAi,6,K,28744
1,4,32,Male,Control,6,K,28744
1,1,32,Male,Control,2.571428571,K,28744
1,5,32,Male,Control,4.571428571,K,28744
1,3,32,Male,Control,6,K,28744
1,2,32,Male,Control,2.857142857,K,28744
1,2,33,Male,Control,1.428571429,K,28744
1,1,33,Male,Control,1.142857143,K,28744
1,4,33,Male,Control,3.142857143,K,28744
1,3,33,Male,Control,1.142857143,K,28744
1,5,33,Male,Control,2.285714286,K,28744
1,2,34,Female,Control,6,K,28744
1,3,34,Female,Control,6,K,28744
1,4,34,Female,Control,8,K,28744
1,1,34,Female,Control,2.571428571,K,28744
1,5,34,Female,Control,6,K,28744
1,2,35,Female,RNAi,4.285714286,K,28744
1,4,35,Female,RNAi,8,K,28744
1,3,35,Female,RNAi,6,K,28744
1,5,35,Female,RNAi,8,K,28744
1,1,35,Female,RNAi,8,K,28744
1,5,36,Male,RNAi,1.12244898,K,28744
1,4,36,Male,RNAi,3.081632653,K,28744
1,2,36,Male,RNAi,2.102040816,K,28744
1,1,36,Male,RNAi,5.040816327,K,28744
1,3,36,Male,RNAi,2.428571429,K,28744
1,5,37,Male,RNAi,4.571428571,K,28744
1,2,37,Male,RNAi,1.714285714,K,28744
1,1,37,Male,RNAi,2.285714286,K,28744
1,4,37,Male,RNAi,2,K,28744
1,3,37,Male,RNAi,1.428571429,K,28744
1,2,38,Female,Control,3.408163265,K,28744
1,3,38,Female,Control,3.734693878,K,28744
1,5,38,Female,Control,2.428571429,K,28744
1,4,38,Female,Control,3.081632653,K,28744
1,1,38,Female,Control,2.102040816,K,28744
1,3,39,Female,RNAi,1.428571429,K,28744
1,2,39,Female,RNAi,2.285714286,K,28744
1,4,39,Female,RNAi,2.285714286,K,28744
1,5,39,Female,RNAi,4.571428571,K,28744
1,1,39,Female,RNAi,1.142857143,K,28744
1,3,40,Male,Control,1.142857143,K,28744
1,5,40,Male,Control,1.142857143,K,28744
1,4,40,Male,Control,1.428571429,K,28744
1,2,40,Male,Control,3.142857143,K,28744
1,1,40,Male,Control,2.571428571,K,28744
1,1,41,Male,RNAi,4.571428571,K,28744
1,5,41,Male,RNAi,4.571428571,K,28744
1,3,41,Male,RNAi,8,K,28744
1,2,41,Male,RNAi,8,K,28744
1,4,41,Male,RNAi,6,K,28744
1,1,42,Female,Control,3.714285714,K,28744
1,2,42,Female,Control,2.571428571,K,28744
1,3,42,Female,Control,3.714285714,K,28744
1,5,42,Female,Control,2.285714286,K,28744
1,4,42,Female,Control,4.571428571,K,28744
1,1,43,Male,Control,3.142857143,K,28744
1,3,43,Male,Control,1.428571429,K,28744
1,2,43,Male,Control,2,K,28744
1,4,43,Male,Control,3.142857143,K,28744
1,5,43,Male,Control,2.285714286,K,28744
1,4,44,Female,RNAi,4.571428571,K,28744
1,3,44,Female,RNAi,3.142857143,K,28744
1,1,44,Female,RNAi,3.142857143,K,28744
1,5,44,Female,RNAi,6,K,28744
1,2,44,Female,RNAi,3.428571429,K,28744
1,4,45,Female,Control,2.571428571,K,28744
1,1,45,Female,Control,0.857142857,K,28744
1,5,45,Female,Control,3.714285714,K,28744
1,3,45,Female,Control,2.571428571,K,28744
1,2,45,Female,Control,2.857142857,K,28744
1,1,46,Male,Control,2.571428571,K,28744
1,2,46,Male,Control,1.428571429,K,28744
1,4,46,Male,Control,1.142857143,K,28744
1,3,46,Male,Control,3.142857143,K,28744
1,5,46,Male,Control,1.428571429,K,28744
1,2,47,Male,RNAi,2.428571429,K,28744
1,1,47,Male,RNAi,2.428571429,K,28744
1,3,47,Male,RNAi,2.428571429,K,28744
1,4,47,Male,RNAi,2.102040816,K,28744
1,5,47,Male,RNAi,1.12244898,K,28744
1,2,48,Female,RNAi,8,K,28744
1,4,48,Female,RNAi,8,K,28744
1,3,48,Female,RNAi,8,K,28744
1,1,48,Female,RNAi,4.571428571,K,28744
1,5,48,Female,RNAi,8,K,28744
2,1,1,Female,Control,6,K,28744
2,5,1,Female,Control,8,K,28744
2,3,1,Female,Control,8,K,28744
2,2,1,Female,Control,6,K,28744
2,4,1,Female,Control,8,K,28744
2,1,2,Female,RNAi,3.081632653,K,28744
2,2,2,Female,RNAi,3.081632653,K,28744
2,3,2,Female,RNAi,3.081632653,K,28744
2,5,2,Female,RNAi,3.081632653,K,28744
2,4,2,Female,RNAi,3.081632653,K,28744
2,1,3,Male,Control,0.571428571,K,28744
2,3,3,Male,Control,1.142857143,K,28744
2,2,3,Male,Control,1.142857143,K,28744
2,4,3,Male,Control,1.142857143,K,28744
2,5,3,Male,Control,0.571428571,K,28744
2,4,4,Male,RNAi,2.571428571,K,28744
2,3,4,Male,RNAi,4.285714286,K,28744
2,1,4,Male,RNAi,1.428571429,K,28744
2,5,4,Male,RNAi,2.857142857,K,28744
2,2,4,Male,RNAi,2.285714286,K,28744
2,4,5,Female,RNAi,2,K,28744
2,1,5,Female,RNAi,1.428571429,K,28744
2,5,5,Female,RNAi,1.428571429,K,28744
2,3,5,Female,RNAi,2,K,28744
2,2,5,Female,RNAi,2,K,28744
2,1,6,Male,RNAi,2.571428571,K,28744
2,2,6,Male,RNAi,4.285714286,K,28744
2,4,6,Male,RNAi,4.285714286,K,28744
2,3,6,Male,RNAi,4.285714286,K,28744
2,5,6,Male,RNAi,1.142857143,K,28744
2,2,7,Female,Control,3.428571429,K,28744
2,1,7,Female,Control,2.571428571,K,28744
2,3,7,Female,Control,2.857142857,K,28744
2,4,7,Female,Control,0.857142857,K,28744
2,5,7,Female,Control,2,K,28744
2,2,8,Male,Control,1.142857143,K,28744
2,4,8,Male,Control,4.285714286,K,28744
2,3,8,Male,Control,2.857142857,K,28744
2,1,8,Male,Control,1.142857143,K,28744
2,5,8,Male,Control,0.571428571,K,28744
2,5,9,Female,Control,4.571428571,K,28744
2,4,9,Female,Control,2.571428571,K,28744
2,2,9,Female,Control,4.571428571,K,28744
2,1,9,Female,Control,2.571428571,K,28744
2,3,9,Female,Control,2.857142857,K,28744
2,5,10,Female,RNAi,2.571428571,K,28744
2,1,10,Female,RNAi,2.571428571,K,28744
2,2,10,Female,RNAi,2.571428571,K,28744
2,4,10,Female,RNAi,3.714285714,K,28744
2,3,10,Female,RNAi,2.571428571,K,28744
2,5,11,Male,RNAi,1.714285714,K,28744
2,2,11,Male,RNAi,2,K,28744
2,1,11,Male,RNAi,0.857142857,K,28744
2,3,11,Male,RNAi,2,K,28744
2,4,11,Male,RNAi,2,K,28744
2,3,12,Male,Control,0.795918367,K,28744
2,2,12,Male,Control,1.12244898,K,28744
2,5,12,Male,Control,1.12244898,K,28744
2,4,12,Male,Control,0.795918367,K,28744
2,1,12,Male,Control,1.448979592,K,28744
2,3,13,Female,RNAi,2.285714286,K,28744
2,5,13,Female,RNAi,3.428571429,K,28744
2,4,13,Female,RNAi,2.571428571,K,28744
2,2,13,Female,RNAi,3.428571429,K,28744
2,1,13,Female,RNAi,2.857142857,K,28744
2,5,14,Female,Control,4.285714286,K,28744
2,1,14,Female,Control,3.714285714,K,28744
2,3,14,Female,Control,4.571428571,K,28744
2,2,14,Female,Control,4.285714286,K,28744
2,4,14,Female,Control,6,K,28744
2,1,15,Male,Control,1.142857143,K,28744
2,5,15,Male,Control,0.571428571,K,28744
2,2,15,Male,Control,3.142857143,K,28744
2,3,15,Male,Control,0.571428571,K,28744
2,4,15,Male,Control,1.142857143,K,28744
2,1,16,Male,RNAi,2.571428571,K,28744
2,3,16,Male,RNAi,2.285714286,K,28744
2,2,16,Male,RNAi,3.428571429,K,28744
2,5,16,Male,RNAi,2.571428571,K,28744
2,4,16,Male,RNAi,4.571428571,K,28744
2,4,17,Male,Control,1.428571429,K,28744
2,3,17,Male,Control,1.714285714,K,28744
2,1,17,Male,Control,1.142857143,K,28744
2,5,17,Male,Control,2.571428571,K,28744
2,2,17,Male,Control,1.142857143,K,28744
2,4,18,Female,RNAi,7,K,28744
2,5,18,Female,RNAi,7,K,28744
2,1,18,Female,RNAi,7,K,28744
2,3,18,Female,RNAi,7,K,28744
2,2,18,Female,RNAi,7,K,28744
2,4,19,Female,Control,4.285714286,K,28744
2,1,19,Female,Control,2.857142857,K,28744
2,5,19,Female,Control,4.571428571,K,28744
2,2,19,Female,Control,6,K,28744
2,3,19,Female,Control,4.571428571,K,28744
2,2,20,Male,RNAi,4.571428571,K,28744
2,1,20,Male,RNAi,3.142857143,K,28744
2,4,20,Male,RNAi,4.571428571,K,28744
2,3,20,Male,RNAi,4.571428571,K,28744
2,5,20,Male,RNAi,2.285714286,K,28744
2,2,21,Male,RNAi,1.428571429,K,28744
2,4,21,Male,RNAi,4.285714286,K,28744
2,3,21,Male,RNAi,0.857142857,K,28744
2,1,21,Male,RNAi,1.142857143,K,28744
2,5,21,Male,RNAi,1.142857143,K,28744
2,4,22,Female,RNAi,6,K,28744
2,5,22,Female,RNAi,8,K,28744
2,2,22,Female,RNAi,6,K,28744
2,1,22,Female,RNAi,4.285714286,K,28744
2,3,22,Female,RNAi,6,K,28744
2,5,23,Female,Control,6,K,28744
2,4,23,Female,Control,6,K,28744
2,1,23,Female,Control,4.285714286,K,28744
2,2,23,Female,Control,8,K,28744
2,3,23,Female,Control,8,K,28744
2,5,24,Male,Control,2.571428571,K,28744
2,2,24,Male,Control,2,K,28744
2,1,24,Male,Control,1.714285714,K,28744
2,4,24,Male,Control,3.142857143,K,28744
2,3,24,Male,Control,2,K,28744
2,3,25,Female,RNAi,6,K,28744
2,2,25,Female,RNAi,4.285714286,K,28744
2,5,25,Female,RNAi,8,K,28744
2,4,25,Female,RNAi,8,K,28744
2,1,25,Female,RNAi,4.571428571,K,28744
2,3,26,Male,Control,1.142857143,K,28744
2,4,26,Male,Control,4.285714286,K,28744
2,5,26,Male,Control,2.857142857,K,28744
2,2,26,Male,Control,2,K,28744
2,1,26,Male,Control,1.714285714,K,28744
2,3,27,Male,RNAi,2.571428571,K,28744
2,5,27,Male,RNAi,3.142857143,K,28744
2,4,27,Male,RNAi,1.142857143,K,28744
2,1,27,Male,RNAi,2,K,28744
2,2,27,Male,RNAi,1.714285714,K,28744
2,1,28,Female,Control,2,K,28744
2,5,28,Female,Control,4.285714286,K,28744
2,3,28,Female,Control,3.142857143,K,28744
2,2,28,Female,Control,2,K,28744
2,4,28,Female,Control,4.285714286,K,28744
2,1,29,Male,RNAi,1.142857143,K,28744
2,3,29,Male,RNAi,2.857142857,K,28744
2,2,29,Male,RNAi,1.714285714,K,28744
2,5,29,Male,RNAi,3.714285714,K,28744
2,4,29,Male,RNAi,4.285714286,K,28744
2,3,30,Male,Control,1.714285714,K,28744
2,4,30,Male,Control,3.142857143,K,28744
2,1,30,Male,Control,2,K,28744
2,5,30,Male,Control,2,K,28744
2,2,30,Male,Control,3.142857143,K,28744
2,4,31,Female,RNAi,8,K,28744
2,3,31,Female,RNAi,8,K,28744
2,5,31,Female,RNAi,8,K,28744
2,1,31,Female,RNAi,3.142857143,K,28744
2,2,31,Female,RNAi,8,K,28744
2,4,32,Female,Control,3.142857143,K,28744
2,1,32,Female,Control,1.142857143,K,28744
2,5,32,Female,Control,2.857142857,K,28744
2,3,32,Female,Control,2.857142857,K,28744
2,2,32,Female,Control,2,K,28744
2,2,33,Male,Control,6,K,28744
2,1,33,Male,Control,1.428571429,K,28744
2,4,33,Male,Control,2,K,28744
2,3,33,Male,Control,1.142857143,K,28744
2,5,33,Male,Control,1.142857143,K,28744
2,2,34,Female,Control,4.285714286,K,28744
2,3,34,Female,Control,6,K,28744
2,4,34,Female,Control,4.571428571,K,28744
2,1,34,Female,Control,4.571428571,K,28744
2,5,34,Female,Control,6,K,28744
2,2,35,Male,RNAi,3.408163265,K,28744
2,4,35,Male,RNAi,2.102040816,K,28744
2,3,35,Male,RNAi,1.448979592,K,28744
2,5,35,Male,RNAi,2.102040816,K,28744
2,1,35,Male,RNAi,1.448979592,K,28744
2,5,36,Female,RNAi,2.571428571,K,28744
2,4,36,Female,RNAi,2.571428571,K,28744
2,2,36,Female,RNAi,2,K,28744
2,1,36,Female,RNAi,1.142857143,K,28744
2,3,36,Female,RNAi,2.571428571,K,28744
2,5,37,Male,Control,0.857142857,K,28744
2,2,37,Male,Control,1.142857143,K,28744
2,1,37,Male,Control,1.142857143,K,28744
2,4,37,Male,Control,1.428571429,K,28744
2,3,37,Male,Control,2.857142857,K,28744
2,2,38,Male,RNAi,3.142857143,K,28744
2,3,38,Male,RNAi,2,K,28744
2,5,38,Male,RNAi,3.428571429,K,28744
2,4,38,Male,RNAi,3.142857143,K,28744
2,1,38,Male,RNAi,2,K,28744
2,3,39,Female,Control,8,K,28744
2,2,39,Female,Control,6,K,28744
2,4,39,Female,Control,8,K,28744
2,5,39,Female,Control,3.714285714,K,28744
2,1,39,Female,Control,3.142857143,K,28744
2,3,40,Female,RNAi,4.571428571,K,28744
2,5,40,Female,RNAi,6,K,28744
2,4,40,Female,RNAi,4.571428571,K,28744
2,2,40,Female,RNAi,4.571428571,K,28744
2,1,40,Female,RNAi,4.571428571,K,28744
2,1,41,Male,RNAi,0.857142857,K,28744
2,5,41,Male,RNAi,1.428571429,K,28744
2,3,41,Male,RNAi,0.857142857,K,28744
2,2,41,Male,RNAi,1.714285714,K,28744
2,4,41,Male,RNAi,2,K,28744
2,1,42,Female,RNAi,8,K,28744
2,2,42,Female,RNAi,8,K,28744
2,3,42,Female,RNAi,8,K,28744
2,5,42,Female,RNAi,8,K,28744
2,4,42,Female,RNAi,8,K,28744
2,1,43,Male,Control,6,K,28744
2,3,43,Male,Control,4.285714286,K,28744
2,2,43,Male,Control,6,K,28744
2,4,43,Male,Control,2.571428571,K,28744
2,5,43,Male,Control,1.428571429,K,28744
2,4,44,Female,Control,4.571428571,K,28744
2,3,44,Female,Control,4.571428571,K,28744
2,1,44,Female,Control,4.285714286,K,28744
2,5,44,Female,Control,3.714285714,K,28744
2,2,44,Female,Control,2,K,28744
2,4,45,Male,RNAi,6,K,28744
2,1,45,Male,RNAi,8,K,28744
2,5,45,Male,RNAi,6,K,28744
2,3,45,Male,RNAi,8,K,28744
2,2,45,Male,RNAi,6,K,28744
2,1,46,Female,Control,3.714285714,K,28744
2,2,46,Female,Control,3.714285714,K,28744
2,4,46,Female,Control,3.142857143,K,28744
2,3,46,Female,Control,3.714285714,K,28744
2,5,46,Female,Control,1.714285714,K,28744
2,2,47,Female,RNAi,4.571428571,K,28744
2,1,47,Female,RNAi,6,K,28744
2,3,47,Female,RNAi,3.714285714,K,28744
2,4,47,Female,RNAi,4.571428571,K,28744
2,5,47,Female,RNAi,4.285714286,K,28744
2,2,48,Male,Control,0.571428571,K,28744
2,4,48,Male,Control,0.857142857,K,28744
2,3,48,Male,Control,0.857142857,K,28744
2,1,48,Male,Control,1.428571429,K,28744
2,5,48,Male,Control,2,K,28744
3,1,1,Male,Control,2,K,28744
3,3,1,Male,Control,0.571428571,K,28744
3,5,1,Male,Control,1.428571429,K,28744
3,2,1,Male,Control,2.285714286,K,28744
3,4,1,Male,Control,1.714285714,K,28744
3,4,2,Female,RNAi,3.428571429,K,28744
3,1,2,Female,RNAi,3.142857143,K,28744
3,5,2,Female,RNAi,3.428571429,K,28744
3,2,2,Female,RNAi,4.571428571,K,28744
3,3,2,Female,RNAi,3.714285714,K,28744
3,5,3,Male,RNAi,1.714285714,K,28744
3,4,3,Male,RNAi,2,K,28744
3,3,3,Male,RNAi,2.857142857,K,28744
3,2,3,Male,RNAi,3.142857143,K,28744
3,1,3,Male,RNAi,0.571428571,K,28744
3,5,4,Female,Control,6,K,28744
3,4,4,Female,Control,2,K,28744
3,3,4,Female,Control,4.285714286,K,28744
3,2,4,Female,Control,2.857142857,K,28744
3,1,4,Female,Control,2.571428571,K,28744
3,5,5,Female,RNAi,6,K,28744
3,4,5,Female,RNAi,4.285714286,K,28744
3,3,5,Female,RNAi,6,K,28744
3,2,5,Female,RNAi,4.571428571,K,28744
3,1,5,Female,RNAi,3.714285714,K,28744
3,3,6,Male,RNAi,2,K,28744
3,4,6,Male,RNAi,3.714285714,K,28744
3,1,6,Male,RNAi,2.285714286,K,28744
3,5,6,Male,RNAi,6,K,28744
3,2,6,Male,RNAi,0.857142857,K,28744
3,2,7,Female,Control,2.571428571,K,28744
3,4,7,Female,Control,8,K,28744
3,1,7,Female,Control,3.142857143,K,28744
3,3,7,Female,Control,4.285714286,K,28744
3,5,7,Female,Control,8,K,28744
3,5,8,Male,Control,2,K,28744
3,3,8,Male,Control,2.857142857,K,28744
3,2,8,Male,Control,2.857142857,K,28744
3,4,8,Male,Control,2.571428571,K,28744
3,1,8,Male,Control,1.142857143,K,28744
3,5,9,Male,Control,2.571428571,K,28744
3,3,9,Male,Control,1.142857143,K,28744
3,4,9,Male,Control,1.142857143,K,28744
3,1,9,Male,Control,2,K,28744
3,2,9,Male,Control,0.857142857,K,28744
3,3,10,Male,RNAi,8,K,28744
3,4,10,Male,RNAi,8,K,28744
3,1,10,Male,RNAi,8,K,28744
3,2,10,Male,RNAi,6,K,28744
3,5,10,Male,RNAi,8,K,28744
3,5,11,Female,Control,7,K,28744
3,3,11,Female,Control,1.448979592,K,28744
3,4,11,Female,Control,3.734693878,K,28744
3,1,11,Female,Control,3.408163265,K,28744
3,2,11,Female,Control,7,K,28744
3,3,12,Female,RNAi,3.428571429,K,28744
3,4,12,Female,RNAi,3.428571429,K,28744
3,1,12,Female,RNAi,3.428571429,K,28744
3,2,12,Female,RNAi,2.571428571,K,28744
3,5,12,Female,RNAi,3.428571429,K,28744
3,5,13,Female,RNAi,2.857142857,K,28744
3,3,13,Female,RNAi,2,K,28744
3,2,13,Female,RNAi,1.428571429,K,28744
3,4,13,Female,RNAi,1.714285714,K,28744
3,1,13,Female,RNAi,1.142857143,K,28744
3,5,14,Male,RNAi,3.714285714,K,28744
3,1,14,Male,RNAi,6,K,28744
3,3,14,Male,RNAi,3.142857143,K,28744
3,2,14,Male,RNAi,4.571428571,K,28744
3,4,14,Male,RNAi,2.285714286,K,28744
3,5,15,Female,Control,2.571428571,K,28744
3,4,15,Female,Control,3.142857143,K,28744
3,2,15,Female,Control,2,K,28744
3,3,15,Female,Control,2.857142857,K,28744
3,1,15,Female,Control,3.142857143,K,28744
3,3,16,Male,Control,0.857142857,K,28744
3,1,16,Male,Control,2,K,28744
3,4,16,Male,Control,2.571428571,K,28744
3,5,16,Male,Control,2,K,28744
3,2,16,Male,Control,1.714285714,K,28744
3,3,17,Female,Control,2.571428571,K,28744
3,1,17,Female,Control,1.428571429,K,28744
3,2,17,Female,Control,1.142857143,K,28744
3,5,17,Female,Control,3.714285714,K,28744
3,4,17,Female,Control,3.714285714,K,28744
3,3,18,Male,Control,2,K,28744
3,4,18,Male,Control,2,K,28744
3,2,18,Male,Control,1.142857143,K,28744
3,5,18,Male,Control,2.857142857,K,28744
3,1,18,Male,Control,0.857142857,K,28744
3,3,19,Female,RNAi,4.571428571,K,28744
3,4,19,Female,RNAi,4.571428571,K,28744
3,2,19,Female,RNAi,4.571428571,K,28744
3,5,19,Female,RNAi,4.571428571,K,28744
3,1,19,Female,RNAi,4.571428571,K,28744
3,5,20,Male,RNAi,3.142857143,K,28744
3,4,20,Male,RNAi,4.571428571,K,28744
3,2,20,Male,RNAi,2,K,28744
3,1,20,Male,RNAi,1.428571429,K,28744
3,3,20,Male,RNAi,4.571428571,K,28744
3,4,22,Male,RNAi,4.571428571,K,28744
3,5,22,Male,RNAi,4.285714286,K,28744
3,3,22,Male,RNAi,2.857142857,K,28744
3,2,22,Male,RNAi,4.571428571,K,28744
3,1,22,Male,RNAi,2.857142857,K,28744
3,4,23,Male,Control,2,K,28744
3,5,23,Male,Control,2.571428571,K,28744
3,3,23,Male,Control,3.714285714,K,28744
3,1,23,Male,Control,0.571428571,K,28744
3,2,23,Male,Control,1.714285714,K,28744
3,2,24,Female,Control,3.714285714,K,28744
3,5,24,Female,Control,3.428571429,K,28744
3,3,24,Female,Control,6,K,28744
3,1,24,Female,Control,4.571428571,K,28744
3,4,24,Female,Control,3.142857143,K,28744
3,2,25,Female,RNAi,2.571428571,K,28744
3,5,25,Female,RNAi,3.142857143,K,28744
3,3,25,Female,RNAi,2.571428571,K,28744
3,1,25,Female,RNAi,3.714285714,K,28744
3,4,25,Female,RNAi,2.571428571,K,28744
3,2,26,Male,Control,1.714285714,K,28744
3,5,26,Male,Control,6,K,28744
3,3,26,Male,Control,4.285714286,K,28744
3,1,26,Male,Control,3.142857143,K,28744
3,4,26,Male,Control,8,K,28744
3,4,27,Female,Control,8,K,28744
3,5,27,Female,Control,8,K,28744
3,3,27,Female,Control,8,K,28744
3,1,27,Female,Control,2,K,28744
3,2,27,Female,Control,4.571428571,K,28744
3,5,28,Male,RNAi,3.714285714,K,28744
3,4,28,Male,RNAi,6,K,28744
3,3,28,Male,RNAi,8,K,28744
3,1,28,Male,RNAi,3.142857143,K,28744
3,2,28,Male,RNAi,2.285714286,K,28744
3,3,29,Female,RNAi,2,K,28744
3,5,29,Female,RNAi,1.714285714,K,28744
3,4,29,Female,RNAi,2.571428571,K,28744
3,2,29,Female,RNAi,2.571428571,K,28744
3,1,29,Female,RNAi,3.714285714,K,28744
3,5,30,Female,Control,4.285714286,K,28744
3,1,30,Female,Control,2,K,28744
3,4,30,Female,Control,6,K,28744
3,2,30,Female,Control,4.285714286,K,28744
3,3,30,Female,Control,6,K,28744
3,5,31,Male,Control,3.142857143,K,28744
3,1,31,Male,Control,0.857142857,K,28744
3,4,31,Male,Control,2,K,28744
3,2,31,Male,Control,1.714285714,K,28744
3,3,31,Male,Control,1.142857143,K,28744
3,2,32,Male,RNAi,1.428571429,K,28744
3,1,32,Male,RNAi,1.714285714,K,28744
3,4,32,Male,RNAi,2.285714286,K,28744
3,5,32,Male,RNAi,3.142857143,K,28744
3,3,32,Male,RNAi,1.714285714,K,28744
3,4,33,Female,RNAi,6,K,28744
3,1,33,Female,RNAi,3.142857143,K,28744
3,2,33,Female,RNAi,8,K,28744
3,5,33,Female,RNAi,8,K,28744
3,3,33,Female,RNAi,8,K,28744
3,5,34,Female,Control,3.408163265,K,28744
3,3,34,Female,Control,5.040816327,K,28744
3,4,34,Female,Control,3.408163265,K,28744
3,2,34,Female,Control,3.408163265,K,28744
3,1,34,Female,Control,5.040816327,K,28744
3,2,35,Male,RNAi,3.142857143,K,28744
3,4,35,Male,RNAi,2.571428571,K,28744
3,3,35,Male,RNAi,3.714285714,K,28744
3,5,35,Male,RNAi,3.142857143,K,28744
3,1,35,Male,RNAi,1.714285714,K,28744
3,5,36,Male,Control,2.857142857,K,28744
3,2,36,Male,Control,1.428571429,K,28744
3,4,36,Male,Control,1.142857143,K,28744
3,3,36,Male,Control,1.142857143,K,28744
3,1,36,Male,Control,2,K,28744
3,1,37,Female,Control,2.571428571,K,28744
3,4,37,Female,Control,2,K,28744
3,5,37,Female,Control,8,K,28744
3,2,37,Female,Control,3.142857143,K,28744
3,3,37,Female,Control,2,K,28744
3,4,38,Female,RNAi,2.571428571,K,28744
3,5,38,Female,RNAi,2,K,28744
3,2,38,Female,RNAi,3.714285714,K,28744
3,3,38,Female,RNAi,3.428571429,K,28744
3,1,38,Female,RNAi,0.857142857,K,28744
3,1,39,Male,RNAi,1.428571429,K,28744
3,4,39,Male,RNAi,3.714285714,K,28744
3,5,39,Male,RNAi,4.571428571,K,28744
3,2,39,Male,RNAi,0.571428571,K,28744
3,3,39,Male,RNAi,2.571428571,K,28744
3,4,40,Male,Control,2.571428571,K,28744
3,5,40,Male,Control,2.571428571,K,28744
3,2,40,Male,Control,2,K,28744
3,3,40,Male,Control,1.714285714,K,28744
3,1,40,Male,Control,4.285714286,K,28744
3,5,41,Female,Control,2,K,28744
3,2,41,Female,Control,4.285714286,K,28744
3,4,41,Female,Control,2.571428571,K,28744
3,3,41,Female,Control,2,K,28744
3,1,41,Female,Control,2.857142857,K,28744
3,1,42,Female,RNAi,2.285714286,K,28744
3,3,42,Female,RNAi,4.571428571,K,28744
3,5,42,Female,RNAi,4.571428571,K,28744
3,2,42,Female,RNAi,4.571428571,K,28744
3,4,42,Female,RNAi,4.571428571,K,28744
3,4,43,Male,Control,2.571428571,K,28744
3,1,43,Male,Control,2,K,28744
3,5,43,Male,Control,6,K,28744
3,2,43,Male,Control,1.428571429,K,28744
3,3,43,Male,Control,1.428571429,K,28744
3,5,44,Male,RNAi,6,K,28744
3,4,44,Male,RNAi,6,K,28744
3,3,44,Male,RNAi,6,K,28744
3,2,44,Male,RNAi,3.142857143,K,28744
3,1,44,Male,RNAi,2,K,28744
3,5,45,Male,Control,1.142857143,K,28744
3,4,45,Male,Control,1.142857143,K,28744
3,3,45,Male,Control,1.142857143,K,28744
3,2,45,Male,Control,1.714285714,K,28744
3,1,45,Male,Control,1.142857143,K,28744
3,5,46,Female,RNAi,2.571428571,K,28744
3,4,46,Female,RNAi,2.571428571,K,28744
3,3,46,Female,RNAi,2.571428571,K,28744
3,2,46,Female,RNAi,3.142857143,K,28744
3,1,46,Female,RNAi,2.857142857,K,28744
3,3,47,Female,Control,2.571428571,K,28744
3,4,47,Female,Control,3.142857143,K,28744
3,1,47,Female,Control,2,K,28744
3,5,47,Female,Control,3.714285714,K,28744
3,2,47,Female,Control,2,K,28744
3,2,48,Male,RNAi,1.714285714,K,28744
3,4,48,Male,RNAi,2.571428571,K,28744
3,1,48,Male,RNAi,1.428571429,K,28744
3,3,48,Male,RNAi,3.142857143,K,28744
3,5,48,Male,RNAi,3.142857143,K,28744
1,1,1,Female,Control,2.571428571,L,32863
1,5,1,Female,Control,4.571428571,L,32863
1,3,1,Female,Control,2,L,32863
1,2,1,Female,Control,2,L,32863
1,4,1,Female,Control,6,L,32863
1,1,2,Male,Control,3.142857143,L,32863
1,2,2,Male,Control,1.714285714,L,32863
1,3,2,Male,Control,2.857142857,L,32863
1,5,2,Male,Control,1.714285714,L,32863
1,4,2,Male,Control,1.428571429,L,32863
1,1,3,Female,RNAi,2.857142857,L,32863
1,3,3,Female,RNAi,2.857142857,L,32863
1,2,3,Female,RNAi,2,L,32863
1,4,3,Female,RNAi,6,L,32863
1,5,3,Female,RNAi,4.285714286,L,32863
1,4,4,Male,RNAi,1.428571429,L,32863
1,3,4,Male,RNAi,1.428571429,L,32863
1,1,4,Male,RNAi,1.142857143,L,32863
1,5,4,Male,RNAi,2,L,32863
1,2,4,Male,RNAi,1.142857143,L,32863
1,4,5,Female,RNAi,6,L,32863
1,1,5,Female,RNAi,6,L,32863
1,5,5,Female,RNAi,8,L,32863
1,3,5,Female,RNAi,8,L,32863
1,2,5,Female,RNAi,6,L,32863
1,1,6,Male,Control,0.571428571,L,32863
1,2,6,Male,Control,1.714285714,L,32863
1,4,6,Male,Control,2,L,32863
1,3,6,Male,Control,1.428571429,L,32863
1,5,6,Male,Control,1.142857143,L,32863
1,2,7,Male,RNAi,1.448979592,L,32863
1,1,7,Male,RNAi,1.12244898,L,32863
1,3,7,Male,RNAi,0.795918367,L,32863
1,4,7,Male,RNAi,1.448979592,L,32863
1,5,7,Male,RNAi,1.12244898,L,32863
1,2,8,Female,Control,8,L,32863
1,4,8,Female,Control,1.714285714,L,32863
1,3,8,Female,Control,6,L,32863
1,1,8,Female,Control,8,L,32863
1,5,8,Female,Control,4.285714286,L,32863
1,5,9,Female,Control,6,L,32863
1,4,9,Female,Control,2,L,32863
1,2,9,Female,Control,1.714285714,L,32863
1,1,9,Female,Control,2,L,32863
1,3,9,Female,Control,2.285714286,L,32863
1,5,10,Male,Control,2.285714286,L,32863
1,1,10,Male,Control,1.142857143,L,32863
1,2,10,Male,Control,2,L,32863
1,4,10,Male,Control,1.142857143,L,32863
1,3,10,Male,Control,1.714285714,L,32863
1,5,11,Female,RNAi,0.857142857,L,32863
1,2,11,Female,RNAi,3.142857143,L,32863
1,1,11,Female,RNAi,1.714285714,L,32863
1,3,11,Female,RNAi,1.142857143,L,32863
1,4,11,Female,RNAi,0.571428571,L,32863
1,3,12,Male,RNAi,0.857142857,L,32863
1,2,12,Male,RNAi,1.428571429,L,32863
1,5,12,Male,RNAi,1.142857143,L,32863
1,4,12,Male,RNAi,0.857142857,L,32863
1,1,12,Male,RNAi,1.428571429,L,32863
1,3,13,Male,RNAi,1.428571429,L,32863
1,5,13,Male,RNAi,1.428571429,L,32863
1,4,13,Male,RNAi,2,L,32863
1,2,13,Male,RNAi,1.428571429,L,32863
1,1,13,Male,RNAi,1.142857143,L,32863
1,5,14,Female,Control,2.857142857,L,32863
1,1,14,Female,Control,3.142857143,L,32863
1,3,14,Female,Control,4.285714286,L,32863
1,2,14,Female,Control,4.285714286,L,32863
1,4,14,Female,Control,3.142857143,L,32863
1,1,15,Female,RNAi,1.428571429,L,32863
1,5,15,Female,RNAi,2,L,32863
1,2,15,Female,RNAi,1.142857143,L,32863
1,3,15,Female,RNAi,1.142857143,L,32863
1,4,15,Female,RNAi,1.428571429,L,32863
1,1,16,Male,Control,0.857142857,L,32863
1,3,16,Male,Control,1.714285714,L,32863
1,2,16,Male,Control,2,L,32863
1,5,16,Male,Control,2.857142857,L,32863
1,4,16,Male,Control,1.428571429,L,32863
1,4,17,Male,Control,0.857142857,L,32863
1,3,17,Male,Control,1.428571429,L,32863
1,1,17,Male,Control,0.571428571,L,32863
1,5,17,Male,Control,0.857142857,L,32863
1,2,17,Male,Control,0.857142857,L,32863
1,4,18,Male,RNAi,1.428571429,L,32863
1,5,18,Male,RNAi,0.571428571,L,32863
1,1,18,Male,RNAi,1.428571429,L,32863
1,3,18,Male,RNAi,1.142857143,L,32863
1,2,18,Male,RNAi,0.857142857,L,32863
1,4,19,Female,Control,2,L,32863
1,1,19,Female,Control,1.142857143,L,32863
1,5,19,Female,Control,4.285714286,L,32863
1,2,19,Female,Control,2,L,32863
1,3,19,Female,Control,4.571428571,L,32863
1,2,20,Female,RNAi,3.142857143,L,32863
1,1,20,Female,RNAi,4.571428571,L,32863
1,4,20,Female,RNAi,1.142857143,L,32863
1,3,20,Female,RNAi,3.142857143,L,32863
1,5,20,Female,RNAi,1.142857143,L,32863
1,2,21,Male,Control,1.428571429,L,32863
1,4,21,Male,Control,3.142857143,L,32863
1,3,21,Male,Control,1.428571429,L,32863
1,1,21,Male,Control,2,L,32863
1,5,21,Male,Control,2,L,32863
1,4,22,Female,RNAi,1.714285714,L,32863
1,5,22,Female,RNAi,1.714285714,L,32863
1,2,22,Female,RNAi,4.285714286,L,32863
1,1,22,Female,RNAi,1.428571429,L,32863
1,3,22,Female,RNAi,1.142857143,L,32863
1,5,23,Female,Control,3.142857143,L,32863
1,4,23,Female,Control,4.571428571,L,32863
1,1,23,Female,Control,2.571428571,L,32863
1,2,23,Female,Control,8,L,32863
1,3,23,Female,Control,2,L,32863
1,5,24,Male,RNAi,1.714285714,L,32863
1,2,24,Male,RNAi,1.428571429,L,32863
1,1,24,Male,RNAi,2,L,32863
1,4,24,Male,RNAi,1.428571429,L,32863
1,3,24,Male,RNAi,4.285714286,L,32863
1,3,25,Male,Control,2.571428571,L,32863
1,2,25,Male,Control,2.857142857,L,32863
1,5,25,Male,Control,1.428571429,L,32863
1,4,25,Male,Control,4.571428571,L,32863
1,1,25,Male,Control,1.714285714,L,32863
1,3,26,Female,Control,6,L,32863
1,4,26,Female,Control,2.571428571,L,32863
1,5,26,Female,Control,4.285714286,L,32863
1,2,26,Female,Control,3.142857143,L,32863
1,1,26,Female,Control,4.285714286,L,32863
1,3,27,Female,RNAi,6,L,32863
1,5,27,Female,RNAi,3.142857143,L,32863
1,4,27,Female,RNAi,8,L,32863
1,1,27,Female,RNAi,1.142857143,L,32863
1,2,27,Female,RNAi,8,L,32863
1,1,28,Male,RNAi,1.428571429,L,32863
1,5,28,Male,RNAi,0.857142857,L,32863
1,3,28,Male,RNAi,1.428571429,L,32863
1,2,28,Male,RNAi,2.571428571,L,32863
1,4,28,Male,RNAi,1.142857143,L,32863
1,1,29,Female,RNAi,1.142857143,L,32863
1,3,29,Female,RNAi,4.571428571,L,32863
1,2,29,Female,RNAi,6,L,32863
1,5,29,Female,RNAi,2.857142857,L,32863
1,4,29,Female,RNAi,6,L,32863
1,3,30,Male,RNAi,1.142857143,L,32863
1,4,30,Male,RNAi,1.714285714,L,32863
1,1,30,Male,RNAi,1.428571429,L,32863
1,5,30,Male,RNAi,2,L,32863
1,2,30,Male,RNAi,1.428571429,L,32863
1,4,31,Female,Control,3.428571429,L,32863
1,3,31,Female,Control,2.857142857,L,32863
1,5,31,Female,Control,1.714285714,L,32863
1,1,31,Female,Control,1.142857143,L,32863
1,2,31,Female,Control,3.714285714,L,32863
1,4,32,Male,Control,2.571428571,L,32863
1,1,32,Male,Control,1.428571429,L,32863
1,5,32,Male,Control,2,L,32863
1,3,32,Male,Control,3.142857143,L,32863
1,2,32,Male,Control,4.571428571,L,32863
1,2,33,Female,RNAi,3.714285714,L,32863
1,1,33,Female,RNAi,1.714285714,L,32863
1,4,33,Female,RNAi,2,L,32863
1,3,33,Female,RNAi,3.142857143,L,32863
1,5,33,Female,RNAi,1.714285714,L,32863
1,2,34,Male,RNAi,0.857142857,L,32863
1,3,34,Male,RNAi,1.428571429,L,32863
1,4,34,Male,RNAi,0.571428571,L,32863
1,1,34,Male,RNAi,3.142857143,L,32863
1,5,34,Male,RNAi,0.857142857,L,32863
1,2,35,Male,Control,3.142857143,L,32863
1,4,35,Male,Control,2.571428571,L,32863
1,3,35,Male,Control,4.285714286,L,32863
1,5,35,Male,Control,1.428571429,L,32863
1,1,35,Male,Control,2,L,32863
1,5,36,Female,Control,4.285714286,L,32863
1,4,36,Female,Control,2.571428571,L,32863
1,2,36,Female,Control,0.857142857,L,32863
1,1,36,Female,Control,1.428571429,L,32863
1,3,36,Female,Control,1.142857143,L,32863
1,5,37,Male,RNAi,0.571428571,L,32863
1,2,37,Male,RNAi,1.428571429,L,32863
1,1,37,Male,RNAi,1.142857143,L,32863
1,4,37,Male,RNAi,1.714285714,L,32863
1,3,37,Male,RNAi,2,L,32863
1,2,38,Female,Control,8,L,32863
1,3,38,Female,Control,6,L,32863
1,5,38,Female,Control,2.571428571,L,32863
1,4,38,Female,Control,6,L,32863
1,1,38,Female,Control,2,L,32863
1,3,39,Male,Control,3.428571429,L,32863
1,2,39,Male,Control,2,L,32863
1,4,39,Male,Control,2,L,32863
1,5,39,Male,Control,2,L,32863
1,1,39,Male,Control,0.857142857,L,32863
1,3,40,Female,RNAi,4.285714286,L,32863
1,5,40,Female,RNAi,0.857142857,L,32863
1,4,40,Female,RNAi,1.142857143,L,32863
1,2,40,Female,RNAi,3.142857143,L,32863
1,1,40,Female,RNAi,1.142857143,L,32863
1,1,41,Male,RNAi,1.448979592,L,32863
1,5,41,Male,RNAi,1.12244898,L,32863
1,3,41,Male,RNAi,1.448979592,L,32863
1,2,41,Male,RNAi,1.448979592,L,32863
1,4,41,Male,RNAi,1.448979592,L,32863
1,1,42,Male,Control,1.714285714,L,32863
1,2,42,Male,Control,1.714285714,L,32863
1,3,42,Male,Control,2,L,32863
1,5,42,Male,Control,2.285714286,L,32863
1,4,42,Male,Control,2.571428571,L,32863
1,1,43,Female,Control,2.428571429,L,32863
1,3,43,Female,Control,2.428571429,L,32863
1,2,43,Female,Control,3.734693878,L,32863
1,4,43,Female,Control,3.081632653,L,32863
1,5,43,Female,Control,3.734693878,L,32863
1,4,44,Female,RNAi,0.857142857,L,32863
1,3,44,Female,RNAi,6,L,32863
1,1,44,Female,RNAi,6,L,32863
1,5,44,Female,RNAi,2,L,32863
1,2,44,Female,RNAi,2,L,32863
1,4,45,Female,Control,6,L,32863
1,1,45,Female,Control,4.571428571,L,32863
1,5,45,Female,Control,6,L,32863
1,3,45,Female,Control,6,L,32863
1,2,45,Female,Control,3.142857143,L,32863
1,1,46,Male,RNAi,1.428571429,L,32863
1,2,46,Male,RNAi,1.142857143,L,32863
1,4,46,Male,RNAi,0.857142857,L,32863
1,3,46,Male,RNAi,0.857142857,L,32863
1,5,46,Male,RNAi,1.142857143,L,32863
1,2,47,Male,Control,1.428571429,L,32863
1,1,47,Male,Control,2,L,32863
1,3,47,Male,Control,0.857142857,L,32863
1,4,47,Male,Control,2,L,32863
1,5,47,Male,Control,1.714285714,L,32863
1,2,48,Female,RNAi,3.142857143,L,32863
1,4,48,Female,RNAi,2.571428571,L,32863
1,3,48,Female,RNAi,2,L,32863
1,1,48,Female,RNAi,6,L,32863
1,5,48,Female,RNAi,2,L,32863
2,1,1,Male,RNAi,1.142857143,L,32863
2,5,1,Male,RNAi,1.142857143,L,32863
2,3,1,Male,RNAi,2,L,32863
2,2,1,Male,RNAi,2,L,32863
2,4,1,Male,RNAi,2,L,32863
2,1,2,Female,Control,4.285714286,L,32863
2,2,2,Female,Control,1.142857143,L,32863
2,3,2,Female,Control,1.714285714,L,32863
2,5,2,Female,Control,4.285714286,L,32863
2,4,2,Female,Control,0.571428571,L,32863
2,1,3,Male,Control,0.857142857,L,32863
2,3,3,Male,Control,1.428571429,L,32863
2,2,3,Male,Control,2.285714286,L,32863
2,4,3,Male,Control,1.142857143,L,32863
2,5,3,Male,Control,1.714285714,L,32863
2,4,4,Female,RNAi,3.142857143,L,32863
2,3,4,Female,RNAi,4.571428571,L,32863
2,1,4,Female,RNAi,2.857142857,L,32863
2,5,4,Female,RNAi,2,L,32863
2,2,4,Female,RNAi,1.142857143,L,32863
2,4,5,Male,RNAi,2.102040816,L,32863
2,1,5,Male,RNAi,3.081632653,L,32863
2,5,5,Male,RNAi,1.448979592,L,32863
2,3,5,Male,RNAi,1.12244898,L,32863
2,2,5,Male,RNAi,0.795918367,L,32863
2,1,6,Female,Control,1.428571429,L,32863
2,2,6,Female,Control,0.857142857,L,32863
2,4,6,Female,Control,4.571428571,L,32863
2,3,6,Female,Control,2.857142857,L,32863
2,5,6,Female,Control,4.285714286,L,32863
2,2,7,Male,Control,3.714285714,L,32863
2,1,7,Male,Control,3.142857143,L,32863
2,3,7,Male,Control,2.571428571,L,32863
2,4,7,Male,Control,3.714285714,L,32863
2,5,7,Male,Control,2.285714286,L,32863
2,2,8,Female,RNAi,1.428571429,L,32863
2,4,8,Female,RNAi,2,L,32863
2,3,8,Female,RNAi,1.142857143,L,32863
2,1,8,Female,RNAi,2.857142857,L,32863
2,5,8,Female,RNAi,6,L,32863
2,5,9,Female,RNAi,8,L,32863
2,4,9,Female,RNAi,2.857142857,L,32863
2,2,9,Female,RNAi,1.428571429,L,32863
2,1,9,Female,RNAi,0.857142857,L,32863
2,3,9,Female,RNAi,2.857142857,L,32863
2,5,10,Male,Control,3.428571429,L,32863
2,1,10,Male,Control,2.285714286,L,32863
2,2,10,Male,Control,0.571428571,L,32863
2,4,10,Male,Control,1.714285714,L,32863
2,3,10,Male,Control,6,L,32863
2,5,11,Female,Control,4.285714286,L,32863
2,2,11,Female,Control,2,L,32863
2,1,11,Female,Control,2.571428571,L,32863
2,3,11,Female,Control,1.714285714,L,32863
2,4,11,Female,Control,4.285714286,L,32863
2,3,12,Male,RNAi,0.571428571,L,32863
2,2,12,Male,RNAi,0.857142857,L,32863
2,5,12,Male,RNAi,1.142857143,L,32863
2,4,12,Male,RNAi,0.571428571,L,32863
2,1,12,Male,RNAi,2.857142857,L,32863
2,3,13,Male,Control,1.142857143,L,32863
2,5,13,Male,Control,1.714285714,L,32863
2,4,13,Male,Control,0.857142857,L,32863
2,2,13,Male,Control,2,L,32863
2,1,13,Male,Control,3.142857143,L,32863
2,5,14,Female,RNAi,4.571428571,L,32863
2,1,14,Female,RNAi,3.714285714,L,32863
2,3,14,Female,RNAi,0.857142857,L,32863
2,2,14,Female,RNAi,2.285714286,L,32863
2,4,14,Female,RNAi,1.428571429,L,32863
2,1,15,Male,RNAi,1.428571429,L,32863
2,5,15,Male,RNAi,1.428571429,L,32863
2,2,15,Male,RNAi,3.142857143,L,32863
2,3,15,Male,RNAi,2.571428571,L,32863
2,4,15,Male,RNAi,1.714285714,L,32863
2,1,16,Female,Control,0.857142857,L,32863
2,3,16,Female,Control,2,L,32863
2,2,16,Female,Control,0.571428571,L,32863
2,5,16,Female,Control,2,L,32863
2,4,16,Female,Control,2.857142857,L,32863
2,4,17,Male,Control,2.285714286,L,32863
2,3,17,Male,Control,2.285714286,L,32863
2,1,17,Male,Control,1.714285714,L,32863
2,5,17,Male,Control,2,L,32863
2,2,17,Male,Control,2,L,32863
2,4,18,Male,RNAi,0.571428571,L,32863
2,5,18,Male,RNAi,0.571428571,L,32863
2,1,18,Male,RNAi,0.285714286,L,32863
2,3,18,Male,RNAi,0.857142857,L,32863
2,2,18,Male,RNAi,2,L,32863
2,4,19,Female,Control,2.857142857,L,32863
2,1,19,Female,Control,2.857142857,L,32863
2,5,19,Female,Control,4.571428571,L,32863
2,2,19,Female,Control,4.285714286,L,32863
2,3,19,Female,Control,2,L,32863
2,2,20,Female,RNAi,1.142857143,L,32863
2,1,20,Female,RNAi,4.285714286,L,32863
2,4,20,Female,RNAi,1.428571429,L,32863
2,3,20,Female,RNAi,2,L,32863
2,5,20,Female,RNAi,1.714285714,L,32863
2,2,21,Male,Control,3.142857143,L,32863
2,4,21,Male,Control,1.142857143,L,32863
2,3,21,Male,Control,2,L,32863
2,1,21,Male,Control,0.571428571,L,32863
2,5,21,Male,Control,2,L,32863
2,4,22,Female,RNAi,3.408163265,L,32863
2,5,22,Female,RNAi,5.040816327,L,32863
2,2,22,Female,RNAi,0.795918367,L,32863
2,1,22,Female,RNAi,1.448979592,L,32863
2,3,22,Female,RNAi,2.102040816,L,32863
2,5,23,Female,Control,2,L,32863
2,4,23,Female,Control,3.142857143,L,32863
2,1,23,Female,Control,1.142857143,L,32863
2,2,23,Female,Control,0.857142857,L,32863
2,3,23,Female,Control,1.714285714,L,32863
2,5,24,Male,RNAi,1.428571429,L,32863
2,2,24,Male,RNAi,2,L,32863
2,1,24,Male,RNAi,0.857142857,L,32863
2,4,24,Male,RNAi,2,L,32863
2,3,24,Male,RNAi,2,L,32863
2,3,25,Male,Control,1.142857143,L,32863
2,2,25,Male,Control,0.857142857,L,32863
2,5,25,Male,Control,1.142857143,L,32863
2,4,25,Male,Control,2,L,32863
2,1,25,Male,Control,3.142857143,L,32863
2,3,26,Female,Control,3.714285714,L,32863
2,4,26,Female,Control,2.857142857,L,32863
2,5,26,Female,Control,3.142857143,L,32863
2,2,26,Female,Control,2.571428571,L,32863
2,1,26,Female,Control,3.142857143,L,32863
2,3,27,Male,RNAi,0.571428571,L,32863
2,5,27,Male,RNAi,1.142857143,L,32863
2,4,27,Male,RNAi,1.714285714,L,32863
2,1,27,Male,RNAi,0.857142857,L,32863
2,2,27,Male,RNAi,1.142857143,L,32863
2,1,28,Female,RNAi,2,L,32863
2,5,28,Female,RNAi,6,L,32863
2,3,28,Female,RNAi,2,L,32863
2,2,28,Female,RNAi,4.285714286,L,32863
2,4,28,Female,RNAi,4.285714286,L,32863
2,1,29,Female,Control,2,L,32863
2,3,29,Female,Control,2,L,32863
2,2,29,Female,Control,1.428571429,L,32863
2,5,29,Female,Control,1.142857143,L,32863
2,4,29,Female,Control,3.428571429,L,32863
2,3,30,Female,RNAi,2,L,32863
2,4,30,Female,RNAi,2,L,32863
2,1,30,Female,RNAi,2.857142857,L,32863
2,5,30,Female,RNAi,4.285714286,L,32863
2,2,30,Female,RNAi,6,L,32863
2,4,31,Male,RNAi,1.448979592,L,32863
2,3,31,Male,RNAi,1.12244898,L,32863
2,5,31,Male,RNAi,2.102040816,L,32863
2,1,31,Male,RNAi,1.12244898,L,32863
2,2,31,Male,RNAi,1.12244898,L,32863
2,4,32,Male,Control,1.448979592,L,32863
2,1,32,Male,Control,3.408163265,L,32863
2,5,32,Male,Control,2.428571429,L,32863
2,3,32,Male,Control,2.102040816,L,32863
2,2,32,Male,Control,2.428571429,L,32863
2,2,33,Male,RNAi,1.428571429,L,32863
2,1,33,Male,RNAi,2,L,32863
2,4,33,Male,RNAi,1.428571429,L,32863
2,3,33,Male,RNAi,2,L,32863
2,5,33,Male,RNAi,3.714285714,L,32863
2,2,34,Male,Control,0.857142857,L,32863
2,3,34,Male,Control,2,L,32863
2,4,34,Male,Control,2,L,32863
2,1,34,Male,Control,0.571428571,L,32863
2,5,34,Male,Control,4.285714286,L,32863
2,2,35,Female,RNAi,1.714285714,L,32863
2,4,35,Female,RNAi,1.428571429,L,32863
2,3,35,Female,RNAi,2,L,32863
2,5,35,Female,RNAi,0.857142857,L,32863
2,1,35,Female,RNAi,1.428571429,L,32863
2,5,36,Female,Control,4.285714286,L,32863
2,4,36,Female,Control,4.285714286,L,32863
2,2,36,Female,Control,6,L,32863
2,1,36,Female,Control,4.285714286,L,32863
2,3,36,Female,Control,3.142857143,L,32863
2,5,37,Female,Control,1.142857143,L,32863
2,2,37,Female,Control,1.428571429,L,32863
2,1,37,Female,Control,6,L,32863
2,4,37,Female,Control,1.428571429,L,32863
2,3,37,Female,Control,2,L,32863
2,2,38,Male,Control,2.571428571,L,32863
2,3,38,Male,Control,8,L,32863
2,5,38,Male,Control,2,L,32863
2,4,38,Male,Control,2.857142857,L,32863
2,1,38,Male,Control,2,L,32863
2,3,39,Male,RNAi,2,L,32863
2,2,39,Male,RNAi,0.857142857,L,32863
2,4,39,Male,RNAi,0.857142857,L,32863
2,5,39,Male,RNAi,1.142857143,L,32863
2,1,39,Male,RNAi,2,L,32863
2,3,40,Female,RNAi,2,L,32863
2,5,40,Female,RNAi,3.714285714,L,32863
2,4,40,Female,RNAi,2.571428571,L,32863
2,2,40,Female,RNAi,1.714285714,L,32863
2,1,40,Female,RNAi,4.571428571,L,32863
2,1,41,Male,RNAi,1.428571429,L,32863
2,5,41,Male,RNAi,1.142857143,L,32863
2,3,41,Male,RNAi,0.857142857,L,32863
2,2,41,Male,RNAi,1.142857143,L,32863
2,4,41,Male,RNAi,0.857142857,L,32863
2,1,42,Female,RNAi,2.571428571,L,32863
2,2,42,Female,RNAi,6,L,32863
2,3,42,Female,RNAi,8,L,32863
2,5,42,Female,RNAi,3.142857143,L,32863
2,4,42,Female,RNAi,8,L,32863
2,1,43,Male,Control,2,L,32863
2,3,43,Male,Control,1.714285714,L,32863
2,2,43,Male,Control,0.571428571,L,32863
2,4,43,Male,Control,2,L,32863
2,5,43,Male,Control,3.142857143,L,32863
2,4,44,Female,Control,6,L,32863
2,3,44,Female,Control,6,L,32863
2,1,44,Female,Control,4.571428571,L,32863
2,5,44,Female,Control,6,L,32863
2,2,44,Female,Control,4.285714286,L,32863
2,4,45,Female,Control,2.571428571,L,32863
2,1,45,Female,Control,6,L,32863
2,5,45,Female,Control,1.142857143,L,32863
2,3,45,Female,Control,2.857142857,L,32863
2,2,45,Female,Control,4.285714286,L,32863
2,1,46,Female,RNAi,3.142857143,L,32863
2,2,46,Female,RNAi,1.714285714,L,32863
2,4,46,Female,RNAi,4.285714286,L,32863
2,3,46,Female,RNAi,3.142857143,L,32863
2,5,46,Female,RNAi,3.142857143,L,32863
2,2,47,Male,Control,0.857142857,L,32863
2,1,47,Male,Control,3.142857143,L,32863
2,3,47,Male,Control,4.285714286,L,32863
2,4,47,Male,Control,3.428571429,L,32863
2,5,47,Male,Control,3.142857143,L,32863
2,2,48,Male,RNAi,0.857142857,L,32863
2,4,48,Male,RNAi,2,L,32863
2,3,48,Male,RNAi,2,L,32863
2,1,48,Male,RNAi,2.857142857,L,32863
2,5,48,Male,RNAi,1.428571429,L,32863
3,1,1,Male,RNAi,2.571428571,L,32863
3,5,1,Male,RNAi,2,L,32863
3,3,1,Male,RNAi,2,L,32863
3,2,1,Male,RNAi,1.142857143,L,32863
3,4,1,Male,RNAi,3.142857143,L,32863
3,1,2,Female,RNAi,2.571428571,L,32863
3,2,2,Female,RNAi,1.142857143,L,32863
3,3,2,Female,RNAi,1.428571429,L,32863
3,5,2,Female,RNAi,1.142857143,L,32863
3,4,2,Female,RNAi,2.857142857,L,32863
3,1,3,Male,Control,0.857142857,L,32863
3,3,3,Male,Control,1.428571429,L,32863
3,2,3,Male,Control,1.142857143,L,32863
3,4,3,Male,Control,0.857142857,L,32863
3,5,3,Male,Control,1.428571429,L,32863
3,4,4,Female,Control,4.571428571,L,32863
3,3,4,Female,Control,1.142857143,L,32863
3,1,4,Female,Control,1.714285714,L,32863
3,5,4,Female,Control,2,L,32863
3,2,4,Female,Control,6,L,32863
3,4,5,Male,Control,1.142857143,L,32863
3,1,5,Male,Control,0.285714286,L,32863
3,5,5,Male,Control,1.142857143,L,32863
3,3,5,Male,Control,1.714285714,L,32863
3,2,5,Male,Control,0.857142857,L,32863
3,1,6,Female,RNAi,1.142857143,L,32863
3,2,6,Female,RNAi,2.857142857,L,32863
3,4,6,Female,RNAi,1.428571429,L,32863
3,3,6,Female,RNAi,3.142857143,L,32863
3,5,6,Female,RNAi,1.428571429,L,32863
3,2,7,Male,RNAi,1.714285714,L,32863
3,1,7,Male,RNAi,4.285714286,L,32863
3,3,7,Male,RNAi,0.571428571,L,32863
3,4,7,Male,RNAi,1.142857143,L,32863
3,5,7,Male,RNAi,4.285714286,L,32863
3,2,8,Female,Control,1.714285714,L,32863
3,4,8,Female,Control,4.285714286,L,32863
3,3,8,Female,Control,2.571428571,L,32863
3,1,8,Female,Control,2,L,32863
3,5,8,Female,Control,4.285714286,L,32863
3,5,9,Female,RNAi,2,L,32863
3,4,9,Female,RNAi,1.142857143,L,32863
3,2,9,Female,RNAi,1.428571429,L,32863
3,1,9,Female,RNAi,3.142857143,L,32863
3,3,9,Female,RNAi,1.714285714,L,32863
3,5,10,Male,RNAi,2.857142857,L,32863
3,1,10,Male,RNAi,2.285714286,L,32863
3,2,10,Male,RNAi,3.714285714,L,32863
3,4,10,Male,RNAi,4.285714286,L,32863
3,3,10,Male,RNAi,2.857142857,L,32863
3,5,11,Female,Control,6,L,32863
3,2,11,Female,Control,4.571428571,L,32863
3,1,11,Female,Control,3.714285714,L,32863
3,3,11,Female,Control,3.142857143,L,32863
3,4,11,Female,Control,4.285714286,L,32863
3,3,12,Male,Control,0.571428571,L,32863
3,2,12,Male,Control,2,L,32863
3,5,12,Male,Control,1.428571429,L,32863
3,4,12,Male,Control,2,L,32863
3,1,12,Male,Control,1.142857143,L,32863
3,3,13,Female,RNAi,1.428571429,L,32863
3,5,13,Female,RNAi,2,L,32863
3,4,13,Female,RNAi,2,L,32863
3,2,13,Female,RNAi,4.285714286,L,32863
3,1,13,Female,RNAi,0.571428571,L,32863
3,5,14,Female,Control,2.285714286,L,32863
3,1,14,Female,Control,0.857142857,L,32863
3,3,14,Female,Control,0.857142857,L,32863
3,2,14,Female,Control,1.714285714,L,32863
3,4,14,Female,Control,1.142857143,L,32863
3,1,15,Male,RNAi,0.857142857,L,32863
3,5,15,Male,RNAi,2,L,32863
3,2,15,Male,RNAi,3.142857143,L,32863
3,3,15,Male,RNAi,2,L,32863
3,4,15,Male,RNAi,1.428571429,L,32863
3,1,16,Male,Control,2,L,32863
3,3,16,Male,Control,2.571428571,L,32863
3,2,16,Male,Control,2,L,32863
3,5,16,Male,Control,2,L,32863
3,4,16,Male,Control,4.285714286,L,32863
3,4,17,Male,RNAi,1.12244898,L,32863
3,3,17,Male,RNAi,2.428571429,L,32863
3,1,17,Male,RNAi,3.081632653,L,32863
3,5,17,Male,RNAi,1.448979592,L,32863
3,2,17,Male,RNAi,2.102040816,L,32863
3,4,18,Male,Control,2.571428571,L,32863
3,5,18,Male,Control,4.285714286,L,32863
3,1,18,Male,Control,2.571428571,L,32863
3,3,18,Male,Control,1.428571429,L,32863
3,2,18,Male,Control,2,L,32863
3,4,19,Female,Control,2,L,32863
3,1,19,Female,Control,3.142857143,L,32863
3,5,19,Female,Control,2.571428571,L,32863
3,2,19,Female,Control,3.428571429,L,32863
3,3,19,Female,Control,1.714285714,L,32863
3,2,20,Female,RNAi,4.285714286,L,32863
3,1,20,Female,RNAi,4.285714286,L,32863
3,4,20,Female,RNAi,4.285714286,L,32863
3,3,20,Female,RNAi,2,L,32863
3,5,20,Female,RNAi,8,L,32863
3,2,21,Female,Control,2,L,32863
3,4,21,Female,Control,1.142857143,L,32863
3,3,21,Female,Control,3.142857143,L,32863
3,1,21,Female,Control,1.142857143,L,32863
3,5,21,Female,Control,3.428571429,L,32863
3,4,22,Male,Control,3.142857143,L,32863
3,5,22,Male,Control,2.571428571,L,32863
3,2,22,Male,Control,1.714285714,L,32863
3,1,22,Male,Control,1.714285714,L,32863
3,3,22,Male,Control,1.428571429,L,32863
3,5,23,Male,RNAi,3.142857143,L,32863
3,4,23,Male,RNAi,4.285714286,L,32863
3,1,23,Male,RNAi,2,L,32863
3,2,23,Male,RNAi,2,L,32863
3,3,23,Male,RNAi,2.571428571,L,32863
3,5,24,Female,RNAi,2.102040816,L,32863
3,2,24,Female,RNAi,2.102040816,L,32863
3,1,24,Female,RNAi,1.12244898,L,32863
3,4,24,Female,RNAi,2.102040816,L,32863
3,3,24,Female,RNAi,2.428571429,L,32863
3,3,25,Male,Control,3.408163265,L,32863
3,2,25,Male,Control,3.734693878,L,32863
3,5,25,Male,Control,1.448979592,L,32863
3,4,25,Male,Control,3.408163265,L,32863
3,1,25,Male,Control,2.428571429,L,32863
3,3,26,Male,RNAi,2,L,32863
3,4,26,Male,RNAi,1.428571429,L,32863
3,5,26,Male,RNAi,2,L,32863
3,2,26,Male,RNAi,1.142857143,L,32863
3,1,26,Male,RNAi,2.285714286,L,32863
3,3,27,Female,RNAi,0.857142857,L,32863
3,5,27,Female,RNAi,2,L,32863
3,4,27,Female,RNAi,2.285714286,L,32863
3,1,27,Female,RNAi,2.571428571,L,32863
3,2,27,Female,RNAi,1.714285714,L,32863
3,1,28,Female,Control,6,L,32863
3,5,28,Female,Control,8,L,32863
3,3,28,Female,Control,3.142857143,L,32863
3,2,28,Female,Control,3.142857143,L,32863
3,4,28,Female,Control,6,L,32863
3,1,29,Female,RNAi,1.714285714,L,32863
3,3,29,Female,RNAi,2.571428571,L,32863
3,2,29,Female,RNAi,0.857142857,L,32863
3,5,29,Female,RNAi,0.857142857,L,32863
3,4,29,Female,RNAi,1.142857143,L,32863
3,3,30,Male,RNAi,1.142857143,L,32863
3,4,30,Male,RNAi,0.571428571,L,32863
3,1,30,Male,RNAi,0.571428571,L,32863
3,5,30,Male,RNAi,1.142857143,L,32863
3,2,30,Male,RNAi,1.714285714,L,32863
3,4,31,Male,Control,0.795918367,L,32863
3,3,31,Male,Control,2.102040816,L,32863
3,5,31,Male,Control,0.795918367,L,32863
3,1,31,Male,Control,0.795918367,L,32863
3,2,31,Male,Control,1.12244898,L,32863
3,4,32,Female,Control,4.571428571,L,32863
3,1,32,Female,Control,3.714285714,L,32863
3,5,32,Female,Control,4.571428571,L,32863
3,3,32,Female,Control,3.142857143,L,32863
3,2,32,Female,Control,6,L,32863
3,2,33,Female,Control,2.857142857,L,32863
3,1,33,Female,Control,8,L,32863
3,4,33,Female,Control,0.857142857,L,32863
3,3,33,Female,Control,2.857142857,L,32863
3,5,33,Female,Control,0.857142857,L,32863
3,2,34,Male,RNAi,0.571428571,L,32863
3,3,34,Male,RNAi,1.142857143,L,32863
3,4,34,Male,RNAi,1.142857143,L,32863
3,1,34,Male,RNAi,3.142857143,L,32863
3,5,34,Male,RNAi,3.142857143,L,32863
3,2,35,Female,RNAi,6,L,32863
3,4,35,Female,RNAi,8,L,32863
3,3,35,Female,RNAi,6,L,32863
3,5,35,Female,RNAi,8,L,32863
3,1,35,Female,RNAi,3.142857143,L,32863
3,5,36,Male,Control,6,L,32863
3,4,36,Male,Control,8,L,32863
3,2,36,Male,Control,4.285714286,L,32863
3,1,36,Male,Control,8,L,32863
3,3,36,Male,Control,8,L,32863
3,5,37,Female,RNAi,3.142857143,L,32863
3,2,37,Female,RNAi,2,L,32863
3,1,37,Female,RNAi,2.857142857,L,32863
3,4,37,Female,RNAi,2.571428571,L,32863
3,3,37,Female,RNAi,0.857142857,L,32863
3,2,38,Male,RNAi,1.142857143,L,32863
3,3,38,Male,RNAi,2,L,32863
3,5,38,Male,RNAi,2,L,32863
3,4,38,Male,RNAi,1.142857143,L,32863
3,1,38,Male,RNAi,2.571428571,L,32863
3,3,39,Male,Control,1.428571429,L,32863
3,2,39,Male,Control,2,L,32863
3,4,39,Male,Control,1.428571429,L,32863
3,5,39,Male,Control,2.571428571,L,32863
3,1,39,Male,Control,0.857142857,L,32863
3,3,40,Female,Control,5.040816327,L,32863
3,5,40,Female,Control,3.408163265,L,32863
3,4,40,Female,Control,5.040816327,L,32863
3,2,40,Female,Control,2.102040816,L,32863
3,1,40,Female,Control,5.040816327,L,32863
3,1,41,Female,Control,1.428571429,L,32863
3,5,41,Female,Control,3.428571429,L,32863
3,3,41,Female,Control,1.428571429,L,32863
3,2,41,Female,Control,1.142857143,L,32863
3,4,41,Female,Control,2,L,32863
3,1,42,Female,RNAi,2,L,32863
3,2,42,Female,RNAi,3.714285714,L,32863
3,3,42,Female,RNAi,6,L,32863
3,5,42,Female,RNAi,3.714285714,L,32863
3,4,42,Female,RNAi,2,L,32863
3,1,43,Male,RNAi,2.285714286,L,32863
3,3,43,Male,RNAi,1.428571429,L,32863
3,2,43,Male,RNAi,1.428571429,L,32863
3,4,43,Male,RNAi,0.857142857,L,32863
3,5,43,Male,RNAi,1.142857143,L,32863
3,4,44,Male,Control,1.714285714,L,32863
3,3,44,Male,Control,1.428571429,L,32863
3,1,44,Male,Control,3.142857143,L,32863
3,5,44,Male,Control,1.142857143,L,32863
3,2,44,Male,Control,2,L,32863
3,4,45,Male,RNAi,6,L,32863
3,1,45,Male,RNAi,8,L,32863
3,5,45,Male,RNAi,6,L,32863
3,3,45,Male,RNAi,6,L,32863
3,2,45,Male,RNAi,6,L,32863
3,1,46,Female,RNAi,1.428571429,L,32863
3,2,46,Female,RNAi,2.857142857,L,32863
3,4,46,Female,RNAi,2.571428571,L,32863
3,3,46,Female,RNAi,2.571428571,L,32863
3,5,46,Female,RNAi,0.857142857,L,32863
3,2,47,Female,Control,4.285714286,L,32863
3,1,47,Female,Control,3.142857143,L,32863
3,3,47,Female,Control,6,L,32863
3,4,47,Female,Control,8,L,32863
3,5,47,Female,Control,4.285714286,L,32863
3,2,48,Male,Control,0.857142857,L,32863
3,4,48,Male,Control,1.142857143,L,32863
3,3,48,Male,Control,1.714285714,L,32863
3,1,48,Male,Control,3.142857143,L,32863
3,5,48,Male,Control,2,L,32863
1,1,1,Female,Control,2.571428571,M,64524
1,4,1,Female,Control,6,M,64524
1,5,1,Female,Control,3.714285714,M,64524
1,3,1,Female,Control,4.571428571,M,64524
1,2,1,Female,Control,2.857142857,M,64524
1,1,2,Male,RNAi,3.081632653,M,64524
1,5,2,Male,RNAi,1.775510204,M,64524
1,4,2,Male,RNAi,3.081632653,M,64524
1,2,2,Male,RNAi,1.448979592,M,64524
1,3,2,Male,RNAi,2.102040816,M,64524
1,5,3,Male,Control,0.857142857,M,64524
1,2,3,Male,Control,0.857142857,M,64524
1,4,3,Male,Control,3.142857143,M,64524
1,1,3,Male,Control,3.142857143,M,64524
1,3,3,Male,Control,0.571428571,M,64524
1,4,5,Female,RNAi,1.714285714,M,64524
1,5,5,Female,RNAi,8,M,64524
1,3,5,Female,RNAi,8,M,64524
1,2,5,Female,RNAi,8,M,64524
1,1,5,Female,RNAi,2,M,64524
1,2,7,Male,Control,1.428571429,M,64524
1,1,7,Male,Control,0.857142857,M,64524
1,4,7,Male,Control,2,M,64524
1,5,7,Male,Control,2,M,64524
1,3,7,Male,Control,2,M,64524
1,1,8,Female,Control,2,M,64524
1,5,8,Female,Control,2.285714286,M,64524
1,2,8,Female,Control,2.571428571,M,64524
1,3,8,Female,Control,2.571428571,M,64524
1,4,8,Female,Control,1.142857143,M,64524
1,1,9,Male,Control,2.571428571,M,64524
1,5,9,Male,Control,1.428571429,M,64524
1,3,9,Male,Control,3.142857143,M,64524
1,4,9,Male,Control,2,M,64524
1,2,9,Male,Control,1.142857143,M,64524
1,5,10,Male,RNAi,3.142857143,M,64524
1,4,10,Male,RNAi,2,M,64524
1,3,10,Male,RNAi,2,M,64524
1,1,10,Male,RNAi,1.714285714,M,64524
1,2,10,Male,RNAi,2,M,64524
1,2,11,Female,Control,1.142857143,M,64524
1,3,11,Female,Control,1.428571429,M,64524
1,1,11,Female,Control,3.142857143,M,64524
1,5,11,Female,Control,3.142857143,M,64524
1,4,11,Female,Control,1.142857143,M,64524
1,5,13,Female,RNAi,3.734693878,M,64524
1,2,13,Female,RNAi,5.040816327,M,64524
1,4,13,Female,RNAi,2.102040816,M,64524
1,1,13,Female,RNAi,2.102040816,M,64524
1,3,13,Female,RNAi,3.734693878,M,64524
1,2,14,Male,Control,0.857142857,M,64524
1,5,14,Male,Control,1.142857143,M,64524
1,1,14,Male,Control,0.857142857,M,64524
1,4,14,Male,Control,1.142857143,M,64524
1,3,14,Male,Control,1.428571429,M,64524
1,1,16,Female,Control,0.571428571,M,64524
1,4,16,Female,Control,4.571428571,M,64524
1,3,16,Female,Control,1.428571429,M,64524
1,5,16,Female,Control,3.714285714,M,64524
1,2,16,Female,Control,1.428571429,M,64524
1,3,17,Female,Control,3.734693878,M,64524
1,2,17,Female,Control,2.428571429,M,64524
1,1,17,Female,Control,7,M,64524
1,5,17,Female,Control,3.408163265,M,64524
1,4,17,Female,Control,5.040816327,M,64524
1,2,19,Male,Control,1.142857143,M,64524
1,3,19,Male,Control,2.857142857,M,64524
1,5,19,Male,Control,1.142857143,M,64524
1,4,19,Male,Control,0.857142857,M,64524
1,1,19,Male,Control,0.857142857,M,64524
1,5,20,Female,RNAi,4.285714286,M,64524
1,1,20,Female,RNAi,3.142857143,M,64524
1,2,20,Female,RNAi,2.857142857,M,64524
1,3,20,Female,RNAi,4.285714286,M,64524
1,4,20,Female,RNAi,4.571428571,M,64524
1,4,22,Female,Control,2.571428571,M,64524
1,1,22,Female,Control,1.714285714,M,64524
1,2,22,Female,Control,3.142857143,M,64524
1,3,22,Female,Control,4.571428571,M,64524
1,5,22,Female,Control,6,M,64524
1,3,23,Male,Control,4.285714286,M,64524
1,4,23,Male,Control,2,M,64524
1,5,23,Male,Control,0.857142857,M,64524
1,2,23,Male,Control,1.142857143,M,64524
1,1,23,Male,Control,2.571428571,M,64524
1,2,26,Female,Control,2,M,64524
1,3,26,Female,Control,4.285714286,M,64524
1,5,26,Female,Control,6,M,64524
1,4,26,Female,Control,6,M,64524
1,1,26,Female,Control,2.571428571,M,64524
1,5,27,Male,Control,2.102040816,M,64524
1,2,27,Male,Control,1.448979592,M,64524
1,1,27,Male,Control,0.795918367,M,64524
1,3,27,Male,Control,0.469387755,M,64524
1,4,27,Male,Control,2.102040816,M,64524
1,5,30,Female,RNAi,8,M,64524
1,4,30,Female,RNAi,8,M,64524
1,1,30,Female,RNAi,6,M,64524
1,2,30,Female,RNAi,8,M,64524
1,3,30,Female,RNAi,8,M,64524
1,1,31,Female,Control,1.714285714,M,64524
1,3,31,Female,Control,4.285714286,M,64524
1,4,31,Female,Control,3.142857143,M,64524
1,5,31,Female,Control,6,M,64524
1,2,31,Female,Control,1.142857143,M,64524
1,2,33,Female,Control,3.142857143,M,64524
1,3,33,Female,Control,3.428571429,M,64524
1,4,33,Female,Control,3.714285714,M,64524
1,5,33,Female,Control,3.428571429,M,64524
1,1,33,Female,Control,3.142857143,M,64524
1,5,34,Male,Control,2,M,64524
1,2,34,Male,Control,1.142857143,M,64524
1,1,34,Male,Control,1.142857143,M,64524
1,3,34,Male,Control,1.428571429,M,64524
1,4,34,Male,Control,1.142857143,M,64524
1,2,35,Male,RNAi,8,M,64524
1,1,35,Male,RNAi,6,M,64524
1,5,35,Male,RNAi,2.285714286,M,64524
1,4,35,Male,RNAi,1.428571429,M,64524
1,3,35,Male,RNAi,8,M,64524
1,4,36,Female,RNAi,6,M,64524
1,1,36,Female,RNAi,3.714285714,M,64524
1,3,36,Female,RNAi,8,M,64524
1,2,36,Female,RNAi,6,M,64524
1,5,36,Female,RNAi,8,M,64524
1,3,37,Male,RNAi,2,M,64524
1,2,37,Male,RNAi,2,M,64524
1,5,37,Male,RNAi,1.428571429,M,64524
1,1,37,Male,RNAi,2.571428571,M,64524
1,4,37,Male,RNAi,2,M,64524
1,3,38,Female,Control,8,M,64524
1,5,38,Female,Control,4.571428571,M,64524
1,2,38,Female,Control,8,M,64524
1,4,38,Female,Control,4.285714286,M,64524
1,1,38,Female,Control,6,M,64524
1,2,39,Male,Control,2,M,64524
1,1,39,Male,Control,1.428571429,M,64524
1,5,39,Male,Control,0.571428571,M,64524
1,3,39,Male,Control,2.285714286,M,64524
1,4,39,Male,Control,2,M,64524
1,4,40,Female,RNAi,3.142857143,M,64524
1,5,40,Female,RNAi,2.571428571,M,64524
1,3,40,Female,RNAi,1.714285714,M,64524
1,2,40,Female,RNAi,3.142857143,M,64524
1,1,40,Female,RNAi,2.285714286,M,64524
1,4,41,Female,RNAi,2,M,64524
1,2,41,Female,RNAi,3.142857143,M,64524
1,3,41,Female,RNAi,2.571428571,M,64524
1,1,41,Female,RNAi,1.714285714,M,64524
1,5,41,Female,RNAi,3.142857143,M,64524
1,2,42,Male,RNAi,2.571428571,M,64524
1,3,42,Male,RNAi,1.142857143,M,64524
1,4,42,Male,RNAi,1.142857143,M,64524
1,1,42,Male,RNAi,0.571428571,M,64524
1,5,42,Male,RNAi,1.428571429,M,64524
1,3,43,Male,Control,2.102040816,M,64524
1,1,43,Male,Control,1.12244898,M,64524
1,2,43,Male,Control,2.102040816,M,64524
1,5,43,Male,Control,2.428571429,M,64524
1,4,43,Male,Control,2.428571429,M,64524
1,5,44,Female,Control,1.714285714,M,64524
1,4,44,Female,Control,6,M,64524
1,3,44,Female,Control,3.142857143,M,64524
1,1,44,Female,Control,1.142857143,M,64524
1,2,44,Female,Control,2.285714286,M,64524
1,3,46,Female,RNAi,1.12244898,M,64524
1,5,46,Female,RNAi,5.040816327,M,64524
1,2,46,Female,RNAi,1.12244898,M,64524
1,4,46,Female,RNAi,2.428571429,M,64524
1,1,46,Female,RNAi,2.428571429,M,64524
1,3,47,Female,Control,5.040816327,M,64524
1,4,47,Female,Control,2.428571429,M,64524
1,2,47,Female,Control,5.040816327,M,64524
1,1,47,Female,Control,1.12244898,M,64524
1,5,47,Female,Control,3.734693878,M,64524
1,4,48,Male,Control,0.857142857,M,64524
1,3,48,Male,Control,2,M,64524
1,1,48,Male,Control,3.142857143,M,64524
1,2,48,Male,Control,2,M,64524
1,5,48,Male,Control,1.714285714,M,64524
2,1,1,Male,Control,0.571428571,M,64524
2,3,1,Male,Control,1.142857143,M,64524
2,5,1,Male,Control,0.857142857,M,64524
2,2,1,Male,Control,1.142857143,M,64524
2,4,1,Male,Control,1.142857143,M,64524
2,4,2,Male,RNAi,1.714285714,M,64524
2,1,2,Male,RNAi,1.142857143,M,64524
2,5,2,Male,RNAi,2.857142857,M,64524
2,2,2,Male,RNAi,4.285714286,M,64524
2,3,2,Male,RNAi,1.428571429,M,64524
2,5,3,Female,RNAi,6,M,64524
2,4,3,Female,RNAi,6,M,64524
2,3,3,Female,RNAi,8,M,64524
2,2,3,Female,RNAi,3.142857143,M,64524
2,1,3,Female,RNAi,3.714285714,M,64524
2,5,4,Female,Control,3.142857143,M,64524
2,4,4,Female,Control,3.142857143,M,64524
2,3,4,Female,Control,1.142857143,M,64524
2,2,4,Female,Control,2.571428571,M,64524
2,1,4,Female,Control,2.571428571,M,64524
2,5,5,Female,Control,2.571428571,M,64524
2,4,5,Female,Control,4.571428571,M,64524
2,3,5,Female,Control,1.428571429,M,64524
2,2,5,Female,Control,6,M,64524
2,1,5,Female,Control,4.571428571,M,64524
2,3,6,Female,RNAi,4.571428571,M,64524
2,4,6,Female,RNAi,4.571428571,M,64524
2,1,6,Female,RNAi,3.142857143,M,64524
2,5,6,Female,RNAi,3.142857143,M,64524
2,2,6,Female,RNAi,3.142857143,M,64524
2,2,7,Male,RNAi,1.142857143,M,64524
2,4,7,Male,RNAi,1.428571429,M,64524
2,1,7,Male,RNAi,1.142857143,M,64524
2,3,7,Male,RNAi,1.142857143,M,64524
2,5,7,Male,RNAi,0.857142857,M,64524
2,5,8,Male,Control,1.142857143,M,64524
2,3,8,Male,Control,3.428571429,M,64524
2,2,8,Male,Control,2.571428571,M,64524
2,4,8,Male,Control,1.142857143,M,64524
2,1,8,Male,Control,1.428571429,M,64524
2,5,9,Female,Control,6,M,64524
2,3,9,Female,Control,2.571428571,M,64524
2,4,9,Female,Control,4.571428571,M,64524
2,1,9,Female,Control,3.142857143,M,64524
2,2,9,Female,Control,3.714285714,M,64524
2,3,10,Male,Control,2,M,64524
2,4,10,Male,Control,3.142857143,M,64524
2,1,10,Male,Control,1.714285714,M,64524
2,2,10,Male,Control,1.428571429,M,64524
2,5,10,Male,Control,2,M,64524
2,5,11,Male,RNAi,2.285714286,M,64524
2,3,11,Male,RNAi,1.142857143,M,64524
2,4,11,Male,RNAi,0.571428571,M,64524
2,1,11,Male,RNAi,2,M,64524
2,2,11,Male,RNAi,1.428571429,M,64524
2,3,12,Female,RNAi,2.102040816,M,64524
2,4,12,Female,RNAi,3.408163265,M,64524
2,1,12,Female,RNAi,1.448979592,M,64524
2,2,12,Female,RNAi,1.448979592,M,64524
2,5,12,Female,RNAi,5.040816327,M,64524
2,5,13,Male,RNAi,1.428571429,M,64524
2,3,13,Male,RNAi,1.714285714,M,64524
2,2,13,Male,RNAi,1.428571429,M,64524
2,4,13,Male,RNAi,2.285714286,M,64524
2,1,13,Male,RNAi,1.714285714,M,64524
2,5,14,Female,RNAi,3.142857143,M,64524
2,1,14,Female,RNAi,1.428571429,M,64524
2,3,14,Female,RNAi,1.428571429,M,64524
2,2,14,Female,RNAi,0.571428571,M,64524
2,4,14,Female,RNAi,2,M,64524
2,5,15,Male,Control,1.142857143,M,64524
2,4,15,Male,Control,0.857142857,M,64524
2,2,15,Male,Control,1.428571429,M,64524
2,3,15,Male,Control,2.857142857,M,64524
2,1,15,Male,Control,3.142857143,M,64524
2,3,16,Female,Control,4.571428571,M,64524
2,1,16,Female,Control,4.285714286,M,64524
2,4,16,Female,Control,3.142857143,M,64524
2,5,16,Female,Control,2,M,64524
2,2,16,Female,Control,3.142857143,M,64524
2,3,17,Female,Control,1.428571429,M,64524
2,1,17,Female,Control,1.428571429,M,64524
2,2,17,Female,Control,4.285714286,M,64524
2,5,17,Female,Control,1.714285714,M,64524
2,4,17,Female,Control,3.142857143,M,64524
2,3,18,Female,RNAi,8,M,64524
2,4,18,Female,RNAi,6,M,64524
2,2,18,Female,RNAi,4.285714286,M,64524
2,5,18,Female,RNAi,6,M,64524
2,1,18,Female,RNAi,1.428571429,M,64524
2,3,19,Male,Control,1.142857143,M,64524
2,4,19,Male,Control,1.142857143,M,64524
2,2,19,Male,Control,3.142857143,M,64524
2,5,19,Male,Control,1.142857143,M,64524
2,1,19,Male,Control,2,M,64524
2,5,20,Male,RNAi,0.857142857,M,64524
2,4,20,Male,RNAi,3.142857143,M,64524
2,2,20,Male,RNAi,2,M,64524
2,1,20,Male,RNAi,1.142857143,M,64524
2,3,20,Male,RNAi,1.428571429,M,64524
2,4,21,Female,Control,2.857142857,M,64524
2,5,21,Female,Control,6,M,64524
2,3,21,Female,Control,3.142857143,M,64524
2,2,21,Female,Control,6,M,64524
2,1,21,Female,Control,6,M,64524
2,4,22,Male,RNAi,1.428571429,M,64524
2,5,22,Male,RNAi,1.714285714,M,64524
2,3,22,Male,RNAi,1.428571429,M,64524
2,1,22,Male,RNAi,2,M,64524
2,2,22,Male,RNAi,0.571428571,M,64524
2,2,23,Male,Control,3.142857143,M,64524
2,5,23,Male,Control,4.285714286,M,64524
2,3,23,Male,Control,2.571428571,M,64524
2,1,23,Male,Control,2,M,64524
2,4,23,Male,Control,8,M,64524
2,2,24,Female,RNAi,2.857142857,M,64524
2,5,24,Female,RNAi,8,M,64524
2,3,24,Female,RNAi,3.142857143,M,64524
2,1,24,Female,RNAi,2.571428571,M,64524
2,4,24,Female,RNAi,8,M,64524
2,2,25,Male,Control,1.428571429,M,64524
2,5,25,Male,Control,2,M,64524
2,3,25,Male,Control,4.285714286,M,64524
2,1,25,Male,Control,2.857142857,M,64524
2,4,25,Male,Control,2,M,64524
2,4,26,Male,RNAi,2,M,64524
2,5,26,Male,RNAi,2,M,64524
2,3,26,Male,RNAi,0.857142857,M,64524
2,1,26,Male,RNAi,3.142857143,M,64524
2,2,26,Male,RNAi,2,M,64524
2,5,27,Female,Control,2.285714286,M,64524
2,4,27,Female,Control,3.714285714,M,64524
2,3,27,Female,Control,2,M,64524
2,1,27,Female,Control,1.142857143,M,64524
2,2,27,Female,Control,2.571428571,M,64524
2,3,28,Female,RNAi,4.571428571,M,64524
2,5,28,Female,RNAi,3.142857143,M,64524
2,4,28,Female,RNAi,4.285714286,M,64524
2,2,28,Female,RNAi,4.285714286,M,64524
2,1,28,Female,RNAi,2.857142857,M,64524
2,5,29,Male,RNAi,3.714285714,M,64524
2,1,29,Male,RNAi,1.714285714,M,64524
2,4,29,Male,RNAi,3.142857143,M,64524
2,2,29,Male,RNAi,2,M,64524
2,3,29,Male,RNAi,2.571428571,M,64524
2,5,30,Female,RNAi,3.142857143,M,64524
2,1,30,Female,RNAi,1.142857143,M,64524
2,4,30,Female,RNAi,3.142857143,M,64524
2,2,30,Female,RNAi,1.142857143,M,64524
2,3,30,Female,RNAi,2.857142857,M,64524
2,2,31,Female,Control,3.428571429,M,64524
2,1,31,Female,Control,3.142857143,M,64524
2,4,31,Female,Control,4.571428571,M,64524
2,5,31,Female,Control,8,M,64524
2,3,31,Female,Control,3.714285714,M,64524
2,4,32,Male,Control,4.285714286,M,64524
2,1,32,Male,Control,1.142857143,M,64524
2,2,32,Male,Control,1.142857143,M,64524
2,5,32,Male,Control,2,M,64524
2,3,32,Male,Control,1.714285714,M,64524
2,5,33,Male,Control,0.857142857,M,64524
2,3,33,Male,Control,0.857142857,M,64524
2,4,33,Male,Control,0.571428571,M,64524
2,2,33,Male,Control,2,M,64524
2,1,33,Male,Control,3.428571429,M,64524
2,2,34,Female,RNAi,4.285714286,M,64524
2,4,34,Female,RNAi,4.571428571,M,64524
2,3,34,Female,RNAi,4.285714286,M,64524
2,5,34,Female,RNAi,3.142857143,M,64524
2,1,34,Female,RNAi,2.285714286,M,64524
2,5,35,Male,RNAi,1.714285714,M,64524
2,2,35,Male,RNAi,2.571428571,M,64524
2,4,35,Male,RNAi,2.857142857,M,64524
2,3,35,Male,RNAi,0.857142857,M,64524
2,1,35,Male,RNAi,0.857142857,M,64524
2,1,36,Female,Control,8,M,64524
2,4,36,Female,Control,6,M,64524
2,5,36,Female,Control,4.571428571,M,64524
2,2,36,Female,Control,8,M,64524
2,3,36,Female,Control,8,M,64524
2,4,37,Female,RNAi,4.285714286,M,64524
2,5,37,Female,RNAi,6,M,64524
2,2,37,Female,RNAi,2.571428571,M,64524
2,3,37,Female,RNAi,2.857142857,M,64524
2,1,37,Female,RNAi,2,M,64524
2,1,39,Male,RNAi,3.142857143,M,64524
2,4,39,Male,RNAi,1.428571429,M,64524
2,5,39,Male,RNAi,2.857142857,M,64524
2,2,39,Male,RNAi,1.428571429,M,64524
2,3,39,Male,RNAi,1.142857143,M,64524
2,4,40,Male,Control,1.142857143,M,64524
2,5,40,Male,Control,2,M,64524
2,2,40,Male,Control,2,M,64524
2,3,40,Male,Control,1.142857143,M,64524
2,1,40,Male,Control,1.428571429,M,64524
2,5,41,Male,Control,1.714285714,M,64524
2,2,41,Male,Control,3.714285714,M,64524
2,4,41,Male,Control,2.857142857,M,64524
2,3,41,Male,Control,1.714285714,M,64524
2,1,41,Male,Control,3.142857143,M,64524
2,1,42,Male,RNAi,0.857142857,M,64524
2,3,42,Male,RNAi,2,M,64524
2,5,42,Male,RNAi,2,M,64524
2,2,42,Male,RNAi,1.142857143,M,64524
2,4,42,Male,RNAi,2,M,64524
2,4,43,Female,RNAi,6,M,64524
2,1,43,Female,RNAi,2.571428571,M,64524
2,5,43,Female,RNAi,8,M,64524
2,2,43,Female,RNAi,4.285714286,M,64524
2,3,43,Female,RNAi,4.285714286,M,64524
2,5,44,Female,Control,4.571428571,M,64524
2,4,44,Female,Control,4.571428571,M,64524
2,3,44,Female,Control,4.571428571,M,64524
2,2,44,Female,Control,6,M,64524
2,1,44,Female,Control,6,M,64524
2,5,45,Female,Control,3.714285714,M,64524
2,4,45,Female,Control,3.714285714,M,64524
2,3,45,Female,Control,3.428571429,M,64524
2,2,45,Female,Control,3.428571429,M,64524
2,1,45,Female,Control,2,M,64524
2,5,46,Male,RNAi,2.571428571,M,64524
2,4,46,Male,RNAi,3.714285714,M,64524
2,3,46,Male,RNAi,3.142857143,M,64524
2,2,46,Male,RNAi,2,M,64524
2,1,46,Male,RNAi,2.857142857,M,64524
2,3,47,Male,Control,4.285714286,M,64524
2,4,47,Male,Control,2,M,64524
2,1,47,Male,Control,4.285714286,M,64524
2,5,47,Male,Control,2.571428571,M,64524
2,2,47,Male,Control,1.428571429,M,64524
2,2,48,Female,RNAi,3.408163265,M,64524
2,4,48,Female,RNAi,1.448979592,M,64524
2,1,48,Female,RNAi,2.428571429,M,64524
2,3,48,Female,RNAi,3.408163265,M,64524
2,5,48,Female,RNAi,1.448979592,M,64524
3,1,1,Male,RNAi,2,M,64524
3,2,1,Male,RNAi,1.714285714,M,64524
3,4,1,Male,RNAi,0.857142857,M,64524
3,5,1,Male,RNAi,3.714285714,M,64524
3,3,1,Male,RNAi,2.571428571,M,64524
3,5,2,Female,RNAi,1.12244898,M,64524
3,1,2,Female,RNAi,5.040816327,M,64524
3,4,2,Female,RNAi,0.469387755,M,64524
3,2,2,Female,RNAi,1.448979592,M,64524
3,3,2,Female,RNAi,2.102040816,M,64524
3,4,3,Male,Control,1.12244898,M,64524
3,5,3,Male,Control,0.795918367,M,64524
3,3,3,Male,Control,0.795918367,M,64524
3,1,3,Male,Control,0.795918367,M,64524
3,2,3,Male,Control,0.469387755,M,64524
3,3,4,Female,Control,2.571428571,M,64524
3,4,4,Female,Control,4.571428571,M,64524
3,2,4,Female,Control,2,M,64524
3,5,4,Female,Control,6,M,64524
3,1,4,Female,Control,3.142857143,M,64524
3,3,5,Female,RNAi,3.408163265,M,64524
3,1,5,Female,RNAi,1.448979592,M,64524
3,2,5,Female,RNAi,3.408163265,M,64524
3,4,5,Female,RNAi,2.428571429,M,64524
3,5,5,Female,RNAi,3.408163265,M,64524
3,5,6,Male,Control,2,M,64524
3,4,6,Male,Control,0.571428571,M,64524
3,1,6,Male,Control,2.857142857,M,64524
3,3,6,Male,Control,2.857142857,M,64524
3,2,6,Male,Control,0.857142857,M,64524
3,4,8,Male,RNAi,6,M,64524
3,5,8,Male,RNAi,6,M,64524
3,3,8,Male,RNAi,3.142857143,M,64524
3,1,8,Male,RNAi,4.571428571,M,64524
3,2,8,Male,RNAi,3.428571429,M,64524
3,5,9,Male,RNAi,2.102040816,M,64524
3,4,9,Male,RNAi,3.081632653,M,64524
3,3,9,Male,RNAi,1.448979592,M,64524
3,2,9,Male,RNAi,2.428571429,M,64524
3,1,9,Male,RNAi,1.448979592,M,64524
3,5,10,Female,RNAi,3.408163265,M,64524
3,2,10,Female,RNAi,3.081632653,M,64524
3,3,10,Female,RNAi,3.408163265,M,64524
3,4,10,Female,RNAi,3.734693878,M,64524
3,1,10,Female,RNAi,1.448979592,M,64524
3,2,11,Female,Control,4.285714286,M,64524
3,5,11,Female,Control,0.857142857,M,64524
3,4,11,Female,Control,2,M,64524
3,1,11,Female,Control,1.142857143,M,64524
3,3,11,Female,Control,8,M,64524
3,4,12,Male,Control,1.142857143,M,64524
3,5,12,Male,Control,3.714285714,M,64524
3,2,12,Male,Control,1.142857143,M,64524
3,3,12,Male,Control,0.571428571,M,64524
3,1,12,Male,Control,1.428571429,M,64524
3,3,13,Female,RNAi,4.285714286,M,64524
3,4,13,Female,RNAi,6,M,64524
3,5,13,Female,RNAi,4.571428571,M,64524
3,2,13,Female,RNAi,4.285714286,M,64524
3,1,13,Female,RNAi,4.285714286,M,64524
3,3,14,Male,RNAi,2.857142857,M,64524
3,4,14,Male,RNAi,0.857142857,M,64524
3,2,14,Male,RNAi,1.714285714,M,64524
3,5,14,Male,RNAi,1.428571429,M,64524
3,1,14,Male,RNAi,1.142857143,M,64524
3,4,15,Male,Control,2,M,64524
3,2,15,Male,Control,0.857142857,M,64524
3,5,15,Male,Control,0.857142857,M,64524
3,3,15,Male,Control,0.857142857,M,64524
3,1,15,Male,Control,0.857142857,M,64524
3,5,16,Female,Control,2.571428571,M,64524
3,3,16,Female,Control,4.571428571,M,64524
3,1,16,Female,Control,1.142857143,M,64524
3,4,16,Female,Control,3.714285714,M,64524
3,2,16,Female,Control,1.714285714,M,64524
3,4,17,Male,Control,1.142857143,M,64524
3,2,17,Male,Control,0.857142857,M,64524
3,5,17,Male,Control,1.714285714,M,64524
3,3,17,Male,Control,0.571428571,M,64524
3,1,17,Male,Control,0.857142857,M,64524
3,2,18,Female,RNAi,6,M,64524
3,3,18,Female,RNAi,8,M,64524
3,1,18,Female,RNAi,3.142857143,M,64524
3,4,18,Female,RNAi,4.571428571,M,64524
3,5,18,Female,RNAi,8,M,64524
3,2,19,Male,RNAi,2.285714286,M,64524
3,3,19,Male,RNAi,2.571428571,M,64524
3,1,19,Male,RNAi,0.571428571,M,64524
3,4,19,Male,RNAi,2,M,64524
3,5,19,Male,RNAi,0.571428571,M,64524
3,2,20,Female,Control,4.285714286,M,64524
3,3,20,Female,Control,1.714285714,M,64524
3,1,20,Female,Control,2.571428571,M,64524
3,4,20,Female,Control,2,M,64524
3,5,20,Female,Control,4.571428571,M,64524
3,2,21,Female,RNAi,6,M,64524
3,3,21,Female,RNAi,4.285714286,M,64524
3,4,21,Female,RNAi,6,M,64524
3,1,21,Female,RNAi,4.571428571,M,64524
3,5,21,Female,RNAi,6,M,64524
3,2,22,Male,Control,1.775510204,M,64524
3,1,22,Male,Control,0.795918367,M,64524
3,4,22,Male,Control,2.102040816,M,64524
3,3,22,Male,Control,0.795918367,M,64524
3,5,22,Male,Control,2.102040816,M,64524
3,3,24,Male,RNAi,1.714285714,M,64524
3,2,24,Male,RNAi,1.142857143,M,64524
3,4,24,Male,RNAi,1.428571429,M,64524
3,1,24,Male,RNAi,0.571428571,M,64524
3,5,24,Male,RNAi,0.571428571,M,64524
3,1,25,Female,RNAi,1.714285714,M,64524
3,2,25,Female,RNAi,0.857142857,M,64524
3,3,25,Female,RNAi,1.428571429,M,64524
3,4,25,Female,RNAi,1.428571429,M,64524
3,5,25,Female,RNAi,1.428571429,M,64524
3,1,26,Male,RNAi,1.428571429,M,64524
3,5,26,Male,RNAi,2.571428571,M,64524
3,2,26,Male,RNAi,2,M,64524
3,4,26,Male,RNAi,1.428571429,M,64524
3,3,26,Male,RNAi,4.285714286,M,64524
3,1,27,Male,Control,0.857142857,M,64524
3,3,27,Male,Control,1.428571429,M,64524
3,2,27,Male,Control,0.571428571,M,64524
3,5,27,Male,Control,0.571428571,M,64524
3,4,27,Male,Control,0.571428571,M,64524
3,1,28,Female,Control,4.285714286,M,64524
3,5,28,Female,Control,6,M,64524
3,2,28,Female,Control,3.142857143,M,64524
3,3,28,Female,Control,3.142857143,M,64524
3,4,28,Female,Control,4.285714286,M,64524
3,1,29,Female,RNAi,3.428571429,M,64524
3,2,29,Female,RNAi,3.428571429,M,64524
3,5,29,Female,RNAi,2,M,64524
3,3,29,Female,RNAi,2.571428571,M,64524
3,4,29,Female,RNAi,2,M,64524
3,1,30,Female,Control,3.142857143,M,64524
3,2,30,Female,Control,2,M,64524
3,5,30,Female,Control,2.571428571,M,64524
3,3,30,Female,Control,3.142857143,M,64524
3,4,30,Female,Control,1.714285714,M,64524
3,1,31,Male,Control,1.714285714,M,64524
3,2,31,Male,Control,1.142857143,M,64524
3,5,31,Male,Control,0.571428571,M,64524
3,3,31,Male,Control,0.857142857,M,64524
3,4,31,Male,Control,2.285714286,M,64524
3,5,32,Male,RNAi,1.428571429,M,64524
3,3,32,Male,RNAi,2.285714286,M,64524
3,1,32,Male,RNAi,1.428571429,M,64524
3,4,32,Male,RNAi,4.285714286,M,64524
3,2,32,Male,RNAi,2,M,64524
3,4,33,Male,Control,1.142857143,M,64524
3,2,33,Male,Control,1.142857143,M,64524
3,5,33,Male,Control,1.142857143,M,64524
3,3,33,Male,Control,0.571428571,M,64524
3,1,33,Male,Control,1.428571429,M,64524
3,5,34,Male,RNAi,1.142857143,M,64524
3,3,34,Male,RNAi,1.714285714,M,64524
3,1,34,Male,RNAi,1.142857143,M,64524
3,4,34,Male,RNAi,2.571428571,M,64524
3,2,34,Male,RNAi,2,M,64524
3,5,35,Female,RNAi,2,M,64524
3,1,35,Female,RNAi,3.714285714,M,64524
3,4,35,Female,RNAi,2,M,64524
3,2,35,Female,RNAi,3.714285714,M,64524
3,3,35,Female,RNAi,3.142857143,M,64524
3,5,36,Female,Control,5.040816327,M,64524
3,4,36,Female,Control,7,M,64524
3,1,36,Female,Control,3.734693878,M,64524
3,2,36,Female,Control,5.040816327,M,64524
3,3,36,Female,Control,5.040816327,M,64524
3,5,37,Female,RNAi,3.142857143,M,64524
3,3,37,Female,RNAi,4.571428571,M,64524
3,4,37,Female,RNAi,3.714285714,M,64524
3,1,37,Female,RNAi,1.714285714,M,64524
3,2,37,Female,RNAi,4.571428571,M,64524
3,3,38,Female,Control,3.734693878,M,64524
3,5,38,Female,Control,3.408163265,M,64524
3,2,38,Female,Control,2.102040816,M,64524
3,1,38,Female,Control,0.469387755,M,64524
3,4,38,Female,Control,3.408163265,M,64524
3,5,39,Male,Control,1.142857143,M,64524
3,2,39,Male,Control,1.142857143,M,64524
3,3,39,Male,Control,1.142857143,M,64524
3,4,39,Male,Control,2,M,64524
3,1,39,Male,Control,1.142857143,M,64524
3,5,40,Male,RNAi,0.571428571,M,64524
3,4,40,Male,RNAi,1.428571429,M,64524
3,3,40,Male,RNAi,1.428571429,M,64524
3,2,40,Male,RNAi,2.857142857,M,64524
3,1,40,Male,RNAi,2.857142857,M,64524
3,4,41,Female,Control,1.142857143,M,64524
3,5,41,Female,Control,2,M,64524
3,3,41,Female,Control,3.142857143,M,64524
3,1,41,Female,Control,6,M,64524
3,2,41,Female,Control,6,M,64524
3,4,42,Male,RNAi,6,M,64524
3,3,42,Male,RNAi,2.857142857,M,64524
3,5,42,Male,RNAi,8,M,64524
3,2,42,Male,RNAi,2.857142857,M,64524
3,1,42,Male,RNAi,1.428571429,M,64524
3,1,43,Female,RNAi,1.12244898,M,64524
3,2,43,Female,RNAi,2.102040816,M,64524
3,4,43,Female,RNAi,3.081632653,M,64524
3,5,43,Female,RNAi,3.081632653,M,64524
3,3,43,Female,RNAi,3.081632653,M,64524
3,5,44,Male,Control,1.142857143,M,64524
3,1,44,Male,Control,1.142857143,M,64524
3,4,44,Male,Control,2.285714286,M,64524
3,2,44,Male,Control,0.857142857,M,64524
3,3,44,Male,Control,0.571428571,M,64524
3,4,45,Female,RNAi,6,M,64524
3,5,45,Female,RNAi,4.285714286,M,64524
3,3,45,Female,RNAi,6,M,64524
3,1,45,Female,RNAi,2.571428571,M,64524
3,2,45,Female,RNAi,2.857142857,M,64524
3,3,47,Female,Control,2.102040816,M,64524
3,4,47,Female,Control,2.102040816,M,64524
3,2,47,Female,Control,0.795918367,M,64524
3,5,47,Female,Control,3.081632653,M,64524
3,1,47,Female,Control,1.775510204,M,64524
3,3,48,Male,Control,2,M,64524
3,1,48,Male,Control,1.428571429,M,64524
3,2,48,Male,Control,2.571428571,M,64524
3,4,48,Male,Control,3.142857143,M,64524
3,5,48,Male,Control,1.142857143,M,64524
1,1,1,Male,RNAi,1.142857143,N,36722
1,5,1,Male,RNAi,1.428571429,N,36722
1,3,1,Male,RNAi,3.714285714,N,36722
1,2,1,Male,RNAi,2,N,36722
1,4,1,Male,RNAi,3.714285714,N,36722
1,1,2,Female,Control,1.428571429,N,36722
1,2,2,Female,Control,3.142857143,N,36722
1,3,2,Female,Control,2,N,36722
1,5,2,Female,Control,2.285714286,N,36722
1,4,2,Female,Control,2.571428571,N,36722
1,1,3,Male,Control,1.428571429,N,36722
1,3,3,Male,Control,1.142857143,N,36722
1,2,3,Male,Control,2.285714286,N,36722
1,4,3,Male,Control,1.428571429,N,36722
1,5,3,Male,Control,1.448979592,N,36722
1,4,4,Female,RNAi,3.428571429,N,36722
1,3,4,Female,RNAi,3.714285714,N,36722
1,1,4,Female,RNAi,3.714285714,N,36722
1,5,4,Female,RNAi,2.571428571,N,36722
1,2,4,Female,RNAi,3.714285714,N,36722
1,4,5,Male,RNAi,1.142857143,N,36722
1,1,5,Male,RNAi,1.142857143,N,36722
1,5,5,Male,RNAi,1.428571429,N,36722
1,3,5,Male,RNAi,1.428571429,N,36722
1,2,5,Male,RNAi,1.428571429,N,36722
1,1,6,Male,Control,0.857142857,N,36722
1,2,6,Male,Control,0.857142857,N,36722
1,4,6,Male,Control,2,N,36722
1,3,6,Male,Control,1.142857143,N,36722
1,5,6,Male,Control,1.142857143,N,36722
1,2,7,Female,RNAi,8,N,36722
1,1,7,Female,RNAi,8,N,36722
1,3,7,Female,RNAi,6,N,36722
1,4,7,Female,RNAi,6,N,36722
1,5,7,Female,RNAi,4.571428571,N,36722
1,2,8,Female,Control,4.571428571,N,36722
1,4,8,Female,Control,3.142857143,N,36722
1,3,8,Female,Control,4.285714286,N,36722
1,1,8,Female,Control,8,N,36722
1,5,8,Female,Control,4.285714286,N,36722
1,5,9,Female,Control,6,N,36722
1,4,9,Female,Control,6,N,36722
1,2,9,Female,Control,6,N,36722
1,1,9,Female,Control,3.428571429,N,36722
1,3,9,Female,Control,4.571428571,N,36722
1,5,10,Male,Control,0.571428571,N,36722
1,1,10,Male,Control,1.428571429,N,36722
1,2,10,Male,Control,1.142857143,N,36722
1,4,10,Male,Control,1.142857143,N,36722
1,3,10,Male,Control,0.571428571,N,36722
1,5,11,Female,RNAi,3.142857143,N,36722
1,2,11,Female,RNAi,4.571428571,N,36722
1,1,11,Female,RNAi,2.285714286,N,36722
1,3,11,Female,RNAi,2.857142857,N,36722
1,4,11,Female,RNAi,4.285714286,N,36722
1,3,12,Male,RNAi,1.775510204,N,36722
1,2,12,Male,RNAi,0.795918367,N,36722
1,5,12,Male,RNAi,1.12244898,N,36722
1,4,12,Male,RNAi,1.12244898,N,36722
1,1,12,Male,RNAi,0.795918367,N,36722
1,3,13,Female,RNAi,3.142857143,N,36722
1,5,13,Female,RNAi,2,N,36722
1,4,13,Female,RNAi,1.714285714,N,36722
1,2,13,Female,RNAi,1.428571429,N,36722
1,1,13,Female,RNAi,1.142857143,N,36722
1,5,14,Female,Control,1.714285714,N,36722
1,1,14,Female,Control,1.714285714,N,36722
1,3,14,Female,Control,3.714285714,N,36722
1,2,14,Female,Control,1.714285714,N,36722
1,4,14,Female,Control,8,N,36722
1,1,15,Male,Control,1.142857143,N,36722
1,5,15,Male,Control,2,N,36722
1,2,15,Male,Control,1.714285714,N,36722
1,3,15,Male,Control,2.285714286,N,36722
1,4,15,Male,Control,3.142857143,N,36722
1,1,16,Male,RNAi,2,N,36722
1,3,16,Male,RNAi,0.857142857,N,36722
1,2,16,Male,RNAi,2,N,36722
1,5,16,Male,RNAi,0.857142857,N,36722
1,4,16,Male,RNAi,2,N,36722
1,4,17,Female,RNAi,2,N,36722
1,3,17,Female,RNAi,3.142857143,N,36722
1,1,17,Female,RNAi,3.142857143,N,36722
1,5,17,Female,RNAi,4.571428571,N,36722
1,2,17,Female,RNAi,1.142857143,N,36722
1,4,18,Male,RNAi,4.571428571,N,36722
1,5,18,Male,RNAi,4.285714286,N,36722
1,1,18,Male,RNAi,1.714285714,N,36722
1,3,18,Male,RNAi,3.428571429,N,36722
1,2,18,Male,RNAi,3.714285714,N,36722
1,4,19,Female,Control,8,N,36722
1,1,19,Female,Control,6,N,36722
1,5,19,Female,Control,8,N,36722
1,2,19,Female,Control,6,N,36722
1,3,19,Female,Control,8,N,36722
1,2,20,Male,Control,2.285714286,N,36722
1,1,20,Male,Control,1.428571429,N,36722
1,4,20,Male,Control,4.285714286,N,36722
1,3,20,Male,Control,2.857142857,N,36722
1,5,20,Male,Control,1.428571429,N,36722
1,2,21,Female,RNAi,2.571428571,N,36722
1,4,21,Female,RNAi,2,N,36722
1,3,21,Female,RNAi,3.142857143,N,36722
1,1,21,Female,RNAi,1.428571429,N,36722
1,5,21,Female,RNAi,3.142857143,N,36722
1,4,22,Male,Control,1.714285714,N,36722
1,5,22,Male,Control,0.857142857,N,36722
1,2,22,Male,Control,0.857142857,N,36722
1,1,22,Male,Control,0.857142857,N,36722
1,3,22,Male,Control,1.142857143,N,36722
1,5,23,Female,Control,1.428571429,N,36722
1,4,23,Female,Control,4.571428571,N,36722
1,1,23,Female,Control,6,N,36722
1,2,23,Female,Control,4.571428571,N,36722
1,3,23,Female,Control,3.142857143,N,36722
1,5,24,Male,RNAi,3.142857143,N,36722
1,2,24,Male,RNAi,1.428571429,N,36722
1,1,24,Male,RNAi,1.142857143,N,36722
1,4,24,Male,RNAi,1.142857143,N,36722
1,3,24,Male,RNAi,1.428571429,N,36722
1,3,25,Female,Control,6,N,36722
1,2,25,Female,Control,4.571428571,N,36722
1,5,25,Female,Control,6,N,36722
1,4,25,Female,Control,8,N,36722
1,1,25,Female,Control,2.857142857,N,36722
1,3,26,Male,Control,2.857142857,N,36722
1,4,26,Male,Control,1.142857143,N,36722
1,5,26,Male,Control,0.857142857,N,36722
1,2,26,Male,Control,0.571428571,N,36722
1,1,26,Male,Control,1.428571429,N,36722
1,3,27,Female,RNAi,3.428571429,N,36722
1,5,27,Female,RNAi,3.428571429,N,36722
1,4,27,Female,RNAi,3.428571429,N,36722
1,1,27,Female,RNAi,3.428571429,N,36722
1,2,27,Female,RNAi,3.428571429,N,36722
1,1,28,Male,RNAi,1.428571429,N,36722
1,5,28,Male,RNAi,2,N,36722
1,3,28,Male,RNAi,1.142857143,N,36722
1,2,28,Male,RNAi,0.285714286,N,36722
1,4,28,Male,RNAi,0.857142857,N,36722
1,1,29,Male,Control,1.428571429,N,36722
1,3,29,Male,Control,3.142857143,N,36722
1,2,29,Male,Control,1.142857143,N,36722
1,5,29,Male,Control,0.857142857,N,36722
1,4,29,Male,Control,1.142857143,N,36722
1,3,30,Female,Control,8,N,36722
1,4,30,Female,Control,6,N,36722
1,1,30,Female,Control,8,N,36722
1,5,30,Female,Control,8,N,36722
1,2,30,Female,Control,8,N,36722
1,4,31,Female,RNAi,6,N,36722
1,3,31,Female,RNAi,8,N,36722
1,5,31,Female,RNAi,8,N,36722
1,1,31,Female,RNAi,3.142857143,N,36722
1,2,31,Female,RNAi,8,N,36722
1,4,32,Male,RNAi,1.448979592,N,36722
1,1,32,Male,RNAi,1.448979592,N,36722
1,5,32,Male,RNAi,1.12244898,N,36722
1,3,32,Male,RNAi,1.12244898,N,36722
1,2,32,Male,RNAi,1.448979592,N,36722
1,2,33,Female,RNAi,3.142857143,N,36722
1,1,33,Female,RNAi,3.142857143,N,36722
1,4,33,Female,RNAi,3.142857143,N,36722
1,3,33,Female,RNAi,3.142857143,N,36722
1,5,33,Female,RNAi,2.571428571,N,36722
1,2,34,Male,Control,0.571428571,N,36722
1,3,34,Male,Control,0.571428571,N,36722
1,4,34,Male,Control,1.142857143,N,36722
1,1,34,Male,Control,0.571428571,N,36722
1,5,34,Male,Control,0.571428571,N,36722
1,2,35,Female,Control,3.714285714,N,36722
1,4,35,Female,Control,3.714285714,N,36722
1,3,35,Female,Control,3.714285714,N,36722
1,5,35,Female,Control,3.428571429,N,36722
1,1,35,Female,Control,3.142857143,N,36722
1,5,36,Male,RNAi,1.142857143,N,36722
1,4,36,Male,RNAi,2,N,36722
1,2,36,Male,RNAi,3.142857143,N,36722
1,1,36,Male,RNAi,4.285714286,N,36722
1,3,36,Male,RNAi,3.142857143,N,36722
1,5,37,Female,Control,2.571428571,N,36722
1,2,37,Female,Control,2.571428571,N,36722
1,1,37,Female,Control,3.428571429,N,36722
1,4,37,Female,Control,3.428571429,N,36722
1,3,37,Female,Control,2.571428571,N,36722
1,2,38,Female,RNAi,2.857142857,N,36722
1,3,38,Female,RNAi,4.571428571,N,36722
1,5,38,Female,RNAi,3.428571429,N,36722
1,4,38,Female,RNAi,3.714285714,N,36722
1,1,38,Female,RNAi,2,N,36722
1,3,39,Male,RNAi,1.714285714,N,36722
1,2,39,Male,RNAi,0.857142857,N,36722
1,4,39,Male,RNAi,3.142857143,N,36722
1,5,39,Male,RNAi,4.285714286,N,36722
1,1,39,Male,RNAi,3.142857143,N,36722
1,3,40,Male,Control,1.142857143,N,36722
1,5,40,Male,Control,1.714285714,N,36722
1,4,40,Male,Control,1.142857143,N,36722
1,2,40,Male,Control,1.142857143,N,36722
1,1,40,Male,Control,2,N,36722
1,1,41,Female,RNAi,3.714285714,N,36722
1,5,41,Female,RNAi,3.428571429,N,36722
1,3,41,Female,RNAi,3.428571429,N,36722
1,2,41,Female,RNAi,3.428571429,N,36722
1,4,41,Female,RNAi,3.714285714,N,36722
1,1,42,Male,Control,2,N,36722
1,2,42,Male,Control,1.142857143,N,36722
1,3,42,Male,Control,0.571428571,N,36722
1,5,42,Male,Control,1.142857143,N,36722
1,4,42,Male,Control,1.142857143,N,36722
1,1,43,Male,RNAi,1.142857143,N,36722
1,3,43,Male,RNAi,2.285714286,N,36722
1,2,43,Male,RNAi,1.142857143,N,36722
1,4,43,Male,RNAi,1.142857143,N,36722
1,5,43,Male,RNAi,2.857142857,N,36722
1,4,44,Female,Control,7,N,36722
1,3,44,Female,Control,7,N,36722
1,1,44,Female,Control,7,N,36722
1,5,44,Female,Control,5.040816327,N,36722
1,2,44,Female,Control,5.040816327,N,36722
1,4,45,Female,RNAi,8,N,36722
1,1,45,Female,RNAi,4.571428571,N,36722
1,5,45,Female,RNAi,6,N,36722
1,3,45,Female,RNAi,8,N,36722
1,2,45,Female,RNAi,6,N,36722
1,1,46,Male,Control,2,N,36722
1,2,46,Male,Control,2.857142857,N,36722
1,4,46,Male,Control,1.428571429,N,36722
1,3,46,Male,Control,0.571428571,N,36722
1,5,46,Male,Control,1.714285714,N,36722
1,2,47,Female,Control,4.571428571,N,36722
1,1,47,Female,Control,3.428571429,N,36722
1,3,47,Female,Control,6,N,36722
1,4,47,Female,Control,8,N,36722
1,5,47,Female,Control,6,N,36722
1,2,48,Male,RNAi,8,N,36722
1,4,48,Male,RNAi,8,N,36722
1,3,48,Male,RNAi,3.142857143,N,36722
1,1,48,Male,RNAi,8,N,36722
1,5,48,Male,RNAi,6,N,36722
2,1,1,Male,Control,0.571428571,N,36722
2,3,1,Male,Control,2.571428571,N,36722
2,5,1,Male,Control,0.571428571,N,36722
2,2,1,Male,Control,1.428571429,N,36722
2,4,1,Male,Control,1.142857143,N,36722
2,2,1,Male,Control,2,N,36722
2,4,2,Female,RNAi,2,N,36722
2,5,2,Female,RNAi,3.714285714,N,36722
2,2,2,Female,RNAi,2.857142857,N,36722
2,1,2,Female,RNAi,8,N,36722
2,3,2,Female,RNAi,2,N,36722
2,5,3,Male,RNAi,2.571428571,N,36722
2,3,3,Male,RNAi,4.285714286,N,36722
2,2,3,Male,RNAi,2,N,36722
2,4,3,Male,RNAi,3.142857143,N,36722
2,1,3,Male,RNAi,0.857142857,N,36722
2,5,4,Female,Control,2.571428571,N,36722
2,3,4,Female,Control,2,N,36722
2,2,4,Female,Control,2.857142857,N,36722
2,4,4,Female,Control,4.285714286,N,36722
2,1,4,Female,Control,8,N,36722
2,5,5,Male,Control,2,N,36722
2,3,5,Male,Control,1.142857143,N,36722
2,4,5,Male,Control,1.142857143,N,36722
2,2,5,Male,Control,2.285714286,N,36722
2,1,5,Male,Control,2,N,36722
2,3,6,Male,RNAi,1.428571429,N,36722
2,1,6,Male,RNAi,0.571428571,N,36722
2,5,6,Male,RNAi,1.714285714,N,36722
2,4,6,Male,RNAi,0.571428571,N,36722
2,2,6,Male,RNAi,0.857142857,N,36722
2,2,7,Female,RNAi,3.714285714,N,36722
2,4,7,Female,RNAi,3.142857143,N,36722
2,1,7,Female,RNAi,2.857142857,N,36722
2,5,7,Female,RNAi,2,N,36722
2,3,7,Female,RNAi,3.714285714,N,36722
2,5,8,Female,Control,4.285714286,N,36722
2,3,8,Female,Control,8,N,36722
2,4,8,Female,Control,2.571428571,N,36722
2,1,8,Female,Control,6,N,36722
2,2,8,Female,Control,6,N,36722
2,5,9,Male,Control,0.857142857,N,36722
2,4,9,Male,Control,1.714285714,N,36722
2,3,9,Male,Control,1.428571429,N,36722
2,2,9,Male,Control,1.714285714,N,36722
2,1,9,Male,Control,1.714285714,N,36722
2,3,10,Female,Control,3.142857143,N,36722
2,4,10,Female,Control,3.142857143,N,36722
2,5,10,Female,Control,6,N,36722
2,2,10,Female,Control,8,N,36722
2,1,10,Female,Control,2.857142857,N,36722
2,5,11,Male,RNAi,4.571428571,N,36722
2,3,11,Male,RNAi,2.857142857,N,36722
2,4,11,Male,RNAi,1.428571429,N,36722
2,1,11,Male,RNAi,2.285714286,N,36722
2,2,11,Male,RNAi,2,N,36722
2,4,12,Female,RNAi,6,N,36722
2,3,12,Female,RNAi,4.285714286,N,36722
2,2,12,Female,RNAi,3.142857143,N,36722
2,5,12,Female,RNAi,2.571428571,N,36722
2,1,12,Female,RNAi,8,N,36722
2,5,13,Female,Control,6,N,36722
2,2,13,Female,Control,4.285714286,N,36722
2,4,13,Female,Control,2,N,36722
2,3,13,Female,Control,2.571428571,N,36722
2,1,13,Female,Control,3.142857143,N,36722
2,5,14,Female,RNAi,2.285714286,N,36722
2,1,14,Female,RNAi,1.142857143,N,36722
2,3,14,Female,RNAi,6,N,36722
2,4,14,Female,RNAi,4.571428571,N,36722
2,2,14,Female,RNAi,1.428571429,N,36722
2,5,15,Male,RNAi,4.285714286,N,36722
2,4,15,Male,RNAi,2.285714286,N,36722
2,2,15,Male,RNAi,2,N,36722
2,3,15,Male,RNAi,1.142857143,N,36722
2,1,15,Male,RNAi,0.857142857,N,36722
2,3,16,Male,Control,2.571428571,N,36722
2,1,16,Male,Control,2,N,36722
2,4,16,Male,Control,2.571428571,N,36722
2,5,16,Male,Control,2,N,36722
2,2,16,Male,Control,1.428571429,N,36722
2,3,17,Male,Control,3.142857143,N,36722
2,1,17,Male,Control,2.571428571,N,36722
2,4,17,Male,Control,2.571428571,N,36722
2,5,17,Male,Control,2.571428571,N,36722
2,3,18,Female,Control,8,N,36722
2,4,18,Female,Control,8,N,36722
2,2,18,Female,Control,6,N,36722
2,5,18,Female,Control,4.285714286,N,36722
2,1,18,Female,Control,6,N,36722
2,3,19,Female,RNAi,8,N,36722
2,4,19,Female,RNAi,6,N,36722
2,2,19,Female,RNAi,6,N,36722
2,5,19,Female,RNAi,8,N,36722
2,1,19,Female,RNAi,8,N,36722
2,5,20,Male,RNAi,1.714285714,N,36722
2,4,20,Male,RNAi,0.571428571,N,36722
2,2,20,Male,RNAi,2,N,36722
2,1,20,Male,RNAi,1.142857143,N,36722
2,3,20,Male,RNAi,1.142857143,N,36722
2,4,21,Male,Control,1.714285714,N,36722
2,5,21,Male,Control,1.428571429,N,36722
2,3,21,Male,Control,2.571428571,N,36722
2,2,21,Male,Control,0.857142857,N,36722
2,1,21,Male,Control,2,N,36722
2,4,22,Male,RNAi,6,N,36722
2,5,22,Male,RNAi,3.714285714,N,36722
2,3,22,Male,RNAi,3.142857143,N,36722
2,1,22,Male,RNAi,1.714285714,N,36722
2,2,22,Male,RNAi,6,N,36722
2,2,23,Female,RNAi,2,N,36722
2,5,23,Female,RNAi,2.285714286,N,36722
2,3,23,Female,RNAi,4.285714286,N,36722
2,1,23,Female,RNAi,2,N,36722
2,4,23,Female,RNAi,3.142857143,N,36722
2,2,24,Female,Control,3.142857143,N,36722
2,5,24,Female,Control,6,N,36722
2,3,24,Female,Control,4.571428571,N,36722
2,1,24,Female,Control,3.428571429,N,36722
2,4,24,Female,Control,6,N,36722
2,2,25,Female,RNAi,3.142857143,N,36722
2,5,25,Female,RNAi,4.285714286,N,36722
2,3,25,Female,RNAi,3.142857143,N,36722
2,1,25,Female,RNAi,3.142857143,N,36722
2,4,25,Female,RNAi,6,N,36722
2,4,26,Female,Control,1.142857143,N,36722
2,5,26,Female,Control,2.571428571,N,36722
2,3,26,Female,Control,3.142857143,N,36722
2,1,26,Female,Control,2,N,36722
2,2,26,Female,Control,3.142857143,N,36722
2,5,27,Male,Control,1.428571429,N,36722
2,4,27,Male,Control,2.571428571,N,36722
2,3,27,Male,Control,1.714285714,N,36722
2,1,27,Male,Control,1.428571429,N,36722
2,2,27,Male,Control,1.142857143,N,36722
2,3,28,Male,RNAi,1.142857143,N,36722
2,5,28,Male,RNAi,0.571428571,N,36722
2,4,28,Male,RNAi,4.285714286,N,36722
2,2,28,Male,RNAi,0.285714286,N,36722
2,1,28,Male,RNAi,2,N,36722
2,5,29,Female,RNAi,8,N,36722
2,1,29,Female,RNAi,3.428571429,N,36722
2,4,29,Female,RNAi,8,N,36722
2,2,29,Female,RNAi,8,N,36722
2,3,29,Female,RNAi,3.714285714,N,36722
2,5,30,Female,Control,2,N,36722
2,1,30,Female,Control,1.428571429,N,36722
2,4,30,Female,Control,3.142857143,N,36722
2,2,30,Female,Control,4.571428571,N,36722
2,3,30,Female,Control,2.571428571,N,36722
2,2,31,Male,RNAi,2.428571429,N,36722
2,1,31,Male,RNAi,2.102040816,N,36722
2,4,31,Male,RNAi,7,N,36722
2,5,31,Male,RNAi,2.102040816,N,36722
2,3,31,Male,RNAi,2.102040816,N,36722
2,4,32,Male,Control,2.571428571,N,36722
2,1,32,Male,Control,1.428571429,N,36722
2,2,32,Male,Control,1.428571429,N,36722
2,5,32,Male,Control,1.714285714,N,36722
2,3,32,Male,Control,2,N,36722
2,5,33,Male,Control,2.571428571,N,36722
2,3,33,Male,Control,1.142857143,N,36722
2,4,33,Male,Control,2.571428571,N,36722
2,2,33,Male,Control,2,N,36722
2,1,33,Male,Control,1.142857143,N,36722
2,2,34,Female,RNAi,1.142857143,N,36722
2,4,34,Female,RNAi,4.285714286,N,36722
2,3,34,Female,RNAi,3.714285714,N,36722
2,5,34,Female,RNAi,4.285714286,N,36722
2,1,34,Female,RNAi,4.571428571,N,36722
2,5,35,Male,RNAi,2,N,36722
2,2,35,Male,RNAi,0.857142857,N,36722
2,4,35,Male,RNAi,4.285714286,N,36722
2,3,35,Male,RNAi,3.142857143,N,36722
2,1,35,Male,RNAi,2,N,36722
2,1,36,Female,Control,2,N,36722
2,4,36,Female,Control,8,N,36722
2,5,36,Female,Control,8,N,36722
2,2,36,Female,Control,8,N,36722
2,3,36,Female,Control,8,N,36722
2,4,37,Female,Control,2.857142857,N,36722
2,5,37,Female,Control,6,N,36722
2,2,37,Female,Control,3.142857143,N,36722
2,3,37,Female,Control,2.857142857,N,36722
2,1,37,Female,Control,4.285714286,N,36722
2,1,38,Male,RNAi,1.714285714,N,36722
2,4,38,Male,RNAi,1.428571429,N,36722
2,5,38,Male,RNAi,1.428571429,N,36722
2,2,38,Male,RNAi,2.571428571,N,36722
2,3,38,Male,RNAi,3.714285714,N,36722
2,4,39,Male,Control,0.857142857,N,36722
2,5,39,Male,Control,2.571428571,N,36722
2,2,39,Male,Control,2,N,36722
2,3,39,Male,Control,2,N,36722
2,1,39,Male,Control,4.285714286,N,36722
2,5,40,Female,RNAi,6,N,36722
2,2,40,Female,RNAi,2.857142857,N,36722
2,4,40,Female,RNAi,1.142857143,N,36722
2,3,40,Female,RNAi,1.142857143,N,36722
2,1,40,Female,RNAi,4.571428571,N,36722
2,1,41,Male,Control,2,N,36722
2,3,41,Male,Control,3.142857143,N,36722
2,5,41,Male,Control,2,N,36722
2,2,41,Male,Control,1.428571429,N,36722
2,4,41,Male,Control,0.571428571,N,36722
2,4,43,Female,RNAi,6,N,36722
2,1,43,Female,RNAi,3.142857143,N,36722
2,5,43,Female,RNAi,8,N,36722
2,2,43,Female,RNAi,8,N,36722
2,3,43,Female,RNAi,4.285714286,N,36722
2,5,44,Female,Control,8,N,36722
2,4,44,Female,Control,4.285714286,N,36722
2,3,44,Female,Control,8,N,36722
2,2,44,Female,Control,8,N,36722
2,1,44,Female,Control,6,N,36722
2,5,45,Female,Control,8,N,36722
2,4,45,Female,Control,6,N,36722
2,3,45,Female,Control,8,N,36722
2,2,45,Female,Control,8,N,36722
2,1,45,Female,Control,8,N,36722
2,5,46,Male,Control,2,N,36722
2,4,46,Male,Control,2.571428571,N,36722
2,3,46,Male,Control,0.857142857,N,36722
2,2,46,Male,Control,2,N,36722
2,1,46,Male,Control,1.142857143,N,36722
2,3,47,Female,RNAi,5.040816327,N,36722
2,4,47,Female,RNAi,3.734693878,N,36722
2,1,47,Female,RNAi,3.734693878,N,36722
2,5,47,Female,RNAi,7,N,36722
2,2,47,Female,RNAi,3.408163265,N,36722
2,2,48,Male,RNAi,1.428571429,N,36722
2,4,48,Male,RNAi,1.142857143,N,36722
2,1,48,Male,RNAi,2.857142857,N,36722
2,3,48,Male,RNAi,1.714285714,N,36722
2,5,48,Male,RNAi,3.428571429,N,36722
3,1,1,Male,Control,2,N,36722
3,5,1,Male,Control,0.857142857,N,36722
3,3,1,Male,Control,1.714285714,N,36722
3,2,1,Male,Control,1.714285714,N,36722
3,4,1,Male,Control,1.142857143,N,36722
3,1,2,Female,Control,2,N,36722
3,2,2,Female,Control,3.142857143,N,36722
3,3,2,Female,Control,4.571428571,N,36722
3,5,2,Female,Control,1.714285714,N,36722
3,4,2,Female,Control,1.428571429,N,36722
3,1,3,Female,RNAi,6,N,36722
3,3,3,Female,RNAi,2,N,36722
3,2,3,Female,RNAi,3.428571429,N,36722
3,4,3,Female,RNAi,1.142857143,N,36722
3,5,3,Female,RNAi,1.428571429,N,36722
3,4,4,Male,RNAi,1.142857143,N,36722
3,3,4,Male,RNAi,1.714285714,N,36722
3,1,4,Male,RNAi,1.714285714,N,36722
3,5,4,Male,RNAi,3.142857143,N,36722
3,2,4,Male,RNAi,1.428571429,N,36722
3,4,5,Male,RNAi,2,N,36722
3,1,5,Male,RNAi,2.285714286,N,36722
3,5,5,Male,RNAi,1.714285714,N,36722
3,3,5,Male,RNAi,2,N,36722
3,2,5,Male,RNAi,2.571428571,N,36722
3,1,6,Male,Control,0.857142857,N,36722
3,2,6,Male,Control,1.142857143,N,36722
3,4,6,Male,Control,1.428571429,N,36722
3,3,6,Male,Control,1.714285714,N,36722
3,5,6,Male,Control,0.857142857,N,36722
3,2,7,Female,RNAi,2.102040816,N,36722
3,1,7,Female,RNAi,3.734693878,N,36722
3,3,7,Female,RNAi,0.795918367,N,36722
3,4,7,Female,RNAi,5.040816327,N,36722
3,5,7,Female,RNAi,2.102040816,N,36722
3,2,8,Female,Control,2.857142857,N,36722
3,4,8,Female,Control,4.285714286,N,36722
3,3,8,Female,Control,2.857142857,N,36722
3,1,8,Female,Control,8,N,36722
3,5,8,Female,Control,4.571428571,N,36722
3,5,9,Female,RNAi,4.285714286,N,36722
3,4,9,Female,RNAi,6,N,36722
3,2,9,Female,RNAi,6,N,36722
3,1,9,Female,RNAi,2.857142857,N,36722
3,3,9,Female,RNAi,4.571428571,N,36722
3,5,10,Male,Control,4.571428571,N,36722
3,1,10,Male,Control,2.571428571,N,36722
3,2,10,Male,Control,2.571428571,N,36722
3,4,10,Male,Control,6,N,36722
3,3,10,Male,Control,4.285714286,N,36722
3,5,11,Male,RNAi,1.428571429,N,36722
3,2,11,Male,RNAi,2,N,36722
3,1,11,Male,RNAi,2,N,36722
3,3,11,Male,RNAi,1.428571429,N,36722
3,4,11,Male,RNAi,4.285714286,N,36722
3,3,12,Female,Control,6,N,36722
3,2,12,Female,Control,6,N,36722
3,5,12,Female,Control,6,N,36722
3,4,12,Female,Control,8,N,36722
3,1,12,Female,Control,8,N,36722
3,3,13,Female,Control,3.714285714,N,36722
3,5,13,Female,Control,4.285714286,N,36722
3,4,13,Female,Control,6,N,36722
3,2,13,Female,Control,1.714285714,N,36722
3,1,13,Female,Control,1.714285714,N,36722
3,5,14,Female,RNAi,6,N,36722
3,1,14,Female,RNAi,4.571428571,N,36722
3,3,14,Female,RNAi,2,N,36722
3,2,14,Female,RNAi,2,N,36722
3,4,14,Female,RNAi,8,N,36722
3,1,15,Male,Control,4.571428571,N,36722
3,5,15,Male,Control,0.857142857,N,36722
3,2,15,Male,Control,1.142857143,N,36722
3,3,15,Male,Control,2.285714286,N,36722
3,4,15,Male,Control,2.285714286,N,36722
3,1,16,Male,RNAi,2.428571429,N,36722
3,3,16,Male,RNAi,2.428571429,N,36722
3,2,16,Male,RNAi,1.448979592,N,36722
3,5,16,Male,RNAi,5.040816327,N,36722
3,4,16,Male,RNAi,3.408163265,N,36722
3,4,17,Female,Control,4.285714286,N,36722
3,3,17,Female,Control,3.142857143,N,36722
3,1,17,Female,Control,8,N,36722
3,5,17,Female,Control,6,N,36722
3,2,17,Female,Control,4.285714286,N,36722
3,4,18,Female,RNAi,4.571428571,N,36722
3,5,18,Female,RNAi,3.428571429,N,36722
3,1,18,Female,RNAi,2.285714286,N,36722
3,3,18,Female,RNAi,3.142857143,N,36722
3,2,18,Female,RNAi,4.571428571,N,36722
3,4,19,Male,RNAi,3.142857143,N,36722
3,1,19,Male,RNAi,0.857142857,N,36722
3,5,19,Male,RNAi,2.571428571,N,36722
3,2,19,Male,RNAi,2,N,36722
3,3,19,Male,RNAi,3.142857143,N,36722
3,2,20,Male,Control,1.714285714,N,36722
3,1,20,Male,Control,0.857142857,N,36722
3,4,20,Male,Control,0.857142857,N,36722
3,3,20,Male,Control,2,N,36722
3,5,20,Male,Control,1.428571429,N,36722
3,2,21,Female,Control,3.142857143,N,36722
3,4,21,Female,Control,4.285714286,N,36722
3,3,21,Female,Control,3.714285714,N,36722
3,1,21,Female,Control,2.857142857,N,36722
3,5,21,Female,Control,2.571428571,N,36722
3,4,22,Male,Control,0.857142857,N,36722
3,5,22,Male,Control,1.142857143,N,36722
3,2,22,Male,Control,2.857142857,N,36722
3,1,22,Male,Control,1.714285714,N,36722
3,3,22,Male,Control,0.857142857,N,36722
3,5,23,Male,RNAi,3.408163265,N,36722
3,4,23,Male,RNAi,5.040816327,N,36722
3,1,23,Male,RNAi,2.428571429,N,36722
3,2,23,Male,RNAi,3.408163265,N,36722
3,3,23,Male,RNAi,1.448979592,N,36722
3,5,24,Female,RNAi,4.285714286,N,36722
3,2,24,Female,RNAi,3.428571429,N,36722
3,1,24,Female,RNAi,1.142857143,N,36722
3,4,24,Female,RNAi,3.428571429,N,36722
3,3,24,Female,RNAi,3.714285714,N,36722
3,3,25,Female,Control,2.857142857,N,36722
3,2,25,Female,Control,6,N,36722
3,5,25,Female,Control,3.714285714,N,36722
3,4,25,Female,Control,3.142857143,N,36722
3,1,25,Female,Control,3.142857143,N,36722
3,3,26,Male,RNAi,3.142857143,N,36722
3,4,26,Male,RNAi,2.571428571,N,36722
3,5,26,Male,RNAi,3.714285714,N,36722
3,2,26,Male,RNAi,1.142857143,N,36722
3,1,26,Male,RNAi,1.714285714,N,36722
3,3,27,Female,RNAi,1.714285714,N,36722
3,5,27,Female,RNAi,2,N,36722
3,4,27,Female,RNAi,3.714285714,N,36722
3,1,27,Female,RNAi,8,N,36722
3,2,27,Female,RNAi,1.142857143,N,36722
3,1,28,Male,Control,0.571428571,N,36722
3,5,28,Male,Control,1.714285714,N,36722
3,3,28,Male,Control,2.571428571,N,36722
3,2,28,Male,Control,1.142857143,N,36722
3,4,28,Male,Control,2.285714286,N,36722
3,1,29,Male,RNAi,1.714285714,N,36722
3,3,29,Male,RNAi,4.285714286,N,36722
3,2,29,Male,RNAi,3.714285714,N,36722
3,5,29,Male,RNAi,2.571428571,N,36722
3,4,29,Male,RNAi,2,N,36722
3,3,30,Female,Control,3.142857143,N,36722
3,4,30,Female,Control,3.714285714,N,36722
3,1,30,Female,Control,3.142857143,N,36722
3,5,30,Female,Control,3.714285714,N,36722
3,2,30,Female,Control,4.285714286,N,36722
3,4,31,Male,Control,2,N,36722
3,3,31,Male,Control,1.142857143,N,36722
3,5,31,Male,Control,3.428571429,N,36722
3,1,31,Male,Control,4.285714286,N,36722
3,2,31,Male,Control,2,N,36722
3,4,32,Female,RNAi,8,N,36722
3,1,32,Female,RNAi,4.571428571,N,36722
3,5,32,Female,RNAi,4.285714286,N,36722
3,3,32,Female,RNAi,4.571428571,N,36722
3,2,32,Female,RNAi,6,N,36722
3,2,33,Female,Control,2,N,36722
3,1,33,Female,Control,2.571428571,N,36722
3,4,33,Female,Control,2.857142857,N,36722
3,3,33,Female,Control,2.857142857,N,36722
3,5,33,Female,Control,3.142857143,N,36722
3,2,34,Female,RNAi,1.428571429,N,36722
3,3,34,Female,RNAi,2.857142857,N,36722
3,4,34,Female,RNAi,4.571428571,N,36722
3,1,34,Female,RNAi,3.714285714,N,36722
3,5,34,Female,RNAi,2.571428571,N,36722
3,2,35,Male,RNAi,1.714285714,N,36722
3,4,35,Male,RNAi,0.857142857,N,36722
3,3,35,Male,RNAi,2.571428571,N,36722
3,5,35,Male,RNAi,6,N,36722
3,1,35,Male,RNAi,6,N,36722
3,5,36,Male,Control,2,N,36722
3,4,36,Male,Control,0.857142857,N,36722
3,2,36,Male,Control,0.571428571,N,36722
3,1,36,Male,Control,2,N,36722
3,3,36,Male,Control,1.428571429,N,36722
3,5,37,Female,RNAi,2.571428571,N,36722
3,2,37,Female,RNAi,6,N,36722
3,1,37,Female,RNAi,2.857142857,N,36722
3,4,37,Female,RNAi,4.285714286,N,36722
3,3,37,Female,RNAi,3.428571429,N,36722
3,2,38,Male,Control,1.448979592,N,36722
3,3,38,Male,Control,3.081632653,N,36722
3,5,38,Male,Control,1.12244898,N,36722
3,4,38,Male,Control,0.469387755,N,36722
3,1,38,Male,Control,1.448979592,N,36722
3,3,39,Female,Control,1.714285714,N,36722
3,2,39,Female,Control,3.142857143,N,36722
3,4,39,Female,Control,2.571428571,N,36722
3,5,39,Female,Control,2.285714286,N,36722
3,1,39,Female,Control,0.857142857,N,36722
3,3,40,Male,RNAi,2,N,36722
3,5,40,Male,RNAi,2.571428571,N,36722
3,4,40,Male,RNAi,2,N,36722
3,2,40,Male,RNAi,3.142857143,N,36722
3,1,40,Male,RNAi,2,N,36722
3,1,41,Male,RNAi,1.142857143,N,36722
3,5,41,Male,RNAi,2,N,36722
3,3,41,Male,RNAi,2,N,36722
3,2,41,Male,RNAi,2,N,36722
3,4,41,Male,RNAi,1.714285714,N,36722
3,1,42,Male,Control,1.428571429,N,36722
3,2,42,Male,Control,1.428571429,N,36722
3,3,42,Male,Control,0.571428571,N,36722
3,5,42,Male,Control,1.714285714,N,36722
3,4,42,Male,Control,1.714285714,N,36722
3,1,43,Female,RNAi,6,N,36722
3,3,43,Female,RNAi,4.571428571,N,36722
3,2,43,Female,RNAi,6,N,36722
3,4,43,Female,RNAi,6,N,36722
3,5,43,Female,RNAi,6,N,36722
3,4,44,Female,Control,8,N,36722
3,3,44,Female,Control,6,N,36722
3,1,44,Female,Control,4.285714286,N,36722
3,5,44,Female,Control,4.285714286,N,36722
3,2,44,Female,Control,6,N,36722
3,4,45,Female,RNAi,2,N,36722
3,1,45,Female,RNAi,2.571428571,N,36722
3,5,45,Female,RNAi,4.571428571,N,36722
3,3,45,Female,RNAi,3.142857143,N,36722
3,2,45,Female,RNAi,4.571428571,N,36722
3,1,46,Female,Control,2.857142857,N,36722
3,2,46,Female,Control,2.857142857,N,36722
3,4,46,Female,Control,3.142857143,N,36722
3,3,46,Female,Control,8,N,36722
3,5,46,Female,Control,6,N,36722
3,2,47,Male,Control,1.142857143,N,36722
3,1,47,Male,Control,1.428571429,N,36722
3,3,47,Male,Control,0.857142857,N,36722
3,4,47,Male,Control,3.714285714,N,36722
3,5,47,Male,Control,0.571428571,N,36722
3,2,48,Male,RNAi,2,N,36722
3,4,48,Male,RNAi,1.714285714,N,36722
3,3,48,Male,RNAi,3.142857143,N,36722
3,1,48,Male,RNAi,0.571428571,N,36722
3,5,48,Male,RNAi,1.142857143,N,36722
1,1,1,Male,Control,1.428571429,O,34601
1,5,1,Male,Control,1.428571429,O,34601
1,3,1,Male,Control,0.571428571,O,34601
1,2,1,Male,Control,0.857142857,O,34601
1,4,1,Male,Control,1.142857143,O,34601
1,1,2,Female,Control,8,O,34601
1,2,2,Female,Control,6,O,34601
1,3,2,Female,Control,4.571428571,O,34601
1,5,2,Female,Control,1.428571429,O,34601
1,4,2,Female,Control,2.571428571,O,34601
1,1,3,Male,RNAi,6,O,34601
1,3,3,Male,RNAi,4.285714286,O,34601
1,2,3,Male,RNAi,4.285714286,O,34601
1,4,3,Male,RNAi,6,O,34601
1,5,3,Male,RNAi,6,O,34601
1,4,4,Female,RNAi,3.714285714,O,34601
1,3,4,Female,RNAi,3.714285714,O,34601
1,1,4,Female,RNAi,3.714285714,O,34601
1,5,4,Female,RNAi,3.714285714,O,34601
1,2,4,Female,RNAi,3.714285714,O,34601
1,4,5,Male,RNAi,6,O,34601
1,1,5,Male,RNAi,8,O,34601
1,5,5,Male,RNAi,6,O,34601
1,3,5,Male,RNAi,6,O,34601
1,2,5,Male,RNAi,8,O,34601
1,1,6,Female,RNAi,3.428571429,O,34601
1,2,6,Female,RNAi,3.428571429,O,34601
1,4,6,Female,RNAi,3.428571429,O,34601
1,3,6,Female,RNAi,3.428571429,O,34601
1,5,6,Female,RNAi,3.428571429,O,34601
1,2,7,Male,Control,2,O,34601
1,1,7,Male,Control,1.142857143,O,34601
1,3,7,Male,Control,2.285714286,O,34601
1,4,7,Male,Control,1.142857143,O,34601
1,5,7,Male,Control,3.142857143,O,34601
1,2,8,Female,Control,8,O,34601
1,4,8,Female,Control,8,O,34601
1,3,8,Female,Control,8,O,34601
1,1,8,Female,Control,6,O,34601
1,5,8,Female,Control,6,O,34601
1,5,9,Male,Control,0.857142857,O,34601
1,4,9,Male,Control,1.714285714,O,34601
1,2,9,Male,Control,1.428571429,O,34601
1,1,9,Male,Control,0.571428571,O,34601
1,3,9,Male,Control,1.142857143,O,34601
1,5,10,Female,RNAi,1.428571429,O,34601
1,1,10,Female,RNAi,1.714285714,O,34601
1,2,10,Female,RNAi,1.714285714,O,34601
1,4,10,Female,RNAi,2,O,34601
1,3,10,Female,RNAi,2,O,34601
1,5,11,Female,Control,3.714285714,O,34601
1,2,11,Female,Control,4.285714286,O,34601
1,1,11,Female,Control,4.571428571,O,34601
1,3,11,Female,Control,3.142857143,O,34601
1,4,11,Female,Control,3.142857143,O,34601
1,3,12,Male,RNAi,1.428571429,O,34601
1,2,12,Male,RNAi,0.857142857,O,34601
1,5,12,Male,RNAi,1.428571429,O,34601
1,4,12,Male,RNAi,0.857142857,O,34601
1,1,12,Male,RNAi,3.142857143,O,34601
1,3,13,Male,RNAi,2.285714286,O,34601
1,5,13,Male,RNAi,3.428571429,O,34601
1,4,13,Male,RNAi,2.571428571,O,34601
1,2,13,Male,RNAi,0.857142857,O,34601
1,1,13,Male,RNAi,1.714285714,O,34601
1,5,14,Female,RNAi,0.857142857,O,34601
1,1,14,Female,RNAi,1.142857143,O,34601
1,3,14,Female,RNAi,0.857142857,O,34601
1,2,14,Female,RNAi,1.142857143,O,34601
1,4,14,Female,RNAi,0.857142857,O,34601
1,1,15,Male,Control,0.285714286,O,34601
1,5,15,Male,Control,1.714285714,O,34601
1,2,15,Male,Control,1.142857143,O,34601
1,3,15,Male,Control,1.428571429,O,34601
1,4,15,Male,Control,0.857142857,O,34601
1,1,16,Female,Control,4.285714286,O,34601
1,3,16,Female,Control,4.285714286,O,34601
1,2,16,Female,Control,6,O,34601
1,5,16,Female,Control,6,O,34601
1,4,16,Female,Control,8,O,34601
1,4,17,Male,Control,2.571428571,O,34601
1,3,17,Male,Control,2.857142857,O,34601
1,1,17,Male,Control,1.714285714,O,34601
1,5,17,Male,Control,2.571428571,O,34601
1,2,17,Male,Control,2.571428571,O,34601
1,4,18,Female,RNAi,3.142857143,O,34601
1,5,18,Female,RNAi,2.285714286,O,34601
1,1,18,Female,RNAi,3.142857143,O,34601
1,3,18,Female,RNAi,3.142857143,O,34601
1,2,18,Female,RNAi,3.142857143,O,34601
1,4,19,Male,RNAi,2.857142857,O,34601
1,1,19,Male,RNAi,6,O,34601
1,5,19,Male,RNAi,2.857142857,O,34601
1,2,19,Male,RNAi,2.857142857,O,34601
1,3,19,Male,RNAi,3.142857143,O,34601
1,2,20,Female,Control,4.285714286,O,34601
1,1,20,Female,Control,8,O,34601
1,4,20,Female,Control,6,O,34601
1,3,20,Female,Control,3.142857143,O,34601
1,5,20,Female,Control,8,O,34601
1,2,21,Female,RNAi,4.285714286,O,34601
1,4,21,Female,RNAi,2.857142857,O,34601
1,3,21,Female,RNAi,2.857142857,O,34601
1,1,21,Female,RNAi,4.285714286,O,34601
1,5,21,Female,RNAi,4.285714286,O,34601
1,4,22,Female,Control,2.571428571,O,34601
1,5,22,Female,Control,3.428571429,O,34601
1,2,22,Female,Control,2,O,34601
1,1,22,Female,Control,1.714285714,O,34601
1,3,22,Female,Control,2,O,34601
1,5,23,Male,RNAi,0.857142857,O,34601
1,4,23,Male,RNAi,0.857142857,O,34601
1,1,23,Male,RNAi,2,O,34601
1,2,23,Male,RNAi,1.428571429,O,34601
1,3,23,Male,RNAi,0.857142857,O,34601
1,5,24,Male,Control,1.142857143,O,34601
1,2,24,Male,Control,2,O,34601
1,1,24,Male,Control,1.428571429,O,34601
1,4,24,Male,Control,1.428571429,O,34601
1,3,24,Male,Control,1.714285714,O,34601
1,3,25,Male,Control,4.571428571,O,34601
1,2,25,Male,Control,3.428571429,O,34601
1,5,25,Male,Control,8,O,34601
1,4,25,Male,Control,8,O,34601
1,1,25,Male,Control,2,O,34601
1,3,26,Female,Control,2.857142857,O,34601
1,4,26,Female,Control,8,O,34601
1,5,26,Female,Control,2,O,34601
1,2,26,Female,Control,2.857142857,O,34601
1,1,26,Female,Control,2,O,34601
1,3,27,Male,RNAi,3.142857143,O,34601
1,5,27,Male,RNAi,4.285714286,O,34601
1,4,27,Male,RNAi,4.285714286,O,34601
1,1,27,Male,RNAi,4.285714286,O,34601
1,2,27,Male,RNAi,3.142857143,O,34601
1,1,28,Female,RNAi,3.714285714,O,34601
1,5,28,Female,RNAi,3.714285714,O,34601
1,3,28,Female,RNAi,3.714285714,O,34601
1,2,28,Female,RNAi,3.714285714,O,34601
1,4,28,Female,RNAi,3.714285714,O,34601
1,1,29,Male,RNAi,2.571428571,O,34601
1,3,29,Male,RNAi,1.428571429,O,34601
1,2,29,Male,RNAi,2,O,34601
1,5,29,Male,RNAi,1.428571429,O,34601
1,4,29,Male,RNAi,1.428571429,O,34601
1,3,30,Female,Control,8,O,34601
1,4,30,Female,Control,8,O,34601
1,1,30,Female,Control,6,O,34601
1,5,30,Female,Control,4.285714286,O,34601
1,2,30,Female,Control,8,O,34601
1,4,31,Female,RNAi,1.428571429,O,34601
1,3,31,Female,RNAi,1.428571429,O,34601
1,5,31,Female,RNAi,1.428571429,O,34601
1,1,31,Female,RNAi,1.714285714,O,34601
1,2,31,Female,RNAi,1.428571429,O,34601
1,4,32,Male,Control,2.571428571,O,34601
1,1,32,Male,Control,2.857142857,O,34601
1,5,32,Male,Control,1.428571429,O,34601
1,3,32,Male,Control,6,O,34601
1,2,32,Male,Control,3.142857143,O,34601
1,2,33,Female,Control,8,O,34601
1,1,33,Female,Control,4.571428571,O,34601
1,4,33,Female,Control,4.571428571,O,34601
1,3,33,Female,Control,8,O,34601
1,5,33,Female,Control,2.571428571,O,34601
1,2,34,Female,RNAi,3.714285714,O,34601
1,3,34,Female,RNAi,3.714285714,O,34601
1,4,34,Female,RNAi,4.571428571,O,34601
1,1,34,Female,RNAi,3.714285714,O,34601
1,5,34,Female,RNAi,4.571428571,O,34601
1,2,35,Male,Control,2,O,34601
1,4,35,Male,Control,2.571428571,O,34601
1,3,35,Male,Control,2.285714286,O,34601
1,5,35,Male,Control,2,O,34601
1,1,35,Male,Control,2,O,34601
1,5,36,Male,RNAi,2.285714286,O,34601
1,4,36,Male,RNAi,2.285714286,O,34601
1,2,36,Male,RNAi,3.142857143,O,34601
1,1,36,Male,RNAi,2,O,34601
1,3,36,Male,RNAi,3.142857143,O,34601
1,5,37,Male,Control,2,O,34601
1,2,37,Male,Control,3.142857143,O,34601
1,1,37,Male,Control,2.571428571,O,34601
1,4,37,Male,Control,4.571428571,O,34601
1,3,37,Male,Control,0.571428571,O,34601
1,2,38,Female,RNAi,3.428571429,O,34601
1,3,38,Female,RNAi,3.714285714,O,34601
1,5,38,Female,RNAi,3.714285714,O,34601
1,4,38,Female,RNAi,3.714285714,O,34601
1,1,38,Female,RNAi,3.714285714,O,34601
1,3,39,Female,Control,4.285714286,O,34601
1,2,39,Female,Control,4.285714286,O,34601
1,4,39,Female,Control,8,O,34601
1,5,39,Female,Control,6,O,34601
1,1,39,Female,Control,6,O,34601
1,3,40,Male,RNAi,8,O,34601
1,5,40,Male,RNAi,6,O,34601
1,4,40,Male,RNAi,8,O,34601
1,2,40,Male,RNAi,8,O,34601
1,1,40,Male,RNAi,8,O,34601
1,1,41,Female,Control,6,O,34601
1,5,41,Female,Control,8,O,34601
1,3,41,Female,Control,8,O,34601
1,2,41,Female,Control,6,O,34601
1,4,41,Female,Control,8,O,34601
1,1,42,Male,Control,3.081632653,O,34601
1,2,42,Male,Control,1.448979592,O,34601
1,3,42,Male,Control,1.448979592,O,34601
1,5,42,Male,Control,1.12244898,O,34601
1,4,42,Male,Control,0.469387755,O,34601
1,1,43,Female,RNAi,2.285714286,O,34601
1,3,43,Female,RNAi,2.285714286,O,34601
1,2,43,Female,RNAi,2.285714286,O,34601
1,4,43,Female,RNAi,2.285714286,O,34601
1,5,43,Female,RNAi,2,O,34601
1,4,44,Male,RNAi,1.428571429,O,34601
1,3,44,Male,RNAi,1.428571429,O,34601
1,1,44,Male,RNAi,0.857142857,O,34601
1,5,44,Male,RNAi,1.142857143,O,34601
1,2,44,Male,RNAi,0.857142857,O,34601
1,4,45,Female,Control,2.857142857,O,34601
1,1,45,Female,Control,4.285714286,O,34601
1,5,45,Female,Control,2.571428571,O,34601
1,3,45,Female,Control,3.142857143,O,34601
1,2,45,Female,Control,4.285714286,O,34601
1,1,46,Male,RNAi,1.142857143,O,34601
1,2,46,Male,RNAi,2,O,34601
1,4,46,Male,RNAi,2.285714286,O,34601
1,3,46,Male,RNAi,1.428571429,O,34601
1,5,46,Male,RNAi,2,O,34601
1,2,47,Female,RNAi,2.571428571,O,34601
1,1,47,Female,RNAi,2.571428571,O,34601
1,3,47,Female,RNAi,2.571428571,O,34601
1,4,47,Female,RNAi,2.571428571,O,34601
1,5,47,Female,RNAi,2.571428571,O,34601
1,2,48,Male,Control,1.142857143,O,34601
1,4,48,Male,Control,2.857142857,O,34601
1,3,48,Male,Control,8,O,34601
1,1,48,Male,Control,2.571428571,O,34601
1,5,48,Male,Control,1.428571429,O,34601
2,1,1,Male,RNAi,2,O,34601
2,5,1,Male,RNAi,2.571428571,O,34601
2,3,1,Male,RNAi,2.571428571,O,34601
2,2,1,Male,RNAi,2,O,34601
2,4,1,Male,RNAi,2.571428571,O,34601
2,1,2,Female,RNAi,2,O,34601
2,2,2,Female,RNAi,2,O,34601
2,3,2,Female,RNAi,2,O,34601
2,5,2,Female,RNAi,2,O,34601
2,4,2,Female,RNAi,2,O,34601
2,1,3,Female,Control,3.714285714,O,34601
2,3,3,Female,Control,2.857142857,O,34601
2,2,3,Female,Control,2.285714286,O,34601
2,4,3,Female,Control,6,O,34601
2,5,3,Female,Control,3.142857143,O,34601
2,4,4,Male,Control,1.428571429,O,34601
2,3,4,Male,Control,1.12244898,O,34601
2,1,4,Male,Control,2,O,34601
2,5,4,Male,Control,2.857142857,O,34601
2,2,4,Male,Control,0.571428571,O,34601
2,4,5,Female,Control,2.285714286,O,34601
2,1,5,Female,Control,2,O,34601
2,5,5,Female,Control,2.285714286,O,34601
2,3,5,Female,Control,3.428571429,O,34601
2,2,5,Female,Control,3.142857143,O,34601
2,1,6,Male,RNAi,3.714285714,O,34601
2,2,6,Male,RNAi,2.571428571,O,34601
2,4,6,Male,RNAi,2.571428571,O,34601
2,3,6,Male,RNAi,2.571428571,O,34601
2,5,6,Male,RNAi,2.571428571,O,34601
2,2,7,Male,Control,2,O,34601
2,1,7,Male,Control,1.714285714,O,34601
2,3,7,Male,Control,2.571428571,O,34601
2,4,7,Male,Control,2,O,34601
2,5,7,Male,Control,4.571428571,O,34601
2,2,8,Female,RNAi,6,O,34601
2,4,8,Female,RNAi,6,O,34601
2,3,8,Female,RNAi,6,O,34601
2,1,8,Female,RNAi,6,O,34601
2,5,8,Female,RNAi,6,O,34601
2,5,9,Male,Control,4.285714286,O,34601
2,4,9,Male,Control,2,O,34601
2,2,9,Male,Control,0.571428571,O,34601
2,1,9,Male,Control,1.142857143,O,34601
2,3,9,Male,Control,2,O,34601
2,5,10,Male,RNAi,2.285714286,O,34601
2,1,10,Male,RNAi,3.428571429,O,34601
2,2,10,Male,RNAi,3.142857143,O,34601
2,4,10,Male,RNAi,3.142857143,O,34601
2,3,10,Male,RNAi,3.142857143,O,34601
2,5,11,Female,Control,3.142857143,O,34601
2,2,11,Female,Control,1.142857143,O,34601
2,1,11,Female,Control,1.142857143,O,34601
2,3,11,Female,Control,1.142857143,O,34601
2,4,11,Female,Control,2.285714286,O,34601
2,3,12,Female,RNAi,6,O,34601
2,2,12,Female,RNAi,6,O,34601
2,5,12,Female,RNAi,6,O,34601
2,4,12,Female,RNAi,6,O,34601
2,1,12,Female,RNAi,4.285714286,O,34601
2,3,13,Male,RNAi,2,O,34601
2,5,13,Male,RNAi,2,O,34601
2,4,13,Male,RNAi,2,O,34601
2,2,13,Male,RNAi,3.142857143,O,34601
2,1,13,Male,RNAi,2,O,34601
2,5,14,Female,RNAi,4.571428571,O,34601
2,1,14,Female,RNAi,3.142857143,O,34601
2,3,14,Female,RNAi,4.571428571,O,34601
2,2,14,Female,RNAi,4.571428571,O,34601
2,4,14,Female,RNAi,4.571428571,O,34601
2,1,15,Male,Control,0.857142857,O,34601
2,5,15,Male,Control,0.571428571,O,34601
2,2,15,Male,Control,1.428571429,O,34601
2,3,15,Male,Control,1.714285714,O,34601
2,4,15,Male,Control,2,O,34601
2,1,16,Female,Control,1.142857143,O,34601
2,3,16,Female,Control,1.714285714,O,34601
2,2,16,Female,Control,1.142857143,O,34601
2,5,16,Female,Control,2,O,34601
2,4,16,Female,Control,3.142857143,O,34601
2,4,17,Female,RNAi,2,O,34601
2,3,17,Female,RNAi,2,O,34601
2,1,17,Female,RNAi,2,O,34601
2,5,17,Female,RNAi,2,O,34601
2,2,17,Female,RNAi,2,O,34601
2,4,18,Male,Control,4.285714286,O,34601
2,5,18,Male,Control,1.714285714,O,34601
2,1,18,Male,Control,3.714285714,O,34601
2,3,18,Male,Control,3.142857143,O,34601
2,2,18,Male,Control,3.428571429,O,34601
2,4,19,Male,RNAi,3.714285714,O,34601
2,1,19,Male,RNAi,2.571428571,O,34601
2,5,19,Male,RNAi,3.428571429,O,34601
2,2,19,Male,RNAi,2.571428571,O,34601
2,3,19,Male,RNAi,2.571428571,O,34601
2,2,20,Female,Control,8,O,34601
2,1,20,Female,Control,8,O,34601
2,4,20,Female,Control,6,O,34601
2,3,20,Female,Control,8,O,34601
2,5,20,Female,Control,8,O,34601
2,2,21,Male,RNAi,2.428571429,O,34601
2,4,21,Male,RNAi,2.428571429,O,34601
2,3,21,Male,RNAi,2.428571429,O,34601
2,1,21,Male,RNAi,2.428571429,O,34601
2,5,21,Male,RNAi,2.428571429,O,34601
2,4,22,Male,Control,4.285714286,O,34601
2,5,22,Male,Control,1.428571429,O,34601
2,2,22,Male,Control,1.714285714,O,34601
2,1,22,Male,Control,0.857142857,O,34601
2,3,22,Male,Control,1.428571429,O,34601
2,5,23,Female,Control,2.571428571,O,34601
2,4,23,Female,Control,3.428571429,O,34601
2,1,23,Female,Control,3.714285714,O,34601
2,2,23,Female,Control,4.285714286,O,34601
2,3,23,Female,Control,2.857142857,O,34601
2,5,24,Female,RNAi,3.428571429,O,34601
2,2,24,Female,RNAi,3.428571429,O,34601
2,1,24,Female,RNAi,3.428571429,O,34601
2,4,24,Female,RNAi,3.428571429,O,34601
2,3,24,Female,RNAi,3.428571429,O,34601
2,3,25,Female,Control,8,O,34601
2,2,25,Female,Control,6,O,34601
2,5,25,Female,Control,3.428571429,O,34601
2,4,25,Female,Control,1.714285714,O,34601
2,1,25,Female,Control,1.428571429,O,34601
2,3,26,Female,RNAi,3.714285714,O,34601
2,4,26,Female,RNAi,3.714285714,O,34601
2,5,26,Female,RNAi,3.714285714,O,34601
2,2,26,Female,RNAi,3.714285714,O,34601
2,1,26,Female,RNAi,3.714285714,O,34601
2,3,27,Male,RNAi,1.428571429,O,34601
2,5,27,Male,RNAi,1.428571429,O,34601
2,4,27,Male,RNAi,1.428571429,O,34601
2,1,27,Male,RNAi,1.428571429,O,34601
2,2,27,Male,RNAi,1.428571429,O,34601
2,1,28,Male,Control,1.142857143,O,34601
2,5,28,Male,Control,3.142857143,O,34601
2,3,28,Male,Control,1.714285714,O,34601
2,2,28,Male,Control,0.571428571,O,34601
2,4,28,Male,Control,1.714285714,O,34601
2,1,29,Male,Control,1.428571429,O,34601
2,3,29,Male,Control,1.714285714,O,34601
2,2,29,Male,Control,2.857142857,O,34601
2,5,29,Male,Control,2.571428571,O,34601
2,4,29,Male,Control,2.571428571,O,34601
2,3,30,Female,RNAi,2.428571429,O,34601
2,4,30,Female,RNAi,2.428571429,O,34601
2,1,30,Female,RNAi,3.734693878,O,34601
2,5,30,Female,RNAi,2.428571429,O,34601
2,2,30,Female,RNAi,3.734693878,O,34601
2,4,31,Female,Control,3.142857143,O,34601
2,3,31,Female,Control,3.714285714,O,34601
2,5,31,Female,Control,1.142857143,O,34601
2,1,31,Female,Control,2,O,34601
2,2,31,Female,Control,4.285714286,O,34601
2,4,32,Male,RNAi,3.142857143,O,34601
2,1,32,Male,RNAi,2,O,34601
2,5,32,Male,RNAi,3.142857143,O,34601
2,3,32,Male,RNAi,3.142857143,O,34601
2,2,32,Male,RNAi,3.142857143,O,34601
2,2,33,Male,RNAi,2,O,34601
2,1,33,Male,RNAi,1.428571429,O,34601
2,4,33,Male,RNAi,1.142857143,O,34601
2,3,33,Male,RNAi,1.142857143,O,34601
2,5,33,Male,RNAi,1.428571429,O,34601
2,2,34,Female,Control,3.142857143,O,34601
2,3,34,Female,Control,2.857142857,O,34601
2,4,34,Female,Control,4.571428571,O,34601
2,1,34,Female,Control,6,O,34601
2,5,34,Female,Control,8,O,34601
2,2,35,Female,RNAi,3.428571429,O,34601
2,4,35,Female,RNAi,3.428571429,O,34601
2,3,35,Female,RNAi,3.428571429,O,34601
2,5,35,Female,RNAi,3.714285714,O,34601
2,1,35,Female,RNAi,3.428571429,O,34601
2,5,36,Male,Control,3.714285714,O,34601
2,4,36,Male,Control,3.142857143,O,34601
2,2,36,Male,Control,3.428571429,O,34601
2,1,36,Male,Control,2.571428571,O,34601
2,3,36,Male,Control,2.857142857,O,34601
2,5,37,Female,RNAi,3.714285714,O,34601
2,2,37,Female,RNAi,3.714285714,O,34601
2,1,37,Female,RNAi,3.714285714,O,34601
2,4,37,Female,RNAi,3.714285714,O,34601
2,3,37,Female,RNAi,3.714285714,O,34601
2,2,38,Male,Control,2,O,34601
2,3,38,Male,Control,4.571428571,O,34601
2,5,38,Male,Control,2,O,34601
2,4,38,Male,Control,2,O,34601
2,1,38,Male,Control,1.142857143,O,34601
2,3,39,Male,RNAi,2,O,34601
2,2,39,Male,RNAi,2,O,34601
2,4,39,Male,RNAi,2,O,34601
2,5,39,Male,RNAi,2,O,34601
2,1,39,Male,RNAi,2,O,34601
2,3,40,Female,Control,6,O,34601
2,5,40,Female,Control,4.285714286,O,34601
2,4,40,Female,Control,6,O,34601
2,2,40,Female,Control,2.857142857,O,34601
2,1,40,Female,Control,2.857142857,O,34601
2,1,41,Male,Control,1.428571429,O,34601
2,5,41,Male,Control,0.571428571,O,34601
2,3,41,Male,Control,0.857142857,O,34601
2,2,41,Male,Control,1.428571429,O,34601
2,4,41,Male,Control,1.142857143,O,34601
2,1,42,Male,RNAi,4.285714286,O,34601
2,2,42,Male,RNAi,4.285714286,O,34601
2,3,42,Male,RNAi,6,O,34601
2,5,42,Male,RNAi,8,O,34601
2,4,42,Male,RNAi,6,O,34601
2,1,43,Female,RNAi,2.571428571,O,34601
2,3,43,Female,RNAi,1.142857143,O,34601
2,2,43,Female,RNAi,1.714285714,O,34601
2,4,43,Female,RNAi,2,O,34601
2,5,43,Female,RNAi,1.428571429,O,34601
2,4,44,Female,Control,8,O,34601
2,3,44,Female,Control,8,O,34601
2,1,44,Female,Control,8,O,34601
2,5,44,Female,Control,8,O,34601
2,2,44,Female,Control,8,O,34601
2,4,45,Male,RNAi,6,O,34601
2,1,45,Male,RNAi,6,O,34601
2,5,45,Male,RNAi,6,O,34601
2,3,45,Male,RNAi,6,O,34601
2,2,45,Male,RNAi,6,O,34601
2,1,46,Female,RNAi,3.142857143,O,34601
2,2,46,Female,RNAi,2.571428571,O,34601
2,4,46,Female,RNAi,3.142857143,O,34601
2,3,46,Female,RNAi,3.142857143,O,34601
2,5,46,Female,RNAi,2.571428571,O,34601
2,2,47,Female,Control,6,O,34601
2,1,47,Female,Control,2,O,34601
2,3,47,Female,Control,6,O,34601
2,4,47,Female,Control,6,O,34601
2,5,47,Female,Control,6,O,34601
2,2,48,Male,Control,2.571428571,O,34601
2,4,48,Male,Control,0.571428571,O,34601
2,3,48,Male,Control,1.428571429,O,34601
2,1,48,Male,Control,2,O,34601
2,5,48,Male,Control,0.857142857,O,34601
3,1,1,Female,Control,0.571428571,O,34601
3,5,1,Female,Control,4.285714286,O,34601
3,3,1,Female,Control,6,O,34601
3,2,1,Female,Control,3.142857143,O,34601
3,4,1,Female,Control,3.142857143,O,34601
3,1,2,Female,RNAi,1.714285714,O,34601
3,2,2,Female,RNAi,1.428571429,O,34601
3,3,2,Female,RNAi,3.142857143,O,34601
3,5,2,Female,RNAi,1.714285714,O,34601
3,4,2,Female,RNAi,2,O,34601
3,1,3,Male,RNAi,1.714285714,O,34601
3,3,3,Male,RNAi,2.571428571,O,34601
3,2,3,Male,RNAi,2,O,34601
3,4,3,Male,RNAi,2.571428571,O,34601
3,5,3,Male,RNAi,2.571428571,O,34601
3,4,4,Male,Control,1.714285714,O,34601
3,3,4,Male,Control,2,O,34601
3,1,4,Male,Control,1.142857143,O,34601
3,5,4,Male,Control,1.428571429,O,34601
3,2,4,Male,Control,2,O,34601
3,4,5,Female,Control,2,O,34601
3,1,5,Female,Control,4.571428571,O,34601
3,5,5,Female,Control,2,O,34601
3,3,5,Female,Control,3.142857143,O,34601
3,2,5,Female,Control,1.142857143,O,34601
3,1,6,Male,Control,4.285714286,O,34601
3,2,6,Male,Control,3.142857143,O,34601
3,4,6,Male,Control,2.857142857,O,34601
3,3,6,Male,Control,1.714285714,O,34601
3,5,6,Male,Control,1.142857143,O,34601
3,2,7,Female,RNAi,2,O,34601
3,1,7,Female,RNAi,2,O,34601
3,3,7,Female,RNAi,2,O,34601
3,4,7,Female,RNAi,2,O,34601
3,5,7,Female,RNAi,2,O,34601
3,2,8,Male,RNAi,1.142857143,O,34601
3,4,8,Male,RNAi,1.142857143,O,34601
3,3,8,Male,RNAi,1.142857143,O,34601
3,1,8,Male,RNAi,1.142857143,O,34601
3,5,8,Male,RNAi,1.142857143,O,34601
3,5,9,Female,Control,2.857142857,O,34601
3,4,9,Female,Control,4.571428571,O,34601
3,2,9,Female,Control,2.857142857,O,34601
3,1,9,Female,Control,8,O,34601
3,3,9,Female,Control,2.285714286,O,34601
3,5,10,Female,RNAi,8,O,34601
3,1,10,Female,RNAi,8,O,34601
3,2,10,Female,RNAi,8,O,34601
3,4,10,Female,RNAi,8,O,34601
3,3,10,Female,RNAi,8,O,34601
3,5,11,Male,Control,1.428571429,O,34601
3,2,11,Male,Control,1.142857143,O,34601
3,1,11,Male,Control,0.857142857,O,34601
3,3,11,Male,Control,0.857142857,O,34601
3,4,11,Male,Control,1.428571429,O,34601
3,3,12,Male,RNAi,4.571428571,O,34601
3,2,12,Male,RNAi,3.142857143,O,34601
3,5,12,Male,RNAi,6,O,34601
3,4,12,Male,RNAi,4.571428571,O,34601
3,1,12,Male,RNAi,2.571428571,O,34601
3,3,13,Female,RNAi,1.142857143,O,34601
3,5,13,Female,RNAi,1.428571429,O,34601
3,4,13,Female,RNAi,1.428571429,O,34601
3,2,13,Female,RNAi,1.428571429,O,34601
3,1,13,Female,RNAi,1.428571429,O,34601
3,5,14,Female,Control,1.142857143,O,34601
3,1,14,Female,Control,1.714285714,O,34601
3,3,14,Female,Control,1.428571429,O,34601
3,2,14,Female,Control,0.857142857,O,34601
3,4,14,Female,Control,1.142857143,O,34601
3,1,15,Male,RNAi,2.285714286,O,34601
3,5,15,Male,RNAi,2.571428571,O,34601
3,2,15,Male,RNAi,3.428571429,O,34601
3,3,15,Male,RNAi,2.571428571,O,34601
3,4,15,Male,RNAi,2.571428571,O,34601
3,1,16,Male,Control,3.428571429,O,34601
3,3,16,Male,Control,1.428571429,O,34601
3,2,16,Male,Control,3.714285714,O,34601
3,5,16,Male,Control,1.428571429,O,34601
3,4,16,Male,Control,4.571428571,O,34601
3,4,17,Female,Control,4.571428571,O,34601
3,3,17,Female,Control,2.571428571,O,34601
3,1,17,Female,Control,6,O,34601
3,5,17,Female,Control,4.285714286,O,34601
3,2,17,Female,Control,2,O,34601
3,4,18,Female,RNAi,3.428571429,O,34601
3,5,18,Female,RNAi,3.428571429,O,34601
3,1,18,Female,RNAi,3.428571429,O,34601
3,3,18,Female,RNAi,3.428571429,O,34601
3,2,18,Female,RNAi,3.428571429,O,34601
3,4,19,Male,RNAi,2.571428571,O,34601
3,1,19,Male,RNAi,4.571428571,O,34601
3,5,19,Male,RNAi,2.571428571,O,34601
3,2,19,Male,RNAi,4.285714286,O,34601
3,3,19,Male,RNAi,2.571428571,O,34601
3,2,20,Male,Control,1.142857143,O,34601
3,1,20,Male,Control,1.714285714,O,34601
3,4,20,Male,Control,2.857142857,O,34601
3,3,20,Male,Control,4.285714286,O,34601
3,5,20,Male,Control,3.142857143,O,34601
3,2,21,Female,Control,1.142857143,O,34601
3,4,21,Female,Control,2.857142857,O,34601
3,3,21,Female,Control,2.571428571,O,34601
3,1,21,Female,Control,2,O,34601
3,5,21,Female,Control,2,O,34601
3,4,22,Male,RNAi,4.571428571,O,34601
3,5,22,Male,RNAi,4.571428571,O,34601
3,2,22,Male,RNAi,2,O,34601
3,1,22,Male,RNAi,4.571428571,O,34601
3,3,22,Male,RNAi,3.142857143,O,34601
3,5,23,Female,RNAi,2.857142857,O,34601
3,4,23,Female,RNAi,3.142857143,O,34601
3,1,23,Female,RNAi,3.142857143,O,34601
3,2,23,Female,RNAi,3.142857143,O,34601
3,3,23,Female,RNAi,3.142857143,O,34601
3,5,24,Male,Control,1.142857143,O,34601
3,2,24,Male,Control,0.857142857,O,34601
3,1,24,Male,Control,2,O,34601
3,4,24,Male,Control,0.571428571,O,34601
3,3,24,Male,Control,0.857142857,O,34601
3,3,25,Female,RNAi,2.285714286,O,34601
3,2,25,Female,RNAi,2.285714286,O,34601
3,5,25,Female,RNAi,3.142857143,O,34601
3,4,25,Female,RNAi,3.142857143,O,34601
3,1,25,Female,RNAi,2.285714286,O,34601
3,3,26,Male,Control,1.714285714,O,34601
3,4,26,Male,Control,1.428571429,O,34601
3,5,26,Male,Control,1.142857143,O,34601
3,2,26,Male,Control,2.285714286,O,34601
3,1,26,Male,Control,2,O,34601
3,3,27,Male,RNAi,3.714285714,O,34601
3,5,27,Male,RNAi,3.714285714,O,34601
3,4,27,Male,RNAi,3.714285714,O,34601
3,1,27,Male,RNAi,3.714285714,O,34601
3,2,27,Male,RNAi,3.714285714,O,34601
3,1,28,Female,Control,1.428571429,O,34601
3,5,28,Female,Control,4.285714286,O,34601
3,3,28,Female,Control,4.571428571,O,34601
3,2,28,Female,Control,2,O,34601
3,4,28,Female,Control,4.285714286,O,34601
3,1,29,Female,RNAi,3.081632653,O,34601
3,3,29,Female,RNAi,3.081632653,O,34601
3,2,29,Female,RNAi,3.081632653,O,34601
3,5,29,Female,RNAi,3.081632653,O,34601
3,4,29,Female,RNAi,3.081632653,O,34601
3,3,30,Female,Control,1.428571429,O,34601
3,4,30,Female,Control,2,O,34601
3,1,30,Female,Control,2,O,34601
3,5,30,Female,Control,4.285714286,O,34601
3,2,30,Female,Control,2.571428571,O,34601
3,4,31,Male,Control,2,O,34601
3,3,31,Male,Control,2,O,34601
3,5,31,Male,Control,1.142857143,O,34601
3,1,31,Male,Control,1.142857143,O,34601
3,2,31,Male,Control,1.142857143,O,34601
3,4,32,Male,RNAi,3.142857143,O,34601
3,1,32,Male,RNAi,4.571428571,O,34601
3,5,32,Male,RNAi,3.142857143,O,34601
3,3,32,Male,RNAi,3.142857143,O,34601
3,2,32,Male,RNAi,3.142857143,O,34601
3,2,33,Male,RNAi,2.571428571,O,34601
3,1,33,Male,RNAi,2.571428571,O,34601
3,4,33,Male,RNAi,2.571428571,O,34601
3,3,33,Male,RNAi,2.571428571,O,34601
3,5,33,Male,RNAi,2.571428571,O,34601
3,2,34,Female,RNAi,1.428571429,O,34601
3,3,34,Female,RNAi,1.428571429,O,34601
3,4,34,Female,RNAi,1.714285714,O,34601
3,1,34,Female,RNAi,1.428571429,O,34601
3,5,34,Female,RNAi,1.714285714,O,34601
3,2,35,Male,Control,0.571428571,O,34601
3,4,35,Male,Control,4.285714286,O,34601
3,3,35,Male,Control,3.142857143,O,34601
3,5,35,Male,Control,3.142857143,O,34601
3,1,35,Male,Control,0.857142857,O,34601
3,5,36,Female,Control,1.714285714,O,34601
3,4,36,Female,Control,1.142857143,O,34601
3,2,36,Female,Control,2.857142857,O,34601
3,1,36,Female,Control,1.142857143,O,34601
3,3,36,Female,Control,2,O,34601
3,5,37,Male,Control,2.571428571,O,34601
3,2,37,Male,Control,0.857142857,O,34601
3,1,37,Male,Control,2.571428571,O,34601
3,4,37,Male,Control,4.285714286,O,34601
3,3,37,Male,Control,3.142857143,O,34601
3,2,38,Female,Control,4.571428571,O,34601
3,3,38,Female,Control,1.428571429,O,34601
3,5,38,Female,Control,2.571428571,O,34601
3,4,38,Female,Control,1.714285714,O,34601
3,1,38,Female,Control,1.714285714,O,34601
3,3,39,Female,RNAi,3.734693878,O,34601
3,2,39,Female,RNAi,3.734693878,O,34601
3,4,39,Female,RNAi,3.734693878,O,34601
3,5,39,Female,RNAi,3.734693878,O,34601
3,1,39,Female,RNAi,3.734693878,O,34601
3,3,40,Male,RNAi,3.408163265,O,34601
3,5,40,Male,RNAi,3.408163265,O,34601
3,4,40,Male,RNAi,3.408163265,O,34601
3,2,40,Male,RNAi,3.408163265,O,34601
3,1,40,Male,RNAi,3.408163265,O,34601
3,1,41,Female,RNAi,8,O,34601
3,5,41,Female,RNAi,8,O,34601
3,3,41,Female,RNAi,8,O,34601
3,2,41,Female,RNAi,8,O,34601
3,4,41,Female,RNAi,8,O,34601
3,1,42,Male,Control,1.714285714,O,34601
3,2,42,Male,Control,0.857142857,O,34601
3,3,42,Male,Control,1.142857143,O,34601
3,5,42,Male,Control,3.142857143,O,34601
3,4,42,Male,Control,2,O,34601
3,1,43,Male,RNAi,2,O,34601
3,3,43,Male,RNAi,2,O,34601
3,2,43,Male,RNAi,2,O,34601
3,4,43,Male,RNAi,2,O,34601
3,5,43,Male,RNAi,3.142857143,O,34601
3,4,44,Female,Control,1.428571429,O,34601
3,3,44,Female,Control,4.285714286,O,34601
3,1,44,Female,Control,4.571428571,O,34601
3,5,44,Female,Control,4.571428571,O,34601
3,2,44,Female,Control,1.428571429,O,34601
3,4,45,Female,Control,3.714285714,O,34601
3,1,45,Female,Control,1.142857143,O,34601
3,5,45,Female,Control,4.285714286,O,34601
3,3,45,Female,Control,2.857142857,O,34601
3,2,45,Female,Control,2,O,34601
3,1,46,Male,Control,2.571428571,O,34601
3,2,46,Male,Control,2,O,34601
3,4,46,Male,Control,2.571428571,O,34601
3,3,46,Male,Control,1.428571429,O,34601
3,5,46,Male,Control,1.428571429,O,34601
3,2,47,Female,RNAi,8,O,34601
3,1,47,Female,RNAi,8,O,34601
3,3,47,Female,RNAi,8,O,34601
3,4,47,Female,RNAi,8,O,34601
3,5,47,Female,RNAi,8,O,34601
3,2,48,Male,RNAi,1.714285714,O,34601
3,4,48,Male,RNAi,2,O,34601
3,3,48,Male,RNAi,2,O,34601
3,1,48,Male,RNAi,1.714285714,O,34601
3,5,48,Male,RNAi,2,O,34601
1,1,1,Male,RNAi,1.142857143,P,65911
1,3,1,Male,RNAi,1.714285714,P,65911
1,5,1,Male,RNAi,0.571428571,P,65911
1,2,1,Male,RNAi,0.857142857,P,65911
1,4,1,Male,RNAi,1.428571429,P,65911
1,4,2,Female,RNAi,2.571428571,P,65911
1,1,2,Female,RNAi,2.571428571,P,65911
1,5,2,Female,RNAi,3.714285714,P,65911
1,2,2,Female,RNAi,3.428571429,P,65911
1,3,2,Female,RNAi,3.714285714,P,65911
1,5,3,Female,Control,1.428571429,P,65911
1,4,3,Female,Control,2,P,65911
1,3,3,Female,Control,1.428571429,P,65911
1,2,3,Female,Control,0.285714286,P,65911
1,1,3,Female,Control,1.142857143,P,65911
1,5,4,Male,Control,2,P,65911
1,4,4,Male,Control,1.714285714,P,65911
1,3,4,Male,Control,0.857142857,P,65911
1,2,4,Male,Control,1.142857143,P,65911
1,1,4,Male,Control,1.714285714,P,65911
1,5,5,Male,Control,0.857142857,P,65911
1,4,5,Male,Control,0.571428571,P,65911
1,3,5,Male,Control,1.714285714,P,65911
1,2,5,Male,Control,1.714285714,P,65911
1,1,5,Male,Control,2,P,65911
1,3,6,Male,RNAi,2.857142857,P,65911
1,4,6,Male,RNAi,1.428571429,P,65911
1,1,6,Male,RNAi,0.857142857,P,65911
1,5,6,Male,RNAi,1.142857143,P,65911
1,2,6,Male,RNAi,0.571428571,P,65911
1,2,7,Female,RNAi,3.142857143,P,65911
1,4,7,Female,RNAi,6,P,65911
1,1,7,Female,RNAi,2.857142857,P,65911
1,3,7,Female,RNAi,6,P,65911
1,5,7,Female,RNAi,8,P,65911
1,5,8,Female,Control,2.857142857,P,65911
1,3,8,Female,Control,2.857142857,P,65911
1,2,8,Female,Control,1.714285714,P,65911
1,4,8,Female,Control,6,P,65911
1,1,8,Female,Control,2,P,65911
1,5,9,Male,RNAi,0.469387755,P,65911
1,3,9,Male,RNAi,0.795918367,P,65911
1,4,9,Male,RNAi,1.448979592,P,65911
1,1,9,Male,RNAi,1.12244898,P,65911
1,2,9,Male,RNAi,2.102040816,P,65911
1,3,10,Female,Control,6,P,65911
1,4,10,Female,Control,3.714285714,P,65911
1,1,10,Female,Control,3.714285714,P,65911
1,2,10,Female,Control,6,P,65911
1,5,10,Female,Control,4.285714286,P,65911
1,5,11,Female,RNAi,3.142857143,P,65911
1,3,11,Female,RNAi,3.142857143,P,65911
1,4,11,Female,RNAi,3.142857143,P,65911
1,1,11,Female,RNAi,2,P,65911
1,2,11,Female,RNAi,2.571428571,P,65911
1,3,12,Male,Control,2,P,65911
1,4,12,Male,Control,0.571428571,P,65911
1,1,12,Male,Control,2.571428571,P,65911
1,2,12,Male,Control,3.428571429,P,65911
1,5,12,Male,Control,0.857142857,P,65911
1,5,13,Female,Control,6,P,65911
1,3,13,Female,Control,8,P,65911
1,2,13,Female,Control,8,P,65911
1,4,13,Female,Control,8,P,65911
1,1,13,Female,Control,8,P,65911
1,5,14,Female,RNAi,4.571428571,P,65911
1,1,14,Female,RNAi,4.285714286,P,65911
1,3,14,Female,RNAi,4.571428571,P,65911
1,2,14,Female,RNAi,4.571428571,P,65911
1,4,14,Female,RNAi,4.571428571,P,65911
1,5,15,Male,Control,0.571428571,P,65911
1,4,15,Male,Control,1.714285714,P,65911
1,2,15,Male,Control,0.571428571,P,65911
1,3,15,Male,Control,2,P,65911
1,1,15,Male,Control,1.428571429,P,65911
1,3,16,Male,RNAi,0.571428571,P,65911
1,1,16,Male,RNAi,0.857142857,P,65911
1,4,16,Male,RNAi,0.571428571,P,65911
1,5,16,Male,RNAi,0.857142857,P,65911
1,2,16,Male,RNAi,1.428571429,P,65911
1,3,17,Male,Control,2.857142857,P,65911
1,1,17,Male,Control,2,P,65911
1,2,17,Male,Control,1.714285714,P,65911
1,5,17,Male,Control,0.571428571,P,65911
1,4,17,Male,Control,3.714285714,P,65911
1,3,18,Female,RNAi,4.285714286,P,65911
1,4,18,Female,RNAi,4.285714286,P,65911
1,2,18,Female,RNAi,4.285714286,P,65911
1,5,18,Female,RNAi,6,P,65911
1,1,18,Female,RNAi,2,P,65911
1,3,19,Female,Control,1.428571429,P,65911
1,4,19,Female,Control,1.428571429,P,65911
1,2,19,Female,Control,1.428571429,P,65911
1,5,19,Female,Control,1.714285714,P,65911
1,1,19,Female,Control,1.428571429,P,65911
1,5,20,Male,RNAi,3.714285714,P,65911
1,4,20,Male,RNAi,1.714285714,P,65911
1,2,20,Male,RNAi,0.571428571,P,65911
1,1,20,Male,RNAi,1.428571429,P,65911
1,3,20,Male,RNAi,1.142857143,P,65911
1,4,21,Male,RNAi,1.714285714,P,65911
1,5,21,Male,RNAi,1.142857143,P,65911
1,3,21,Male,RNAi,2.571428571,P,65911
1,2,21,Male,RNAi,1.142857143,P,65911
1,1,21,Male,RNAi,2.571428571,P,65911
1,4,22,Male,Control,1.714285714,P,65911
1,5,22,Male,Control,1.428571429,P,65911
1,3,22,Male,Control,1.142857143,P,65911
1,1,22,Male,Control,1.428571429,P,65911
1,2,22,Male,Control,0.857142857,P,65911
1,2,23,Female,Control,6,P,65911
1,5,23,Female,Control,6,P,65911
1,3,23,Female,Control,4.571428571,P,65911
1,1,23,Female,Control,1.714285714,P,65911
1,4,23,Female,Control,4.285714286,P,65911
1,2,24,Female,RNAi,7,P,65911
1,5,24,Female,RNAi,5.040816327,P,65911
1,3,24,Female,RNAi,7,P,65911
1,1,24,Female,RNAi,5.040816327,P,65911
1,4,24,Female,RNAi,7,P,65911
1,2,25,Male,RNAi,3.142857143,P,65911
1,5,25,Male,RNAi,1.428571429,P,65911
1,3,25,Male,RNAi,1.142857143,P,65911
1,1,25,Male,RNAi,1.142857143,P,65911
1,4,25,Male,RNAi,0.857142857,P,65911
1,4,26,Male,Control,1.714285714,P,65911
1,5,26,Male,Control,1.428571429,P,65911
1,3,26,Male,Control,2,P,65911
1,1,26,Male,Control,1.142857143,P,65911
1,2,26,Male,Control,1.428571429,P,65911
1,5,27,Female,RNAi,4.571428571,P,65911
1,4,27,Female,RNAi,4.571428571,P,65911
1,3,27,Female,RNAi,6,P,65911
1,1,27,Female,RNAi,3.428571429,P,65911
1,2,27,Female,RNAi,4.285714286,P,65911
1,3,28,Female,Control,6,P,65911
1,5,28,Female,Control,6,P,65911
1,4,28,Female,Control,6,P,65911
1,2,28,Female,Control,6,P,65911
1,1,28,Female,Control,4.285714286,P,65911
1,5,29,Male,RNAi,2,P,65911
1,1,29,Male,RNAi,1.142857143,P,65911
1,4,29,Male,RNAi,2.857142857,P,65911
1,2,29,Male,RNAi,1.142857143,P,65911
1,3,29,Male,RNAi,1.428571429,P,65911
1,5,30,Male,Control,2.857142857,P,65911
1,1,30,Male,Control,0.857142857,P,65911
1,4,30,Male,Control,1.714285714,P,65911
1,2,30,Male,Control,2,P,65911
1,3,30,Male,Control,2.571428571,P,65911
1,2,31,Female,RNAi,8,P,65911
1,1,31,Female,RNAi,8,P,65911
1,4,31,Female,RNAi,6,P,65911
1,5,31,Female,RNAi,8,P,65911
1,3,31,Female,RNAi,8,P,65911
1,4,32,Female,Control,3.428571429,P,65911
1,1,32,Female,Control,6,P,65911
1,2,32,Female,Control,0.571428571,P,65911
1,5,32,Female,Control,2.285714286,P,65911
1,3,32,Female,Control,4.285714286,P,65911
1,5,33,Female,RNAi,2,P,65911
1,3,33,Female,RNAi,2,P,65911
1,4,33,Female,RNAi,1.428571429,P,65911
1,2,33,Female,RNAi,2,P,65911
1,1,33,Female,RNAi,1.428571429,P,65911
1,2,34,Male,Control,0.571428571,P,65911
1,4,34,Male,Control,1.714285714,P,65911
1,3,34,Male,Control,2,P,65911
1,5,34,Male,Control,1.142857143,P,65911
1,1,34,Male,Control,1.142857143,P,65911
1,5,35,Male,RNAi,2,P,65911
1,2,35,Male,RNAi,6,P,65911
1,4,35,Male,RNAi,2,P,65911
1,3,35,Male,RNAi,3.142857143,P,65911
1,1,35,Male,RNAi,4.285714286,P,65911
1,1,36,Female,Control,4.571428571,P,65911
1,4,36,Female,Control,4.571428571,P,65911
1,5,36,Female,Control,2.571428571,P,65911
1,2,36,Female,Control,6,P,65911
1,3,36,Female,Control,4.285714286,P,65911
1,4,37,Male,Control,3.142857143,P,65911
1,5,37,Male,Control,2.571428571,P,65911
1,2,37,Male,Control,1.142857143,P,65911
1,3,37,Male,Control,2,P,65911
1,1,37,Male,Control,1.714285714,P,65911
1,1,38,Female,RNAi,6,P,65911
1,4,38,Female,RNAi,4.571428571,P,65911
1,5,38,Female,RNAi,3.428571429,P,65911
1,2,38,Female,RNAi,4.571428571,P,65911
1,3,38,Female,RNAi,3.142857143,P,65911
1,4,39,Female,Control,3.142857143,P,65911
1,5,39,Female,Control,2.285714286,P,65911
1,2,39,Female,Control,2.285714286,P,65911
1,3,39,Female,Control,3.714285714,P,65911
1,1,39,Female,Control,2,P,65911
1,5,41,Male,Control,0.571428571,P,65911
1,2,41,Male,Control,0.571428571,P,65911
1,4,41,Male,Control,0.857142857,P,65911
1,3,41,Male,Control,1.714285714,P,65911
1,1,41,Male,Control,2,P,65911
1,1,42,Female,RNAi,4.571428571,P,65911
1,3,42,Female,RNAi,4.285714286,P,65911
1,5,42,Female,RNAi,6,P,65911
1,2,42,Female,RNAi,6,P,65911
1,4,42,Female,RNAi,3.142857143,P,65911
1,4,43,Male,RNAi,5.040816327,P,65911
1,1,43,Male,RNAi,1.448979592,P,65911
1,5,43,Male,RNAi,2.428571429,P,65911
1,2,43,Male,RNAi,2.428571429,P,65911
1,3,43,Male,RNAi,2.428571429,P,65911
1,5,44,Female,Control,4.571428571,P,65911
1,4,44,Female,Control,6,P,65911
1,3,44,Female,Control,3.142857143,P,65911
1,2,44,Female,Control,4.571428571,P,65911
1,1,44,Female,Control,6,P,65911
1,5,45,Female,Control,6,P,65911
1,4,45,Female,Control,8,P,65911
1,3,45,Female,Control,8,P,65911
1,2,45,Female,Control,6,P,65911
1,1,45,Female,Control,4.571428571,P,65911
1,5,46,Female,RNAi,6,P,65911
1,4,46,Female,RNAi,6,P,65911
1,3,46,Female,RNAi,6,P,65911
1,2,46,Female,RNAi,6,P,65911
1,1,46,Female,RNAi,8,P,65911
1,3,47,Male,RNAi,6,P,65911
1,4,47,Male,RNAi,4.285714286,P,65911
1,1,47,Male,RNAi,3.142857143,P,65911
1,5,47,Male,RNAi,4.571428571,P,65911
1,2,47,Male,RNAi,3.142857143,P,65911
1,2,48,Male,Control,1.142857143,P,65911
1,4,48,Male,Control,1.142857143,P,65911
1,1,48,Male,Control,1.142857143,P,65911
1,3,48,Male,Control,1.428571429,P,65911
1,5,48,Male,Control,1.714285714,P,65911
2,1,1,Male,RNAi,1.142857143,P,65911
2,5,1,Male,RNAi,2,P,65911
2,3,1,Male,RNAi,0.571428571,P,65911
2,2,1,Male,RNAi,0.857142857,P,65911
2,4,1,Male,RNAi,0.857142857,P,65911
2,1,2,Male,Control,2,P,65911
2,2,2,Male,Control,1.142857143,P,65911
2,3,2,Male,Control,3.428571429,P,65911
2,5,2,Male,Control,1.714285714,P,65911
2,4,2,Male,Control,1.142857143,P,65911
2,1,3,Female,RNAi,3.714285714,P,65911
2,3,3,Female,RNAi,2.571428571,P,65911
2,2,3,Female,RNAi,3.142857143,P,65911
2,4,3,Female,RNAi,2.857142857,P,65911
2,5,3,Female,RNAi,4.285714286,P,65911
2,4,4,Female,Control,1.714285714,P,65911
2,3,4,Female,Control,1.714285714,P,65911
2,1,4,Female,Control,0.571428571,P,65911
2,5,4,Female,Control,2.285714286,P,65911
2,2,4,Female,Control,2,P,65911
2,4,5,Male,Control,3.142857143,P,65911
2,1,5,Male,Control,3.142857143,P,65911
2,5,5,Male,Control,1.428571429,P,65911
2,3,5,Male,Control,2.285714286,P,65911
2,2,5,Male,Control,1.428571429,P,65911
2,1,6,Male,RNAi,1.142857143,P,65911
2,2,6,Male,RNAi,0.857142857,P,65911
2,4,6,Male,RNAi,1.142857143,P,65911
2,3,6,Male,RNAi,1.428571429,P,65911
2,5,6,Male,RNAi,1.142857143,P,65911
2,2,7,Female,Control,4.571428571,P,65911
2,1,7,Female,Control,2,P,65911
2,3,7,Female,Control,4.285714286,P,65911
2,4,7,Female,Control,6,P,65911
2,5,7,Female,Control,8,P,65911
2,2,8,Female,RNAi,3.142857143,P,65911
2,4,8,Female,RNAi,6,P,65911
2,3,8,Female,RNAi,4.571428571,P,65911
2,1,8,Female,RNAi,2,P,65911
2,5,8,Female,RNAi,3.142857143,P,65911
2,5,9,Female,RNAi,1.428571429,P,65911
2,4,9,Female,RNAi,2.285714286,P,65911
2,2,9,Female,RNAi,2.571428571,P,65911
2,1,9,Female,RNAi,3.428571429,P,65911
2,3,9,Female,RNAi,2,P,65911
2,5,10,Male,Control,1.428571429,P,65911
2,1,10,Male,Control,0.285714286,P,65911
2,2,10,Male,Control,0.857142857,P,65911
2,4,10,Male,Control,0.285714286,P,65911
2,3,10,Male,Control,0.857142857,P,65911
2,5,11,Female,Control,6,P,65911
2,2,11,Female,Control,1.142857143,P,65911
2,1,11,Female,Control,1.142857143,P,65911
2,3,11,Female,Control,3.142857143,P,65911
2,4,11,Female,Control,4.285714286,P,65911
2,3,12,Male,RNAi,1.714285714,P,65911
2,2,12,Male,RNAi,1.142857143,P,65911
2,5,12,Male,RNAi,1.714285714,P,65911
2,4,12,Male,RNAi,0.857142857,P,65911
2,1,12,Male,RNAi,0.857142857,P,65911
2,3,13,Male,RNAi,1.714285714,P,65911
2,5,13,Male,RNAi,1.428571429,P,65911
2,4,13,Male,RNAi,1.428571429,P,65911
2,2,13,Male,RNAi,2.571428571,P,65911
2,1,13,Male,RNAi,2,P,65911
2,5,14,Female,Control,4.285714286,P,65911
2,1,14,Female,Control,3.714285714,P,65911
2,3,14,Female,Control,6,P,65911
2,2,14,Female,Control,2.857142857,P,65911
2,4,14,Female,Control,6,P,65911
2,1,15,Female,RNAi,2,P,65911
2,5,15,Female,RNAi,3.714285714,P,65911
2,2,15,Female,RNAi,3.714285714,P,65911
2,3,15,Female,RNAi,2,P,65911
2,4,15,Female,RNAi,6,P,65911
2,1,16,Male,Control,1.428571429,P,65911
2,3,16,Male,Control,1.428571429,P,65911
2,2,16,Male,Control,1.142857143,P,65911
2,5,16,Male,Control,0.571428571,P,65911
2,4,16,Male,Control,2,P,65911
2,4,17,Male,RNAi,1.714285714,P,65911
2,3,17,Male,RNAi,2.285714286,P,65911
2,1,17,Male,RNAi,1.142857143,P,65911
2,5,17,Male,RNAi,2,P,65911
2,2,17,Male,RNAi,0.571428571,P,65911
2,4,18,Male,Control,1.142857143,P,65911
2,5,18,Male,Control,1.142857143,P,65911
2,1,18,Male,Control,1.142857143,P,65911
2,3,18,Male,Control,1.428571429,P,65911
2,2,18,Male,Control,0.571428571,P,65911
2,4,19,Female,Control,4.285714286,P,65911
2,1,19,Female,Control,1.142857143,P,65911
2,5,19,Female,Control,1.428571429,P,65911
2,2,19,Female,Control,2.571428571,P,65911
2,3,19,Female,Control,2.571428571,P,65911
2,2,20,Female,RNAi,4.571428571,P,65911
2,1,20,Female,RNAi,6,P,65911
2,4,20,Female,RNAi,6,P,65911
2,3,20,Female,RNAi,4.571428571,P,65911
2,5,20,Female,RNAi,4.571428571,P,65911
2,2,21,Female,Control,6,P,65911
2,4,21,Female,Control,2,P,65911
2,3,21,Female,Control,3.714285714,P,65911
2,1,21,Female,Control,2.857142857,P,65911
2,5,21,Female,Control,2,P,65911
2,4,22,Female,RNAi,6,P,65911
2,5,22,Female,RNAi,3.142857143,P,65911
2,2,22,Female,RNAi,2.571428571,P,65911
2,1,22,Female,RNAi,6,P,65911
2,3,22,Female,RNAi,2.285714286,P,65911
2,5,23,Male,RNAi,1.428571429,P,65911
2,4,23,Male,RNAi,1.428571429,P,65911
2,1,23,Male,RNAi,1.428571429,P,65911
2,2,23,Male,RNAi,1.428571429,P,65911
2,3,23,Male,RNAi,2,P,65911
2,5,24,Male,Control,2,P,65911
2,2,24,Male,Control,0.285714286,P,65911
2,1,24,Male,Control,0.857142857,P,65911
2,4,24,Male,Control,1.142857143,P,65911
2,3,24,Male,Control,0.857142857,P,65911
2,3,25,Male,Control,1.428571429,P,65911
2,2,25,Male,Control,2,P,65911
2,5,25,Male,Control,2,P,65911
2,4,25,Male,Control,0.571428571,P,65911
2,1,25,Male,Control,0.857142857,P,65911
2,3,26,Female,Control,8,P,65911
2,4,26,Female,Control,6,P,65911
2,5,26,Female,Control,8,P,65911
2,2,26,Female,Control,3.142857143,P,65911
2,1,26,Female,Control,3.714285714,P,65911
2,3,27,Male,RNAi,1.142857143,P,65911
2,5,27,Male,RNAi,3.142857143,P,65911
2,4,27,Male,RNAi,1.428571429,P,65911
2,1,27,Male,RNAi,2.285714286,P,65911
2,2,27,Male,RNAi,1.428571429,P,65911
2,1,28,Female,RNAi,3.428571429,P,65911
2,5,28,Female,RNAi,4.571428571,P,65911
2,3,28,Female,RNAi,2.571428571,P,65911
2,2,28,Female,RNAi,2.571428571,P,65911
2,4,28,Female,RNAi,3.714285714,P,65911
2,1,29,Male,RNAi,1.142857143,P,65911
2,3,29,Male,RNAi,0.285714286,P,65911
2,2,29,Male,RNAi,1.142857143,P,65911
2,5,29,Male,RNAi,1.714285714,P,65911
2,4,29,Male,RNAi,1.142857143,P,65911
2,3,30,Male,Control,0.571428571,P,65911
2,4,30,Male,Control,2,P,65911
2,1,30,Male,Control,1.142857143,P,65911
2,5,30,Male,Control,1.714285714,P,65911
2,2,30,Male,Control,2.285714286,P,65911
2,4,31,Female,Control,2.571428571,P,65911
2,3,31,Female,Control,2.571428571,P,65911
2,5,31,Female,Control,2.571428571,P,65911
2,1,31,Female,Control,4.285714286,P,65911
2,2,31,Female,Control,0.857142857,P,65911
2,4,32,Female,RNAi,3.142857143,P,65911
2,1,32,Female,RNAi,4.285714286,P,65911
2,5,32,Female,RNAi,3.428571429,P,65911
2,3,32,Female,RNAi,3.142857143,P,65911
2,2,32,Female,RNAi,6,P,65911
2,2,33,Male,RNAi,2,P,65911
2,1,33,Male,RNAi,2,P,65911
2,4,33,Male,RNAi,2.857142857,P,65911
2,3,33,Male,RNAi,1.714285714,P,65911
2,5,33,Male,RNAi,2.857142857,P,65911
2,2,34,Female,RNAi,6,P,65911
2,3,34,Female,RNAi,4.285714286,P,65911
2,4,34,Female,RNAi,4.571428571,P,65911
2,1,34,Female,RNAi,3.714285714,P,65911
2,5,34,Female,RNAi,6,P,65911
2,2,35,Female,Control,0.285714286,P,65911
2,4,35,Female,Control,2,P,65911
2,3,35,Female,Control,1.428571429,P,65911
2,5,35,Female,Control,3.142857143,P,65911
2,1,35,Female,Control,2,P,65911
2,5,36,Male,Control,1.142857143,P,65911
2,4,36,Male,Control,1.428571429,P,65911
2,2,36,Male,Control,1.428571429,P,65911
2,1,36,Male,Control,2.571428571,P,65911
2,3,36,Male,Control,0.857142857,P,65911
2,5,37,Female,RNAi,4.285714286,P,65911
2,2,37,Female,RNAi,3.714285714,P,65911
2,1,37,Female,RNAi,2,P,65911
2,4,37,Female,RNAi,4.571428571,P,65911
2,3,37,Female,RNAi,3.142857143,P,65911
2,2,38,Male,Control,1.142857143,P,65911
2,3,38,Male,Control,1.714285714,P,65911
2,5,38,Male,Control,2,P,65911
2,4,38,Male,Control,1.142857143,P,65911
2,1,38,Male,Control,1.142857143,P,65911
2,3,39,Male,RNAi,2,P,65911
2,2,39,Male,RNAi,2,P,65911
2,4,39,Male,RNAi,1.142857143,P,65911
2,5,39,Male,RNAi,0.571428571,P,65911
2,1,39,Male,RNAi,1.714285714,P,65911
2,3,40,Female,Control,5.040816327,P,65911
2,5,40,Female,Control,5.040816327,P,65911
2,4,40,Female,Control,7,P,65911
2,2,40,Female,Control,2.102040816,P,65911
2,1,40,Female,Control,2.428571429,P,65911
2,1,41,Female,RNAi,6,P,65911
2,5,41,Female,RNAi,6,P,65911
2,3,41,Female,RNAi,6,P,65911
2,2,41,Female,RNAi,6,P,65911
2,4,41,Female,RNAi,4.571428571,P,65911
2,1,42,Male,RNAi,1.714285714,P,65911
2,2,42,Male,RNAi,1.428571429,P,65911
2,3,42,Male,RNAi,1.714285714,P,65911
2,5,42,Male,RNAi,0.857142857,P,65911
2,4,42,Male,RNAi,2,P,65911
2,1,43,Male,Control,0.857142857,P,65911
2,3,43,Male,Control,1.428571429,P,65911
2,2,43,Male,Control,2,P,65911
2,4,43,Male,Control,2.857142857,P,65911
2,5,43,Male,Control,1.428571429,P,65911
2,4,44,Female,Control,2,P,65911
2,3,44,Female,Control,1.714285714,P,65911
2,1,44,Female,Control,2.285714286,P,65911
2,5,44,Female,Control,3.142857143,P,65911
2,2,44,Female,Control,2,P,65911
2,4,45,Male,RNAi,1.448979592,P,65911
2,1,45,Male,RNAi,1.12244898,P,65911
2,5,45,Male,RNAi,2.102040816,P,65911
2,3,45,Male,RNAi,0.795918367,P,65911
2,2,45,Male,RNAi,0.795918367,P,65911
2,1,46,Female,Control,4.571428571,P,65911
2,2,46,Female,Control,3.714285714,P,65911
2,4,46,Female,Control,4.571428571,P,65911
2,3,46,Female,Control,3.714285714,P,65911
2,5,46,Female,Control,4.571428571,P,65911
2,2,47,Male,Control,1.142857143,P,65911
2,1,47,Male,Control,0.571428571,P,65911
2,3,47,Male,Control,0.571428571,P,65911
2,4,47,Male,Control,0.571428571,P,65911
2,5,47,Male,Control,2.571428571,P,65911
2,2,48,Female,RNAi,2.571428571,P,65911
2,4,48,Female,RNAi,3.428571429,P,65911
2,3,48,Female,RNAi,4.571428571,P,65911
2,1,48,Female,RNAi,3.714285714,P,65911
2,5,48,Female,RNAi,6,P,65911
3,1,1,Male,Control,1.142857143,P,65911
3,5,1,Male,Control,1.142857143,P,65911
3,3,1,Male,Control,2,P,65911
3,2,1,Male,Control,1.714285714,P,65911
3,4,1,Male,Control,1.714285714,P,65911
3,1,2,Male,RNAi,1.142857143,P,65911
3,2,2,Male,RNAi,1.428571429,P,65911
3,3,2,Male,RNAi,0.857142857,P,65911
3,5,2,Male,RNAi,1.428571429,P,65911
3,4,2,Male,RNAi,0.857142857,P,65911
3,1,3,Female,RNAi,2.428571429,P,65911
3,3,3,Female,RNAi,5.040816327,P,65911
3,2,3,Female,RNAi,5.040816327,P,65911
3,4,3,Female,RNAi,3.734693878,P,65911
3,5,3,Female,RNAi,3.734693878,P,65911
3,4,4,Female,Control,1.142857143,P,65911
3,3,4,Female,Control,2.857142857,P,65911
3,1,4,Female,Control,2.285714286,P,65911
3,5,4,Female,Control,1.428571429,P,65911
3,2,4,Female,Control,4.285714286,P,65911
3,4,5,Female,Control,0.857142857,P,65911
3,1,5,Female,Control,2.285714286,P,65911
3,5,5,Female,Control,1.714285714,P,65911
3,3,5,Female,Control,3.142857143,P,65911
3,2,5,Female,Control,3.142857143,P,65911
3,1,6,Male,RNAi,1.142857143,P,65911
3,2,6,Male,RNAi,3.142857143,P,65911
3,4,6,Male,RNAi,0.857142857,P,65911
3,3,6,Male,RNAi,1.714285714,P,65911
3,5,6,Male,RNAi,1.142857143,P,65911
3,2,7,Male,Control,1.142857143,P,65911
3,1,7,Male,Control,1.142857143,P,65911
3,3,7,Male,Control,2.571428571,P,65911
3,4,7,Male,Control,2,P,65911
3,5,7,Male,Control,1.714285714,P,65911
3,2,8,Female,RNAi,3.428571429,P,65911
3,4,8,Female,RNAi,3.428571429,P,65911
3,3,8,Female,RNAi,3.428571429,P,65911
3,1,8,Female,RNAi,3.428571429,P,65911
3,5,8,Female,RNAi,3.428571429,P,65911
3,5,9,Male,Control,1.428571429,P,65911
3,4,9,Male,Control,2,P,65911
3,2,9,Male,Control,0.857142857,P,65911
3,1,9,Male,Control,2,P,65911
3,3,9,Male,Control,0.571428571,P,65911
3,5,10,Female,RNAi,2,P,65911
3,1,10,Female,RNAi,0.857142857,P,65911
3,2,10,Female,RNAi,1.428571429,P,65911
3,4,10,Female,RNAi,1.428571429,P,65911
3,3,10,Female,RNAi,3.142857143,P,65911
3,5,11,Male,RNAi,2.571428571,P,65911
3,2,11,Male,RNAi,2.571428571,P,65911
3,1,11,Male,RNAi,1.142857143,P,65911
3,3,11,Male,RNAi,1.428571429,P,65911
3,4,11,Male,RNAi,2,P,65911
3,3,12,Female,Control,2,P,65911
3,2,12,Female,Control,1.142857143,P,65911
3,5,12,Female,Control,0.857142857,P,65911
3,4,12,Female,Control,0.571428571,P,65911
3,1,12,Female,Control,3.142857143,P,65911
3,3,13,Female,Control,6,P,65911
3,5,13,Female,Control,3.428571429,P,65911
3,4,13,Female,Control,2.571428571,P,65911
3,2,13,Female,Control,4.285714286,P,65911
3,1,13,Female,Control,2.571428571,P,65911
3,5,14,Female,RNAi,5.040816327,P,65911
3,1,14,Female,RNAi,5.040816327,P,65911
3,3,14,Female,RNAi,2.102040816,P,65911
3,2,14,Female,RNAi,2.102040816,P,65911
3,4,14,Female,RNAi,7,P,65911
3,1,15,Male,RNAi,2.571428571,P,65911
3,5,15,Male,RNAi,0.857142857,P,65911
3,2,15,Male,RNAi,3.142857143,P,65911
3,3,15,Male,RNAi,3.142857143,P,65911
3,4,15,Male,RNAi,1.142857143,P,65911
3,1,16,Male,Control,2.102040816,P,65911
3,3,16,Male,Control,1.775510204,P,65911
3,2,16,Male,Control,2.428571429,P,65911
3,5,16,Male,Control,0.795918367,P,65911
3,4,16,Male,Control,0.795918367,P,65911
3,4,17,Female,RNAi,3.714285714,P,65911
3,3,17,Female,RNAi,3.428571429,P,65911
3,1,17,Female,RNAi,3.714285714,P,65911
3,5,17,Female,RNAi,3.714285714,P,65911
3,2,17,Female,RNAi,3.428571429,P,65911
3,4,18,Male,RNAi,1.142857143,P,65911
3,5,18,Male,RNAi,1.428571429,P,65911
3,1,18,Male,RNAi,1.428571429,P,65911
3,3,18,Male,RNAi,0.571428571,P,65911
3,2,18,Male,RNAi,1.142857143,P,65911
3,4,19,Female,Control,3.428571429,P,65911
3,1,19,Female,Control,3.714285714,P,65911
3,5,19,Female,Control,3.714285714,P,65911
3,2,19,Female,Control,2.571428571,P,65911
3,3,19,Female,Control,2.571428571,P,65911
3,2,20,Male,Control,1.714285714,P,65911
3,1,20,Male,Control,0.285714286,P,65911
3,4,20,Male,Control,1.428571429,P,65911
3,3,20,Male,Control,1.714285714,P,65911
3,5,20,Male,Control,1.142857143,P,65911
3,2,21,Male,Control,0.857142857,P,65911
3,4,21,Male,Control,1.428571429,P,65911
3,3,21,Male,Control,1.142857143,P,65911
3,1,21,Male,Control,0.571428571,P,65911
3,5,21,Male,Control,1.142857143,P,65911
3,4,22,Female,Control,1.142857143,P,65911
3,5,22,Female,Control,4.285714286,P,65911
3,2,22,Female,Control,3.142857143,P,65911
3,1,22,Female,Control,4.285714286,P,65911
3,3,22,Female,Control,3.142857143,P,65911
3,5,23,Female,RNAi,6,P,65911
3,4,23,Female,RNAi,6,P,65911
3,1,23,Female,RNAi,3.142857143,P,65911
3,2,23,Female,RNAi,3.142857143,P,65911
3,3,23,Female,RNAi,3.142857143,P,65911
3,5,24,Male,RNAi,1.142857143,P,65911
3,2,24,Male,RNAi,2,P,65911
3,1,24,Male,RNAi,0.571428571,P,65911
3,4,24,Male,RNAi,0.285714286,P,65911
3,3,24,Male,RNAi,0.571428571,P,65911
3,3,25,Male,RNAi,0.571428571,P,65911
3,2,25,Male,RNAi,0.571428571,P,65911
3,5,25,Male,RNAi,0.857142857,P,65911
3,4,25,Male,RNAi,0.571428571,P,65911
3,1,25,Male,RNAi,1.142857143,P,65911
3,3,26,Female,RNAi,3.714285714,P,65911
3,4,26,Female,RNAi,3.142857143,P,65911
3,5,26,Female,RNAi,3.142857143,P,65911
3,2,26,Female,RNAi,2.571428571,P,65911
3,1,26,Female,RNAi,2.571428571,P,65911
3,3,27,Male,Control,1.714285714,P,65911
3,5,27,Male,Control,0.571428571,P,65911
3,4,27,Male,Control,1.428571429,P,65911
3,1,27,Male,Control,1.142857143,P,65911
3,2,27,Male,Control,0.857142857,P,65911
3,1,28,Female,Control,4.285714286,P,65911
3,5,28,Female,Control,2.571428571,P,65911
3,3,28,Female,Control,0.857142857,P,65911
3,2,28,Female,Control,3.142857143,P,65911
3,4,28,Female,Control,3.142857143,P,65911
3,1,29,Female,Control,1.142857143,P,65911
3,3,29,Female,Control,1.428571429,P,65911
3,2,29,Female,Control,3.142857143,P,65911
3,5,29,Female,Control,4.571428571,P,65911
3,4,29,Female,Control,3.142857143,P,65911
3,3,30,Female,RNAi,2,P,65911
3,4,30,Female,RNAi,2,P,65911
3,1,30,Female,RNAi,2,P,65911
3,5,30,Female,RNAi,2.571428571,P,65911
3,2,30,Female,RNAi,2,P,65911
3,4,31,Male,Control,4.571428571,P,65911
3,3,31,Male,Control,1.142857143,P,65911
3,5,31,Male,Control,1.714285714,P,65911
3,1,31,Male,Control,2,P,65911
3,2,31,Male,Control,3.428571429,P,65911
3,4,32,Male,RNAi,1.714285714,P,65911
3,1,32,Male,RNAi,1.428571429,P,65911
3,5,32,Male,RNAi,4.285714286,P,65911
3,3,32,Male,RNAi,1.714285714,P,65911
3,2,32,Male,RNAi,2,P,65911
3,2,33,Female,Control,2.571428571,P,65911
3,1,33,Female,Control,3.142857143,P,65911
3,4,33,Female,Control,2,P,65911
3,3,33,Female,Control,1.142857143,P,65911
3,5,33,Female,Control,2,P,65911
3,2,34,Female,RNAi,2,P,65911
3,3,34,Female,RNAi,2.571428571,P,65911
3,4,34,Female,RNAi,2.285714286,P,65911
3,1,34,Female,RNAi,1.714285714,P,65911
3,5,34,Female,RNAi,2,P,65911
3,2,35,Male,Control,2.102040816,P,65911
3,4,35,Male,Control,1.448979592,P,65911
3,3,35,Male,Control,0.795918367,P,65911
3,5,35,Male,Control,0.795918367,P,65911
3,1,35,Male,Control,1.12244898,P,65911
3,5,36,Male,RNAi,2,P,65911
3,4,36,Male,RNAi,2.571428571,P,65911
3,2,36,Male,RNAi,4.285714286,P,65911
3,1,36,Male,RNAi,0.857142857,P,65911
3,3,36,Male,RNAi,2.857142857,P,65911
3,5,37,Male,Control,1.142857143,P,65911
3,2,37,Male,Control,3.142857143,P,65911
3,1,37,Male,Control,1.142857143,P,65911
3,4,37,Male,Control,1.142857143,P,65911
3,3,37,Male,Control,1.714285714,P,65911
3,2,38,Female,Control,4.285714286,P,65911
3,3,38,Female,Control,4.285714286,P,65911
3,5,38,Female,Control,4.285714286,P,65911
3,4,38,Female,Control,6,P,65911
3,1,38,Female,Control,3.142857143,P,65911
3,3,39,Female,RNAi,6,P,65911
3,2,39,Female,RNAi,4.285714286,P,65911
3,4,39,Female,RNAi,4.285714286,P,65911
3,5,39,Female,RNAi,4.571428571,P,65911
3,1,39,Female,RNAi,3.428571429,P,65911
3,3,40,Male,RNAi,2.285714286,P,65911
3,5,40,Male,RNAi,2.571428571,P,65911
3,4,40,Male,RNAi,2,P,65911
3,2,40,Male,RNAi,0.857142857,P,65911
3,1,40,Male,RNAi,1.428571429,P,65911
3,1,41,Male,Control,1.428571429,P,65911
3,5,41,Male,Control,1.142857143,P,65911
3,3,41,Male,Control,1.142857143,P,65911
3,2,41,Male,Control,3.142857143,P,65911
3,4,41,Male,Control,1.428571429,P,65911
3,1,42,Female,Control,4.285714286,P,65911
3,2,42,Female,Control,8,P,65911
3,3,42,Female,Control,8,P,65911
3,5,42,Female,Control,8,P,65911
3,4,42,Female,Control,8,P,65911
3,1,43,Male,RNAi,1.448979592,P,65911
3,3,43,Male,RNAi,0.795918367,P,65911
3,2,43,Male,RNAi,1.12244898,P,65911
3,4,43,Male,RNAi,0.795918367,P,65911
3,5,43,Male,RNAi,1.12244898,P,65911
3,4,44,Female,RNAi,6,P,65911
3,3,44,Female,RNAi,6,P,65911
3,1,44,Female,RNAi,3.142857143,P,65911
3,5,44,Female,RNAi,6,P,65911
3,2,44,Female,RNAi,4.571428571,P,65911
3,4,45,Female,Control,2.285714286,P,65911
3,1,45,Female,Control,4.571428571,P,65911
3,5,45,Female,Control,3.714285714,P,65911
3,3,45,Female,Control,2.285714286,P,65911
3,2,45,Female,Control,1.428571429,P,65911
3,1,46,Female,RNAi,8,P,65911
3,2,46,Female,RNAi,8,P,65911
3,4,46,Female,RNAi,8,P,65911
3,3,46,Female,RNAi,8,P,65911
3,5,46,Female,RNAi,8,P,65911
3,2,47,Male,RNAi,2.285714286,P,65911
3,1,47,Male,RNAi,1.428571429,P,65911
3,3,47,Male,RNAi,0.857142857,P,65911
3,4,47,Male,RNAi,1.142857143,P,65911
3,5,47,Male,RNAi,1.142857143,P,65911
3,2,48,Male,Control,1.428571429,P,65911
3,4,48,Male,Control,1.428571429,P,65911
3,3,48,Male,Control,4.285714286,P,65911
3,1,48,Male,Control,1.142857143,P,65911
3,5,48,Male,Control,2,P,65911
1,1,1,Male,RNAi,2,Q,27539
1,3,1,Male,RNAi,1.428571429,Q,27539
1,5,1,Male,RNAi,6,Q,27539
1,2,1,Male,RNAi,0.571428571,Q,27539
1,4,1,Male,RNAi,2.571428571,Q,27539
1,4,3,Female,RNAi,3.142857143,Q,27539
1,1,3,Female,RNAi,2.571428571,Q,27539
1,5,3,Female,RNAi,2,Q,27539
1,2,3,Female,RNAi,2.285714286,Q,27539
1,3,3,Female,RNAi,2.285714286,Q,27539
1,5,4,Male,Control,1.448979592,Q,27539
1,4,4,Male,Control,0.469387755,Q,27539
1,3,4,Male,Control,3.081632653,Q,27539
1,2,4,Male,Control,3.408163265,Q,27539
1,1,4,Male,Control,1.12244898,Q,27539
1,5,5,Female,RNAi,4.571428571,Q,27539
1,4,5,Female,RNAi,4.571428571,Q,27539
1,3,5,Female,RNAi,4.571428571,Q,27539
1,2,5,Female,RNAi,4.285714286,Q,27539
1,1,5,Female,RNAi,4.571428571,Q,27539
1,5,6,Female,Control,3.428571429,Q,27539
1,4,6,Female,Control,3.428571429,Q,27539
1,3,6,Female,Control,3.428571429,Q,27539
1,2,6,Female,Control,2.571428571,Q,27539
1,1,6,Female,Control,4.571428571,Q,27539
1,3,7,Male,Control,1.714285714,Q,27539
1,4,7,Male,Control,4.285714286,Q,27539
1,1,7,Male,Control,1.142857143,Q,27539
1,5,7,Male,Control,2,Q,27539
1,2,7,Male,Control,1.142857143,Q,27539
1,2,8,Male,RNAi,1.142857143,Q,27539
1,4,8,Male,RNAi,1.428571429,Q,27539
1,1,8,Male,RNAi,1.428571429,Q,27539
1,3,8,Male,RNAi,1.142857143,Q,27539
1,5,8,Male,RNAi,1.142857143,Q,27539
1,5,9,Female,RNAi,6,Q,27539
1,3,9,Female,RNAi,1.714285714,Q,27539
1,2,9,Female,RNAi,2,Q,27539
1,4,9,Female,RNAi,3.142857143,Q,27539
1,1,9,Female,RNAi,3.714285714,Q,27539
1,5,10,Male,Control,2.102040816,Q,27539
1,3,10,Male,Control,0.469387755,Q,27539
1,4,10,Male,Control,1.448979592,Q,27539
1,1,10,Male,Control,1.448979592,Q,27539
1,2,10,Male,Control,1.775510204,Q,27539
1,3,11,Female,Control,2.571428571,Q,27539
1,4,11,Female,Control,6,Q,27539
1,1,11,Female,Control,2.285714286,Q,27539
1,2,11,Female,Control,3.142857143,Q,27539
1,5,11,Female,Control,2.571428571,Q,27539
1,5,12,Male,RNAi,3.142857143,Q,27539
1,3,12,Male,RNAi,0.857142857,Q,27539
1,4,12,Male,RNAi,2,Q,27539
1,1,12,Male,RNAi,2,Q,27539
1,2,12,Male,RNAi,0.857142857,Q,27539
1,3,13,Male,RNAi,1.714285714,Q,27539
1,4,13,Male,RNAi,1.714285714,Q,27539
1,1,13,Male,RNAi,1.428571429,Q,27539
1,2,13,Male,RNAi,4.285714286,Q,27539
1,5,13,Male,RNAi,1.142857143,Q,27539
1,5,14,Female,Control,8,Q,27539
1,3,14,Female,Control,3.142857143,Q,27539
1,2,14,Female,Control,2.571428571,Q,27539
1,4,14,Female,Control,4.571428571,Q,27539
1,1,14,Female,Control,1.714285714,Q,27539
1,5,15,Male,Control,1.428571429,Q,27539
1,1,15,Male,Control,2,Q,27539
1,3,15,Male,Control,6,Q,27539
1,2,15,Male,Control,2,Q,27539
1,4,15,Male,Control,1.714285714,Q,27539
1,5,16,Female,RNAi,6,Q,27539
1,4,16,Female,RNAi,6,Q,27539
1,2,16,Female,RNAi,4.285714286,Q,27539
1,3,16,Female,RNAi,3.142857143,Q,27539
1,1,16,Female,RNAi,2.857142857,Q,27539
1,3,17,Female,Control,4.285714286,Q,27539
1,1,17,Female,Control,4.571428571,Q,27539
1,4,17,Female,Control,3.142857143,Q,27539
1,5,17,Female,Control,4.285714286,Q,27539
1,2,17,Female,Control,4.285714286,Q,27539
1,3,18,Female,RNAi,3.142857143,Q,27539
1,1,18,Female,RNAi,4.285714286,Q,27539
1,2,18,Female,RNAi,4.285714286,Q,27539
1,5,18,Female,RNAi,6,Q,27539
1,4,18,Female,RNAi,4.285714286,Q,27539
1,3,19,Male,RNAi,3.142857143,Q,27539
1,4,19,Male,RNAi,2,Q,27539
1,2,19,Male,RNAi,2,Q,27539
1,5,19,Male,RNAi,2,Q,27539
1,1,19,Male,RNAi,1.142857143,Q,27539
1,3,20,Male,Control,3.142857143,Q,27539
1,4,20,Male,Control,1.142857143,Q,27539
1,2,20,Male,Control,4.285714286,Q,27539
1,5,20,Male,Control,4.285714286,Q,27539
1,1,20,Male,Control,2.571428571,Q,27539
1,5,21,Male,RNAi,2,Q,27539
1,4,21,Male,RNAi,1.142857143,Q,27539
1,2,21,Male,RNAi,1.714285714,Q,27539
1,1,21,Male,RNAi,1.142857143,Q,27539
1,3,21,Male,RNAi,3.142857143,Q,27539
1,4,22,Female,Control,2,Q,27539
1,5,22,Female,Control,2.285714286,Q,27539
1,3,22,Female,Control,2.571428571,Q,27539
1,2,22,Female,Control,3.142857143,Q,27539
1,1,22,Female,Control,4.285714286,Q,27539
1,4,23,Male,Control,2.285714286,Q,27539
1,5,23,Male,Control,2.285714286,Q,27539
1,3,23,Male,Control,2.857142857,Q,27539
1,1,23,Male,Control,2,Q,27539
1,2,23,Male,Control,2.857142857,Q,27539
1,2,24,Female,RNAi,6,Q,27539
1,5,24,Female,RNAi,6,Q,27539
1,3,24,Female,RNAi,4.285714286,Q,27539
1,1,24,Female,RNAi,2,Q,27539
1,4,24,Female,RNAi,4.285714286,Q,27539
1,2,25,Female,RNAi,8,Q,27539
1,5,25,Female,RNAi,6,Q,27539
1,3,25,Female,RNAi,6,Q,27539
1,1,25,Female,RNAi,8,Q,27539
1,4,25,Female,RNAi,6,Q,27539
1,2,26,Female,Control,3.714285714,Q,27539
1,5,26,Female,Control,3.714285714,Q,27539
1,3,26,Female,Control,3.714285714,Q,27539
1,1,26,Female,Control,3.142857143,Q,27539
1,4,26,Female,Control,2.571428571,Q,27539
1,4,27,Male,Control,1.142857143,Q,27539
1,5,27,Male,Control,2.857142857,Q,27539
1,3,27,Male,Control,1.142857143,Q,27539
1,1,27,Male,Control,4.285714286,Q,27539
1,2,27,Male,Control,3.142857143,Q,27539
1,5,28,Male,RNAi,2,Q,27539
1,4,28,Male,RNAi,0.857142857,Q,27539
1,3,28,Male,RNAi,3.428571429,Q,27539
1,1,28,Male,RNAi,1.714285714,Q,27539
1,2,28,Male,RNAi,2.857142857,Q,27539
1,3,29,Female,RNAi,6,Q,27539
1,5,29,Female,RNAi,3.142857143,Q,27539
1,4,29,Female,RNAi,4.285714286,Q,27539
1,2,29,Female,RNAi,4.285714286,Q,27539
1,1,29,Female,RNAi,4.285714286,Q,27539
1,5,30,Male,RNAi,2.102040816,Q,27539
1,1,30,Male,RNAi,1.448979592,Q,27539
1,4,30,Male,RNAi,3.408163265,Q,27539
1,2,30,Male,RNAi,1.12244898,Q,27539
1,3,30,Male,RNAi,0.795918367,Q,27539
1,5,31,Male,Control,1.448979592,Q,27539
1,1,31,Male,Control,2.102040816,Q,27539
1,4,31,Male,Control,1.448979592,Q,27539
1,2,31,Male,Control,2.102040816,Q,27539
1,3,31,Male,Control,2.102040816,Q,27539
1,2,32,Female,Control,2,Q,27539
1,1,32,Female,Control,3.714285714,Q,27539
1,4,32,Female,Control,1.714285714,Q,27539
1,5,32,Female,Control,2.571428571,Q,27539
1,3,32,Female,Control,2,Q,27539
1,4,33,Female,Control,8,Q,27539
1,1,33,Female,Control,6,Q,27539
1,2,33,Female,Control,8,Q,27539
1,5,33,Female,Control,8,Q,27539
1,3,33,Female,Control,6,Q,27539
1,5,34,Male,Control,0.857142857,Q,27539
1,3,34,Male,Control,1.142857143,Q,27539
1,4,34,Male,Control,0.571428571,Q,27539
1,2,34,Male,Control,2,Q,27539
1,1,34,Male,Control,1.142857143,Q,27539
1,2,35,Male,RNAi,4.285714286,Q,27539
1,4,35,Male,RNAi,4.285714286,Q,27539
1,3,35,Male,RNAi,6,Q,27539
1,5,35,Male,RNAi,6,Q,27539
1,1,35,Male,RNAi,6,Q,27539
1,5,36,Female,RNAi,2.571428571,Q,27539
1,2,36,Female,RNAi,2.571428571,Q,27539
1,4,36,Female,RNAi,2.571428571,Q,27539
1,3,36,Female,RNAi,2,Q,27539
1,1,36,Female,RNAi,3.714285714,Q,27539
1,1,37,Male,RNAi,1.428571429,Q,27539
1,4,37,Male,RNAi,0.857142857,Q,27539
1,5,37,Male,RNAi,1.428571429,Q,27539
1,2,37,Male,RNAi,6,Q,27539
1,3,37,Male,RNAi,2.857142857,Q,27539
1,4,38,Female,RNAi,4.285714286,Q,27539
1,5,38,Female,RNAi,3.714285714,Q,27539
1,2,38,Female,RNAi,6,Q,27539
1,3,38,Female,RNAi,4.285714286,Q,27539
1,1,38,Female,RNAi,4.285714286,Q,27539
1,1,39,Male,Control,2,Q,27539
1,4,39,Male,Control,1.714285714,Q,27539
1,5,39,Male,Control,0.857142857,Q,27539
1,2,39,Male,Control,1.714285714,Q,27539
1,3,39,Male,Control,1.714285714,Q,27539
1,4,40,Female,Control,3.714285714,Q,27539
1,5,40,Female,Control,3.714285714,Q,27539
1,2,40,Female,Control,3.714285714,Q,27539
1,3,40,Female,Control,3.714285714,Q,27539
1,1,40,Female,Control,3.714285714,Q,27539
1,5,41,Male,Control,4.571428571,Q,27539
1,2,41,Male,Control,3.714285714,Q,27539
1,4,41,Male,Control,2.857142857,Q,27539
1,3,41,Male,Control,2.857142857,Q,27539
1,1,41,Male,Control,3.142857143,Q,27539
1,1,42,Female,Control,2,Q,27539
1,3,42,Female,Control,1.428571429,Q,27539
1,5,42,Female,Control,2.571428571,Q,27539
1,2,42,Female,Control,1.714285714,Q,27539
1,4,42,Female,Control,0.857142857,Q,27539
1,4,43,Female,RNAi,3.714285714,Q,27539
1,1,43,Female,RNAi,2.285714286,Q,27539
1,5,43,Female,RNAi,3.714285714,Q,27539
1,2,43,Female,RNAi,2,Q,27539
1,3,43,Female,RNAi,2.571428571,Q,27539
1,5,44,Male,RNAi,2.857142857,Q,27539
1,4,44,Male,RNAi,1.714285714,Q,27539
1,3,44,Male,RNAi,1.428571429,Q,27539
1,2,44,Male,RNAi,2,Q,27539
1,1,44,Male,RNAi,4.285714286,Q,27539
1,5,45,Female,RNAi,2,Q,27539
1,4,45,Female,RNAi,3.142857143,Q,27539
1,3,45,Female,RNAi,2,Q,27539
1,2,45,Female,RNAi,3.714285714,Q,27539
1,1,45,Female,RNAi,4.285714286,Q,27539
1,5,46,Male,Control,2,Q,27539
1,4,46,Male,Control,2.571428571,Q,27539
1,3,46,Male,Control,2.857142857,Q,27539
1,2,46,Male,Control,3.714285714,Q,27539
1,1,46,Male,Control,1.428571429,Q,27539
1,3,47,Female,Control,2,Q,27539
1,4,47,Female,Control,1.428571429,Q,27539
1,1,47,Female,Control,3.428571429,Q,27539
1,5,47,Female,Control,2.571428571,Q,27539
1,2,47,Female,Control,1.714285714,Q,27539
1,2,48,Male,RNAi,2,Q,27539
1,4,48,Male,RNAi,2,Q,27539
1,1,48,Male,RNAi,2.285714286,Q,27539
1,3,48,Male,RNAi,1.714285714,Q,27539
1,5,48,Male,RNAi,2.571428571,Q,27539
2,1,1,Male,RNAi,2,Q,27539
2,3,1,Male,RNAi,2.571428571,Q,27539
2,5,1,Male,RNAi,2.857142857,Q,27539
2,2,1,Male,RNAi,0.285714286,Q,27539
2,4,1,Male,RNAi,1.714285714,Q,27539
2,4,2,Female,Control,6,Q,27539
2,1,2,Female,Control,1.428571429,Q,27539
2,5,2,Female,Control,8,Q,27539
2,2,2,Female,Control,8,Q,27539
2,3,2,Female,Control,8,Q,27539
2,5,3,Male,Control,0.857142857,Q,27539
2,4,3,Male,Control,1.714285714,Q,27539
2,3,3,Male,Control,1.142857143,Q,27539
2,2,3,Male,Control,2.857142857,Q,27539
2,1,3,Male,Control,2,Q,27539
2,5,4,Female,RNAi,3.081632653,Q,27539
2,4,4,Female,RNAi,3.081632653,Q,27539
2,3,4,Female,RNAi,3.081632653,Q,27539
2,2,4,Female,RNAi,2.428571429,Q,27539
2,1,4,Female,RNAi,3.408163265,Q,27539
2,5,5,Male,RNAi,1.714285714,Q,27539
2,4,5,Male,RNAi,2,Q,27539
2,3,5,Male,RNAi,2.571428571,Q,27539
2,2,5,Male,RNAi,2.571428571,Q,27539
2,1,5,Male,RNAi,1.142857143,Q,27539
2,3,6,Male,Control,0.469387755,Q,27539
2,4,6,Male,Control,1.12244898,Q,27539
2,1,6,Male,Control,0.795918367,Q,27539
2,5,6,Male,Control,3.408163265,Q,27539
2,2,6,Male,Control,1.448979592,Q,27539
2,2,7,Female,Control,1.428571429,Q,27539
2,4,7,Female,Control,1.714285714,Q,27539
2,1,7,Female,Control,2,Q,27539
2,3,7,Female,Control,0.571428571,Q,27539
2,5,7,Female,Control,1.142857143,Q,27539
2,5,8,Female,RNAi,2,Q,27539
2,3,8,Female,RNAi,1.428571429,Q,27539
2,2,8,Female,RNAi,2.571428571,Q,27539
2,4,8,Female,RNAi,2,Q,27539
2,1,8,Female,RNAi,1.714285714,Q,27539
2,5,9,Female,Control,6,Q,27539
2,3,9,Female,Control,6,Q,27539
2,4,9,Female,Control,8,Q,27539
2,1,9,Female,Control,2.285714286,Q,27539
2,2,9,Female,Control,3.142857143,Q,27539
2,3,10,Male,Control,3.428571429,Q,27539
2,4,10,Male,Control,6,Q,27539
2,1,10,Male,Control,1.142857143,Q,27539
2,2,10,Male,Control,2.285714286,Q,27539
2,5,10,Male,Control,3.428571429,Q,27539
2,5,11,Male,RNAi,4.285714286,Q,27539
2,3,11,Male,RNAi,1.714285714,Q,27539
2,4,11,Male,RNAi,3.142857143,Q,27539
2,1,11,Male,RNAi,2,Q,27539
2,2,11,Male,RNAi,1.142857143,Q,27539
2,3,12,Female,RNAi,2,Q,27539
2,4,12,Female,RNAi,4.285714286,Q,27539
2,1,12,Female,RNAi,2.285714286,Q,27539
2,2,12,Female,RNAi,0.857142857,Q,27539
2,5,12,Female,RNAi,3.714285714,Q,27539
2,5,13,Male,Control,1.142857143,Q,27539
2,3,13,Male,Control,1.142857143,Q,27539
2,2,13,Male,Control,0.857142857,Q,27539
2,4,13,Male,Control,3.142857143,Q,27539
2,1,13,Male,Control,0.857142857,Q,27539
2,5,14,Female,Control,2.285714286,Q,27539
2,1,14,Female,Control,2.571428571,Q,27539
2,3,14,Female,Control,6,Q,27539
2,2,14,Female,Control,1.714285714,Q,27539
2,4,14,Female,Control,3.714285714,Q,27539
2,5,15,Female,RNAi,3.714285714,Q,27539
2,4,15,Female,RNAi,3.142857143,Q,27539
2,2,15,Female,RNAi,2.571428571,Q,27539
2,3,15,Female,RNAi,3.714285714,Q,27539
2,1,15,Female,RNAi,1.428571429,Q,27539
2,3,16,Male,RNAi,1.714285714,Q,27539
2,1,16,Male,RNAi,0.571428571,Q,27539
2,4,16,Male,RNAi,2,Q,27539
2,5,16,Male,RNAi,1.714285714,Q,27539
2,2,16,Male,RNAi,0.571428571,Q,27539
2,3,17,Male,RNAi,3.428571429,Q,27539
2,1,17,Male,RNAi,3.142857143,Q,27539
2,2,17,Male,RNAi,2.571428571,Q,27539
2,5,17,Male,RNAi,1.428571429,Q,27539
2,4,17,Male,RNAi,2.571428571,Q,27539
2,3,18,Female,Control,3.714285714,Q,27539
2,4,18,Female,Control,3.714285714,Q,27539
2,2,18,Female,Control,4.571428571,Q,27539
2,5,18,Female,Control,2.285714286,Q,27539
2,1,18,Female,Control,2.571428571,Q,27539
2,3,19,Female,RNAi,8,Q,27539
2,4,19,Female,RNAi,8,Q,27539
2,2,19,Female,RNAi,2.857142857,Q,27539
2,5,19,Female,RNAi,8,Q,27539
2,1,19,Female,RNAi,1.142857143,Q,27539
2,5,20,Male,Control,1.714285714,Q,27539
2,4,20,Male,Control,1.714285714,Q,27539
2,2,20,Male,Control,1.142857143,Q,27539
2,1,20,Male,Control,4.285714286,Q,27539
2,3,20,Male,Control,1.142857143,Q,27539
2,4,21,Male,Control,1.142857143,Q,27539
2,5,21,Male,Control,0.857142857,Q,27539
2,3,21,Male,Control,2,Q,27539
2,2,21,Male,Control,2.571428571,Q,27539
2,1,21,Male,Control,3.142857143,Q,27539
2,4,22,Male,RNAi,4.285714286,Q,27539
2,5,22,Male,RNAi,1.428571429,Q,27539
2,3,22,Male,RNAi,2,Q,27539
2,1,22,Male,RNAi,1.428571429,Q,27539
2,2,22,Male,RNAi,3.142857143,Q,27539
2,2,24,Female,RNAi,3.408163265,Q,27539
2,5,24,Female,RNAi,5.040816327,Q,27539
2,3,24,Female,RNAi,1.448979592,Q,27539
2,1,24,Female,RNAi,0.857142857,Q,27539
2,4,24,Female,RNAi,5.040816327,Q,27539
2,2,25,Female,RNAi,3.142857143,Q,27539
2,5,25,Female,RNAi,3.714285714,Q,27539
2,3,25,Female,RNAi,3.714285714,Q,27539
2,1,25,Female,RNAi,1.714285714,Q,27539
2,4,25,Female,RNAi,3.714285714,Q,27539
2,2,26,Male,Control,1.714285714,Q,27539
2,5,26,Male,Control,3.714285714,Q,27539
2,3,26,Male,Control,3.714285714,Q,27539
2,1,26,Male,Control,1.142857143,Q,27539
2,4,26,Male,Control,3.714285714,Q,27539
2,4,27,Male,RNAi,1.428571429,Q,27539
2,5,27,Male,RNAi,3.714285714,Q,27539
2,3,27,Male,RNAi,4.285714286,Q,27539
2,1,27,Male,RNAi,1.428571429,Q,27539
2,2,27,Male,RNAi,2.571428571,Q,27539
2,5,28,Female,Control,6,Q,27539
2,4,28,Female,Control,6,Q,27539
2,3,28,Female,Control,6,Q,27539
2,1,28,Female,Control,3.142857143,Q,27539
2,2,28,Female,Control,6,Q,27539
2,3,29,Female,Control,6,Q,27539
2,5,29,Female,Control,6,Q,27539
2,4,29,Female,Control,6,Q,27539
2,2,29,Female,Control,6,Q,27539
2,1,29,Female,Control,4.285714286,Q,27539
2,5,30,Female,RNAi,8,Q,27539
2,1,30,Female,RNAi,1.714285714,Q,27539
2,4,30,Female,RNAi,8,Q,27539
2,2,30,Female,RNAi,4.571428571,Q,27539
2,3,30,Female,RNAi,8,Q,27539
2,5,31,Male,RNAi,6,Q,27539
2,1,31,Male,RNAi,2,Q,27539
2,4,31,Male,RNAi,2.571428571,Q,27539
2,2,31,Male,RNAi,2.857142857,Q,27539
2,3,31,Male,RNAi,2.571428571,Q,27539
2,2,32,Male,Control,4.285714286,Q,27539
2,1,32,Male,Control,2.857142857,Q,27539
2,4,32,Male,Control,3.142857143,Q,27539
2,5,32,Male,Control,4.285714286,Q,27539
2,3,32,Male,Control,3.142857143,Q,27539
2,4,33,Female,Control,2.571428571,Q,27539
2,1,33,Female,Control,2,Q,27539
2,2,33,Female,Control,2,Q,27539
2,5,33,Female,Control,2.571428571,Q,27539
2,3,33,Female,Control,3.714285714,Q,27539
2,5,34,Male,Control,6,Q,27539
2,3,34,Male,Control,2,Q,27539
2,4,34,Male,Control,6,Q,27539
2,2,34,Male,Control,2.857142857,Q,27539
2,1,34,Male,Control,0.857142857,Q,27539
2,2,35,Female,RNAi,6,Q,27539
2,4,35,Female,RNAi,8,Q,27539
2,3,35,Female,RNAi,8,Q,27539
2,5,35,Female,RNAi,8,Q,27539
2,1,35,Female,RNAi,2.857142857,Q,27539
2,5,36,Male,RNAi,2,Q,27539
2,2,36,Male,RNAi,2.571428571,Q,27539
2,4,36,Male,RNAi,1.142857143,Q,27539
2,3,36,Male,RNAi,3.142857143,Q,27539
2,1,36,Male,RNAi,0.857142857,Q,27539
2,1,37,Female,Control,2.857142857,Q,27539
2,4,37,Female,Control,4.571428571,Q,27539
2,5,37,Female,Control,4.285714286,Q,27539
2,2,37,Female,Control,6,Q,27539
2,3,37,Female,Control,3.142857143,Q,27539
2,4,38,Female,RNAi,8,Q,27539
2,5,38,Female,RNAi,8,Q,27539
2,2,38,Female,RNAi,6,Q,27539
2,3,38,Female,RNAi,8,Q,27539
2,1,38,Female,RNAi,1.142857143,Q,27539
2,1,39,Male,Control,0.857142857,Q,27539
2,4,39,Male,Control,1.142857143,Q,27539
2,5,39,Male,Control,2.571428571,Q,27539
2,2,39,Male,Control,3.142857143,Q,27539
2,3,39,Male,Control,2.571428571,Q,27539
2,4,40,Male,RNAi,2.571428571,Q,27539
2,5,40,Male,RNAi,3.142857143,Q,27539
2,2,40,Male,RNAi,2,Q,27539
2,3,40,Male,RNAi,2.857142857,Q,27539
2,1,40,Male,RNAi,2,Q,27539
2,5,41,Female,RNAi,3.714285714,Q,27539
2,2,41,Female,RNAi,4.571428571,Q,27539
2,4,41,Female,RNAi,4.571428571,Q,27539
2,3,41,Female,RNAi,4.285714286,Q,27539
2,1,41,Female,RNAi,1.714285714,Q,27539
2,1,42,Female,Control,1.428571429,Q,27539
2,3,42,Female,Control,6,Q,27539
2,5,42,Female,Control,6,Q,27539
2,2,42,Female,Control,2.857142857,Q,27539
2,4,42,Female,Control,4.285714286,Q,27539
2,4,43,Male,Control,6,Q,27539
2,1,43,Male,Control,0.571428571,Q,27539
2,5,43,Male,Control,4.285714286,Q,27539
2,2,43,Male,Control,1.142857143,Q,27539
2,3,43,Male,Control,2,Q,27539
2,5,44,Male,RNAi,3.142857143,Q,27539
2,4,44,Male,RNAi,3.714285714,Q,27539
2,3,44,Male,RNAi,3.714285714,Q,27539
2,2,44,Male,RNAi,2.571428571,Q,27539
2,1,44,Male,RNAi,1.714285714,Q,27539
2,5,45,Male,Control,1.428571429,Q,27539
2,4,45,Male,Control,1.714285714,Q,27539
2,3,45,Male,Control,1.142857143,Q,27539
2,2,45,Male,Control,3.428571429,Q,27539
2,1,45,Male,Control,2.571428571,Q,27539
2,5,46,Female,RNAi,8,Q,27539
2,4,46,Female,RNAi,8,Q,27539
2,3,46,Female,RNAi,8,Q,27539
2,2,46,Female,RNAi,6,Q,27539
2,1,46,Female,RNAi,2,Q,27539
2,3,47,Male,RNAi,6,Q,27539
2,4,47,Male,RNAi,6,Q,27539
2,1,47,Male,RNAi,8,Q,27539
2,5,47,Male,RNAi,6,Q,27539
2,2,47,Male,RNAi,6,Q,27539
2,2,48,Female,Control,0.857142857,Q,27539
2,4,48,Female,Control,1.714285714,Q,27539
2,1,48,Female,Control,1.428571429,Q,27539
2,3,48,Female,Control,2,Q,27539
2,5,48,Female,Control,2,Q,27539
3,1,1,Male,RNAi,1.428571429,Q,27539
3,3,1,Male,RNAi,2.285714286,Q,27539
3,5,1,Male,RNAi,3.142857143,Q,27539
3,2,1,Male,RNAi,0.857142857,Q,27539
3,4,1,Male,RNAi,6,Q,27539
3,4,2,Male,Control,1.142857143,Q,27539
3,1,2,Male,Control,1.142857143,Q,27539
3,5,2,Male,Control,0.571428571,Q,27539
3,2,2,Male,Control,1.714285714,Q,27539
3,3,2,Male,Control,0.857142857,Q,27539
3,5,3,Female,Control,3.714285714,Q,27539
3,4,3,Female,Control,3.142857143,Q,27539
3,3,3,Female,Control,3.142857143,Q,27539
3,2,3,Female,Control,2,Q,27539
3,1,3,Female,Control,3.142857143,Q,27539
3,5,4,Female,RNAi,6,Q,27539
3,4,4,Female,RNAi,6,Q,27539
3,3,4,Female,RNAi,3.142857143,Q,27539
3,2,4,Female,RNAi,3.142857143,Q,27539
3,1,4,Female,RNAi,4.285714286,Q,27539
3,5,5,Female,Control,3.428571429,Q,27539
3,4,5,Female,Control,2.571428571,Q,27539
3,3,5,Female,Control,3.714285714,Q,27539
3,2,5,Female,Control,2,Q,27539
3,1,5,Female,Control,2,Q,27539
3,3,6,Male,Control,6,Q,27539
3,4,6,Male,Control,3.714285714,Q,27539
3,1,6,Male,Control,3.142857143,Q,27539
3,5,6,Male,Control,1.428571429,Q,27539
3,2,6,Male,Control,1.142857143,Q,27539
3,2,7,Female,RNAi,1.428571429,Q,27539
3,4,7,Female,RNAi,2,Q,27539
3,1,7,Female,RNAi,1.142857143,Q,27539
3,3,7,Female,RNAi,3.142857143,Q,27539
3,5,7,Female,RNAi,3.428571429,Q,27539
3,5,8,Male,RNAi,1.142857143,Q,27539
3,3,8,Male,RNAi,1.142857143,Q,27539
3,2,8,Male,RNAi,1.142857143,Q,27539
3,4,8,Male,RNAi,2,Q,27539
3,1,8,Male,RNAi,2.857142857,Q,27539
3,5,9,Male,RNAi,2,Q,27539
3,3,9,Male,RNAi,2.857142857,Q,27539
3,4,9,Male,RNAi,4.571428571,Q,27539
3,1,9,Male,RNAi,0.857142857,Q,27539
3,2,9,Male,RNAi,1.142857143,Q,27539
3,3,10,Male,Control,4.285714286,Q,27539
3,4,10,Male,Control,2,Q,27539
3,1,10,Male,Control,2.285714286,Q,27539
3,2,10,Male,Control,4.285714286,Q,27539
3,5,10,Male,Control,1.428571429,Q,27539
3,5,11,Female,RNAi,4.571428571,Q,27539
3,3,11,Female,RNAi,4.571428571,Q,27539
3,4,11,Female,RNAi,4.571428571,Q,27539
3,1,11,Female,RNAi,4.285714286,Q,27539
3,2,11,Female,RNAi,6,Q,27539
3,3,12,Female,Control,4.571428571,Q,27539
3,4,12,Female,Control,3.142857143,Q,27539
3,1,12,Female,Control,8,Q,27539
3,2,12,Female,Control,2.857142857,Q,27539
3,5,12,Female,Control,6,Q,27539
3,5,13,Male,RNAi,8,Q,27539
3,3,13,Male,RNAi,4.571428571,Q,27539
3,2,13,Male,RNAi,2,Q,27539
3,4,13,Male,RNAi,6,Q,27539
3,1,13,Male,RNAi,2.285714286,Q,27539
3,5,14,Female,Control,4.571428571,Q,27539
3,1,14,Female,Control,2,Q,27539
3,3,14,Female,Control,3.142857143,Q,27539
3,2,14,Female,Control,3.142857143,Q,27539
3,4,14,Female,Control,6,Q,27539
3,5,15,Male,Control,0.469387755,Q,27539
3,4,15,Male,Control,3.081632653,Q,27539
3,2,15,Male,Control,0.795918367,Q,27539
3,3,15,Male,Control,2.102040816,Q,27539
3,1,15,Male,Control,1.775510204,Q,27539
3,3,16,Female,RNAi,6,Q,27539
3,1,16,Female,RNAi,4.285714286,Q,27539
3,4,16,Female,RNAi,4.285714286,Q,27539
3,5,16,Female,RNAi,4.285714286,Q,27539
3,2,16,Female,RNAi,3.714285714,Q,27539
3,3,17,Female,Control,3.428571429,Q,27539
3,1,17,Female,Control,2.285714286,Q,27539
3,2,17,Female,Control,1.714285714,Q,27539
3,5,17,Female,Control,2.571428571,Q,27539
3,4,17,Female,Control,3.428571429,Q,27539
3,3,18,Female,RNAi,2.285714286,Q,27539
3,4,18,Female,RNAi,1.428571429,Q,27539
3,2,18,Female,RNAi,1.142857143,Q,27539
3,5,18,Female,RNAi,3.142857143,Q,27539
3,1,18,Female,RNAi,0.285714286,Q,27539
3,3,20,Male,Control,0.857142857,Q,27539
3,4,20,Male,Control,6,Q,27539
3,2,20,Male,Control,0.571428571,Q,27539
3,5,20,Male,Control,6,Q,27539
3,1,20,Male,Control,1.714285714,Q,27539
3,5,21,Male,RNAi,4.285714286,Q,27539
3,4,21,Male,RNAi,4.571428571,Q,27539
3,2,21,Male,RNAi,2.857142857,Q,27539
3,1,21,Male,RNAi,0.571428571,Q,27539
3,3,21,Male,RNAi,0.857142857,Q,27539
3,4,22,Male,Control,1.142857143,Q,27539
3,5,22,Male,Control,2.571428571,Q,27539
3,3,22,Male,Control,0.857142857,Q,27539
3,2,22,Male,Control,0.285714286,Q,27539
3,1,22,Male,Control,2,Q,27539
3,4,23,Female,RNAi,6,Q,27539
3,5,23,Female,RNAi,4.285714286,Q,27539
3,3,23,Female,RNAi,4.571428571,Q,27539
3,1,23,Female,RNAi,2.857142857,Q,27539
3,2,23,Female,RNAi,6,Q,27539
3,2,24,Female,Control,2.102040816,Q,27539
3,5,24,Female,Control,5.040816327,Q,27539
3,3,24,Female,Control,3.081632653,Q,27539
3,1,24,Female,Control,1.12244898,Q,27539
3,4,24,Female,Control,7,Q,27539
3,2,25,Female,RNAi,1.142857143,Q,27539
3,5,25,Female,RNAi,8,Q,27539
3,3,25,Female,RNAi,2,Q,27539
3,1,25,Female,RNAi,1.142857143,Q,27539
3,4,25,Female,RNAi,2.571428571,Q,27539
3,2,26,Male,RNAi,0.857142857,Q,27539
3,5,26,Male,RNAi,0.571428571,Q,27539
3,3,26,Male,RNAi,0.285714286,Q,27539
3,1,26,Male,RNAi,0.857142857,Q,27539
3,4,26,Male,RNAi,3.428571429,Q,27539
3,4,27,Male,Control,8,Q,27539
3,5,27,Male,Control,4.571428571,Q,27539
3,3,27,Male,Control,3.142857143,Q,27539
3,1,27,Male,Control,1.428571429,Q,27539
3,2,27,Male,Control,3.142857143,Q,27539
3,5,28,Female,Control,1.448979592,Q,27539
3,4,28,Female,Control,1.775510204,Q,27539
3,3,28,Female,Control,3.081632653,Q,27539
3,1,28,Female,Control,5.040816327,Q,27539
3,2,28,Female,Control,2.428571429,Q,27539
3,3,29,Female,Control,6,Q,27539
3,5,29,Female,Control,6,Q,27539
3,4,29,Female,Control,6,Q,27539
3,2,29,Female,Control,6,Q,27539
3,1,29,Female,Control,6,Q,27539
3,5,30,Female,RNAi,4.571428571,Q,27539
3,1,30,Female,RNAi,1.142857143,Q,27539
3,4,30,Female,RNAi,2,Q,27539
3,2,30,Female,RNAi,3.142857143,Q,27539
3,3,30,Female,RNAi,1.142857143,Q,27539
3,5,31,Male,Control,3.428571429,Q,27539
3,1,31,Male,Control,0.857142857,Q,27539
3,4,31,Male,Control,2.285714286,Q,27539
3,2,31,Male,Control,4.285714286,Q,27539
3,3,31,Male,Control,2.571428571,Q,27539
3,2,32,Male,RNAi,2,Q,27539
3,1,32,Male,RNAi,2,Q,27539
3,4,32,Male,RNAi,1.428571429,Q,27539
3,5,32,Male,RNAi,2,Q,27539
3,3,32,Male,RNAi,1.714285714,Q,27539
3,4,33,Female,RNAi,7,Q,27539
3,1,33,Female,RNAi,1.448979592,Q,27539
3,2,33,Female,RNAi,7,Q,27539
3,5,33,Female,RNAi,7,Q,27539
3,3,33,Female,RNAi,7,Q,27539
3,5,34,Male,Control,2,Q,27539
3,3,34,Male,Control,1.428571429,Q,27539
3,4,34,Male,Control,0.571428571,Q,27539
3,2,34,Male,Control,1.142857143,Q,27539
3,1,34,Male,Control,0.571428571,Q,27539
3,2,35,Male,RNAi,2,Q,27539
3,4,35,Male,RNAi,4.285714286,Q,27539
3,3,35,Male,RNAi,6,Q,27539
3,5,35,Male,RNAi,6,Q,27539
3,1,35,Male,RNAi,2,Q,27539
3,5,36,Female,Control,3.714285714,Q,27539
3,2,36,Female,Control,3.714285714,Q,27539
3,4,36,Female,Control,3.714285714,Q,27539
3,3,36,Female,Control,3.714285714,Q,27539
3,1,36,Female,Control,3.142857143,Q,27539
3,1,37,Male,Control,2,Q,27539
3,4,37,Male,Control,3.142857143,Q,27539
3,5,37,Male,Control,2,Q,27539
3,2,37,Male,Control,2,Q,27539
3,3,37,Male,Control,2.571428571,Q,27539
3,4,38,Male,RNAi,1.142857143,Q,27539
3,5,38,Male,RNAi,2.285714286,Q,27539
3,2,38,Male,RNAi,1.714285714,Q,27539
3,3,38,Male,RNAi,1.428571429,Q,27539
3,1,38,Male,RNAi,1.428571429,Q,27539
3,1,39,Female,RNAi,3.142857143,Q,27539
3,4,39,Female,RNAi,2,Q,27539
3,5,39,Female,RNAi,2,Q,27539
3,2,39,Female,RNAi,2,Q,27539
3,3,39,Female,RNAi,2,Q,27539
3,4,40,Female,Control,3.142857143,Q,27539
3,5,40,Female,Control,4.571428571,Q,27539
3,2,40,Female,Control,3.714285714,Q,27539
3,3,40,Female,Control,3.142857143,Q,27539
3,1,40,Female,Control,4.571428571,Q,27539
3,5,41,Female,RNAi,5.040816327,Q,27539
3,2,41,Female,RNAi,3.408163265,Q,27539
3,4,41,Female,RNAi,2.428571429,Q,27539
3,3,41,Female,RNAi,2.428571429,Q,27539
3,1,41,Female,RNAi,5.040816327,Q,27539
3,1,42,Female,Control,4.571428571,Q,27539
3,3,42,Female,Control,6,Q,27539
3,5,42,Female,Control,8,Q,27539
3,2,42,Female,Control,4.571428571,Q,27539
3,4,42,Female,Control,6,Q,27539
3,4,43,Male,RNAi,8,Q,27539
3,1,43,Male,RNAi,2.571428571,Q,27539
3,5,43,Male,RNAi,6,Q,27539
3,2,43,Male,RNAi,1.428571429,Q,27539
3,3,43,Male,RNAi,6,Q,27539
3,5,44,Male,Control,1.428571429,Q,27539
3,4,44,Male,Control,4.571428571,Q,27539
3,3,44,Male,Control,0.571428571,Q,27539
3,2,44,Male,Control,0.571428571,Q,27539
3,1,44,Male,Control,1.142857143,Q,27539
3,5,45,Female,Control,2,Q,27539
3,4,45,Female,Control,3.142857143,Q,27539
3,3,45,Female,Control,4.285714286,Q,27539
3,2,45,Female,Control,2.857142857,Q,27539
3,1,45,Female,Control,2.857142857,Q,27539
3,5,46,Male,RNAi,1.714285714,Q,27539
3,4,46,Male,RNAi,2,Q,27539
3,3,46,Male,RNAi,1.142857143,Q,27539
3,2,46,Male,RNAi,3.142857143,Q,27539
3,1,46,Male,RNAi,3.142857143,Q,27539
3,3,47,Female,RNAi,2.571428571,Q,27539
3,4,47,Female,RNAi,4.285714286,Q,27539
3,1,47,Female,RNAi,1.428571429,Q,27539
3,5,47,Female,RNAi,8,Q,27539
3,2,47,Female,RNAi,4.285714286,Q,27539
3,2,48,Male,Control,2,Q,27539
3,4,48,Male,Control,2,Q,27539
3,1,48,Male,Control,4.285714286,Q,27539
3,3,48,Male,Control,1.428571429,Q,27539
3,5,48,Male,Control,1.142857143,Q,27539
1,1,1,Female,RNAi,8,R,58310
1,2,1,Female,RNAi,3.142857143,R,58310
1,4,1,Female,RNAi,3.142857143,R,58310
1,5,1,Female,RNAi,4.571428571,R,58310
1,3,1,Female,RNAi,3.714285714,R,58310
1,5,3,Male,Control,2,R,58310
1,1,3,Male,Control,4.285714286,R,58310
1,4,3,Male,Control,2,R,58310
1,2,3,Male,Control,2,R,58310
1,3,3,Male,Control,1.142857143,R,58310
1,4,4,Female,Control,6,R,58310
1,5,4,Female,Control,2.571428571,R,58310
1,3,4,Female,Control,4.285714286,R,58310
1,1,4,Female,Control,1.142857143,R,58310
1,2,4,Female,Control,6,R,58310
1,3,5,Male,Control,2.857142857,R,58310
1,4,5,Male,Control,2,R,58310
1,2,5,Male,Control,1.428571429,R,58310
1,5,5,Male,Control,1.142857143,R,58310
1,1,5,Male,Control,1.714285714,R,58310
1,3,6,Female,Control,3.734693878,R,58310
1,1,6,Female,Control,3.734693878,R,58310
1,2,6,Female,Control,3.734693878,R,58310
1,4,6,Female,Control,3.734693878,R,58310
1,5,6,Female,Control,2.428571429,R,58310
1,5,7,Male,RNAi,0.571428571,R,58310
1,4,7,Male,RNAi,0.857142857,R,58310
1,1,7,Male,RNAi,1.142857143,R,58310
1,3,7,Male,RNAi,0.857142857,R,58310
1,2,7,Male,RNAi,1.142857143,R,58310
1,4,8,Female,RNAi,3.428571429,R,58310
1,5,8,Female,RNAi,3.714285714,R,58310
1,3,8,Female,RNAi,3.714285714,R,58310
1,1,8,Female,RNAi,2,R,58310
1,2,8,Female,RNAi,1.428571429,R,58310
1,5,9,Male,RNAi,0.571428571,R,58310
1,4,9,Male,RNAi,1.142857143,R,58310
1,3,9,Male,RNAi,1.142857143,R,58310
1,2,9,Male,RNAi,0.857142857,R,58310
1,1,9,Male,RNAi,4.285714286,R,58310
1,5,10,Female,RNAi,3.142857143,R,58310
1,2,10,Female,RNAi,4.285714286,R,58310
1,3,10,Female,RNAi,6,R,58310
1,4,10,Female,RNAi,2.857142857,R,58310
1,1,10,Female,RNAi,6,R,58310
1,2,11,Male,Control,0.795918367,R,58310
1,5,11,Male,Control,1.12244898,R,58310
1,4,11,Male,Control,0.795918367,R,58310
1,1,11,Male,Control,0.795918367,R,58310
1,3,11,Male,Control,0.795918367,R,58310
1,4,12,Female,Control,6,R,58310
1,5,12,Female,Control,6,R,58310
1,2,12,Female,Control,4.571428571,R,58310
1,3,12,Female,Control,4.285714286,R,58310
1,1,12,Female,Control,8,R,58310
1,3,13,Female,Control,2.285714286,R,58310
1,4,13,Female,Control,4.285714286,R,58310
1,5,13,Female,Control,3.142857143,R,58310
1,2,13,Female,Control,1.714285714,R,58310
1,1,13,Female,Control,4.285714286,R,58310
1,3,14,Female,RNAi,8,R,58310
1,4,14,Female,RNAi,8,R,58310
1,2,14,Female,RNAi,8,R,58310
1,5,14,Female,RNAi,6,R,58310
1,1,14,Female,RNAi,6,R,58310
1,4,15,Male,RNAi,1.714285714,R,58310
1,2,15,Male,RNAi,1.142857143,R,58310
1,5,15,Male,RNAi,2.857142857,R,58310
1,3,15,Male,RNAi,2.285714286,R,58310
1,1,15,Male,RNAi,1.428571429,R,58310
1,5,16,Male,Control,2,R,58310
1,3,16,Male,Control,3.142857143,R,58310
1,1,16,Male,Control,1.142857143,R,58310
1,4,16,Male,Control,3.714285714,R,58310
1,2,16,Male,Control,4.285714286,R,58310
1,4,17,Male,Control,1.775510204,R,58310
1,2,17,Male,Control,2.102040816,R,58310
1,5,17,Male,Control,5.040816327,R,58310
1,3,17,Male,Control,1.448979592,R,58310
1,1,17,Male,Control,2.102040816,R,58310
1,2,19,Female,RNAi,6,R,58310
1,3,19,Female,RNAi,6,R,58310
1,1,19,Female,RNAi,3.142857143,R,58310
1,4,19,Female,RNAi,8,R,58310
1,5,19,Female,RNAi,8,R,58310
1,2,20,Female,Control,8,R,58310
1,3,20,Female,Control,8,R,58310
1,1,20,Female,Control,8,R,58310
1,4,20,Female,Control,8,R,58310
1,5,20,Female,Control,8,R,58310
1,2,21,Female,Control,2.571428571,R,58310
1,3,21,Female,Control,3.714285714,R,58310
1,1,21,Female,Control,2.571428571,R,58310
1,4,21,Female,Control,2.571428571,R,58310
1,5,21,Female,Control,3.142857143,R,58310
1,2,22,Male,Control,0.857142857,R,58310
1,3,22,Male,Control,1.142857143,R,58310
1,4,22,Male,Control,0.571428571,R,58310
1,1,22,Male,Control,1.428571429,R,58310
1,5,22,Male,Control,2.857142857,R,58310
1,2,23,Female,RNAi,6,R,58310
1,1,23,Female,RNAi,6,R,58310
1,4,23,Female,RNAi,4.285714286,R,58310
1,3,23,Female,RNAi,6,R,58310
1,5,23,Female,RNAi,6,R,58310
1,3,24,Male,RNAi,2.102040816,R,58310
1,2,24,Male,RNAi,0.795918367,R,58310
1,4,24,Male,RNAi,1.12244898,R,58310
1,1,24,Male,RNAi,1.448979592,R,58310
1,5,24,Male,RNAi,2.102040816,R,58310
1,1,25,Female,RNAi,5.040816327,R,58310
1,2,25,Female,RNAi,5.040816327,R,58310
1,3,25,Female,RNAi,5.040816327,R,58310
1,4,25,Female,RNAi,7,R,58310
1,5,25,Female,RNAi,5.040816327,R,58310
1,1,26,Male,RNAi,2,R,58310
1,5,26,Male,RNAi,2.857142857,R,58310
1,2,26,Male,RNAi,0.857142857,R,58310
1,4,26,Male,RNAi,1.714285714,R,58310
1,3,26,Male,RNAi,4.285714286,R,58310
1,1,27,Female,Control,2.571428571,R,58310
1,3,27,Female,Control,6,R,58310
1,2,27,Female,Control,4.285714286,R,58310
1,5,27,Female,Control,4.285714286,R,58310
1,4,27,Female,Control,3.142857143,R,58310
1,1,28,Male,Control,1.714285714,R,58310
1,5,28,Male,Control,2,R,58310
1,2,28,Male,Control,2,R,58310
1,3,28,Male,Control,2,R,58310
1,4,28,Male,Control,0.857142857,R,58310
1,1,29,Male,RNAi,2.857142857,R,58310
1,2,29,Male,RNAi,1.142857143,R,58310
1,5,29,Male,RNAi,0.857142857,R,58310
1,3,29,Male,RNAi,0.571428571,R,58310
1,4,29,Male,RNAi,0.571428571,R,58310
1,1,30,Female,Control,6,R,58310
1,2,30,Female,Control,2.571428571,R,58310
1,5,30,Female,Control,3.142857143,R,58310
1,3,30,Female,Control,3.714285714,R,58310
1,4,30,Female,Control,3.714285714,R,58310
1,1,31,Female,RNAi,2.857142857,R,58310
1,2,31,Female,RNAi,8,R,58310
1,5,31,Female,RNAi,4.285714286,R,58310
1,3,31,Female,RNAi,8,R,58310
1,4,31,Female,RNAi,6,R,58310
1,5,32,Male,Control,0.285714286,R,58310
1,3,32,Male,Control,0.285714286,R,58310
1,1,32,Male,Control,0.857142857,R,58310
1,4,32,Male,Control,2.285714286,R,58310
1,2,32,Male,Control,2.857142857,R,58310
1,4,33,Male,Control,0.857142857,R,58310
1,2,33,Male,Control,1.142857143,R,58310
1,5,33,Male,Control,3.142857143,R,58310
1,3,33,Male,Control,1.142857143,R,58310
1,1,33,Male,Control,1.142857143,R,58310
1,5,34,Male,RNAi,0.795918367,R,58310
1,3,34,Male,RNAi,1.12244898,R,58310
1,1,34,Male,RNAi,1.775510204,R,58310
1,4,34,Male,RNAi,1.448979592,R,58310
1,2,34,Male,RNAi,3.408163265,R,58310
1,5,35,Female,RNAi,6,R,58310
1,1,35,Female,RNAi,2,R,58310
1,4,35,Female,RNAi,8,R,58310
1,2,35,Female,RNAi,3.142857143,R,58310
1,3,35,Female,RNAi,4.285714286,R,58310
1,5,36,Female,Control,8,R,58310
1,4,36,Female,Control,8,R,58310
1,1,36,Female,Control,4.285714286,R,58310
1,2,36,Female,Control,4.285714286,R,58310
1,3,36,Female,Control,8,R,58310
1,5,37,Female,Control,6,R,58310
1,3,37,Female,Control,6,R,58310
1,4,37,Female,Control,4.285714286,R,58310
1,1,37,Female,Control,6,R,58310
1,2,37,Female,Control,6,R,58310
1,3,38,Female,RNAi,2.571428571,R,58310
1,5,38,Female,RNAi,4.571428571,R,58310
1,2,38,Female,RNAi,2.285714286,R,58310
1,1,38,Female,RNAi,2.571428571,R,58310
1,4,38,Female,RNAi,4.285714286,R,58310
1,5,40,Male,Control,1.428571429,R,58310
1,2,40,Male,Control,2.285714286,R,58310
1,3,40,Male,Control,1.142857143,R,58310
1,4,40,Male,Control,1.428571429,R,58310
1,1,40,Male,Control,0.857142857,R,58310
1,5,41,Female,RNAi,6,R,58310
1,4,41,Female,RNAi,6,R,58310
1,3,41,Female,RNAi,2.571428571,R,58310
1,2,41,Female,RNAi,4.285714286,R,58310
1,1,41,Female,RNAi,8,R,58310
1,4,42,Female,Control,8,R,58310
1,5,42,Female,Control,8,R,58310
1,3,42,Female,Control,8,R,58310
1,1,42,Female,Control,3.714285714,R,58310
1,2,42,Female,Control,6,R,58310
1,4,43,Male,Control,3.081632653,R,58310
1,3,43,Male,Control,3.408163265,R,58310
1,5,43,Male,Control,1.448979592,R,58310
1,2,43,Male,Control,0.795918367,R,58310
1,1,43,Male,Control,2.102040816,R,58310
1,1,44,Male,RNAi,0.857142857,R,58310
1,2,44,Male,RNAi,1.428571429,R,58310
1,4,44,Male,RNAi,2,R,58310
1,5,44,Male,RNAi,2.857142857,R,58310
1,3,44,Male,RNAi,2,R,58310
1,5,45,Male,Control,3.142857143,R,58310
1,1,45,Male,Control,3.142857143,R,58310
1,4,45,Male,Control,2.571428571,R,58310
1,2,45,Male,Control,6,R,58310
1,3,45,Male,Control,3.428571429,R,58310
1,4,46,Male,RNAi,4.285714286,R,58310
1,5,46,Male,RNAi,1.142857143,R,58310
1,3,46,Male,RNAi,1.428571429,R,58310
1,1,46,Male,RNAi,2,R,58310
1,2,46,Male,RNAi,0.571428571,R,58310
1,3,47,Female,Control,2,R,58310
1,4,47,Female,Control,3.142857143,R,58310
1,2,47,Female,Control,2,R,58310
1,5,47,Female,Control,2,R,58310
1,1,47,Female,Control,1.142857143,R,58310
1,3,48,Female,RNAi,6,R,58310
1,1,48,Female,RNAi,8,R,58310
1,2,48,Female,RNAi,6,R,58310
1,4,48,Female,RNAi,8,R,58310
1,5,48,Female,RNAi,8,R,58310
2,1,1,Male,Control,0.857142857,R,58310
2,5,1,Male,Control,3.142857143,R,58310
2,3,1,Male,Control,2,R,58310
2,2,1,Male,Control,1.142857143,R,58310
2,4,1,Male,Control,1.428571429,R,58310
2,1,2,Male,RNAi,2.285714286,R,58310
2,2,2,Male,RNAi,0.285714286,R,58310
2,3,2,Male,RNAi,1.714285714,R,58310
2,5,2,Male,RNAi,0.857142857,R,58310
2,4,2,Male,RNAi,0.857142857,R,58310
2,1,3,Female,RNAi,6,R,58310
2,3,3,Female,RNAi,3.142857143,R,58310
2,2,3,Female,RNAi,2,R,58310
2,4,3,Female,RNAi,2,R,58310
2,5,3,Female,RNAi,4.285714286,R,58310
2,4,4,Female,Control,0.857142857,R,58310
2,3,4,Female,Control,2.857142857,R,58310
2,1,4,Female,Control,1.714285714,R,58310
2,5,4,Female,Control,1.142857143,R,58310
2,2,4,Female,Control,0.857142857,R,58310
2,4,5,Female,Control,4.285714286,R,58310
2,1,5,Female,Control,4.285714286,R,58310
2,5,5,Female,Control,4.571428571,R,58310
2,3,5,Female,Control,4.285714286,R,58310
2,2,5,Female,Control,0.857142857,R,58310
2,1,6,Male,Control,1.714285714,R,58310
2,2,6,Male,Control,0.571428571,R,58310
2,4,6,Male,Control,1.142857143,R,58310
2,3,6,Male,Control,0.857142857,R,58310
2,5,6,Male,Control,1.714285714,R,58310
2,2,7,Female,RNAi,4.285714286,R,58310
2,1,7,Female,RNAi,8,R,58310
2,3,7,Female,RNAi,8,R,58310
2,4,7,Female,RNAi,8,R,58310
2,5,7,Female,RNAi,4.285714286,R,58310
2,2,8,Male,RNAi,0.571428571,R,58310
2,4,8,Male,RNAi,1.142857143,R,58310
2,3,8,Male,RNAi,1.428571429,R,58310
2,1,8,Male,RNAi,1.428571429,R,58310
2,5,8,Male,RNAi,1.428571429,R,58310
2,5,9,Female,Control,2.285714286,R,58310
2,4,9,Female,Control,3.714285714,R,58310
2,2,9,Female,Control,2.857142857,R,58310
2,1,9,Female,Control,4.285714286,R,58310
2,3,9,Female,Control,3.714285714,R,58310
2,5,10,Male,RNAi,1.714285714,R,58310
2,1,10,Male,RNAi,1.714285714,R,58310
2,2,10,Male,RNAi,1.714285714,R,58310
2,4,10,Male,RNAi,1.428571429,R,58310
2,3,10,Male,RNAi,2.571428571,R,58310
2,5,11,Female,RNAi,4.285714286,R,58310
2,2,11,Female,RNAi,2,R,58310
2,1,11,Female,RNAi,1.142857143,R,58310
2,3,11,Female,RNAi,2,R,58310
2,4,11,Female,RNAi,1.428571429,R,58310
2,3,12,Male,Control,1.142857143,R,58310
2,2,12,Male,Control,0.285714286,R,58310
2,5,12,Male,Control,3.142857143,R,58310
2,4,12,Male,Control,1.428571429,R,58310
2,1,12,Male,Control,0.571428571,R,58310
2,3,13,Male,Control,0.857142857,R,58310
2,5,13,Male,Control,2,R,58310
2,4,13,Male,Control,2.285714286,R,58310
2,2,13,Male,Control,3.142857143,R,58310
2,1,13,Male,Control,0.857142857,R,58310
2,5,14,Female,RNAi,4.571428571,R,58310
2,1,14,Female,RNAi,2,R,58310
2,3,14,Female,RNAi,3.714285714,R,58310
2,2,14,Female,RNAi,4.285714286,R,58310
2,4,14,Female,RNAi,6,R,58310
2,1,15,Male,RNAi,3.142857143,R,58310
2,5,15,Male,RNAi,0.571428571,R,58310
2,2,15,Male,RNAi,2,R,58310
2,3,15,Male,RNAi,1.142857143,R,58310
2,4,15,Male,RNAi,1.428571429,R,58310
2,1,16,Female,Control,1.428571429,R,58310
2,3,16,Female,Control,2,R,58310
2,2,16,Female,Control,0.857142857,R,58310
2,5,16,Female,Control,3.142857143,R,58310
2,4,16,Female,Control,3.142857143,R,58310
2,4,17,Female,Control,1.428571429,R,58310
2,3,17,Female,Control,2.285714286,R,58310
2,1,17,Female,Control,1.714285714,R,58310
2,5,17,Female,Control,1.714285714,R,58310
2,2,17,Female,Control,1.428571429,R,58310
2,4,18,Male,RNAi,1.428571429,R,58310
2,5,18,Male,RNAi,1.142857143,R,58310
2,1,18,Male,RNAi,1.714285714,R,58310
2,3,18,Male,RNAi,1.428571429,R,58310
2,2,18,Male,RNAi,2.571428571,R,58310
2,4,19,Female,RNAi,2,R,58310
2,1,19,Female,RNAi,2,R,58310
2,5,19,Female,RNAi,1.428571429,R,58310
2,2,19,Female,RNAi,4.571428571,R,58310
2,3,19,Female,RNAi,4.285714286,R,58310
2,2,20,Male,Control,0.857142857,R,58310
2,1,20,Male,Control,1.142857143,R,58310
2,4,20,Male,Control,4.285714286,R,58310
2,3,20,Male,Control,1.142857143,R,58310
2,5,20,Male,Control,1.142857143,R,58310
2,2,21,Male,RNAi,1.142857143,R,58310
2,4,21,Male,RNAi,2,R,58310
2,3,21,Male,RNAi,0.571428571,R,58310
2,1,21,Male,RNAi,0.571428571,R,58310
2,5,21,Male,RNAi,0.857142857,R,58310
2,4,22,Male,Control,1.142857143,R,58310
2,5,22,Male,Control,1.142857143,R,58310
2,2,22,Male,Control,1.142857143,R,58310
2,1,22,Male,Control,1.142857143,R,58310
2,3,22,Male,Control,2,R,58310
2,5,23,Female,Control,8,R,58310
2,4,23,Female,Control,6,R,58310
2,1,23,Female,Control,3.142857143,R,58310
2,2,23,Female,Control,1.714285714,R,58310
2,3,23,Female,Control,6,R,58310
2,5,24,Female,RNAi,6,R,58310
2,2,24,Female,RNAi,4.571428571,R,58310
2,1,24,Female,RNAi,4.285714286,R,58310
2,4,24,Female,RNAi,4.285714286,R,58310
2,3,24,Female,RNAi,3.142857143,R,58310
2,3,25,Female,RNAi,0.571428571,R,58310
2,2,25,Female,RNAi,2,R,58310
2,5,25,Female,RNAi,6,R,58310
2,4,25,Female,RNAi,3.142857143,R,58310
2,1,25,Female,RNAi,1.142857143,R,58310
2,3,26,Female,Control,3.714285714,R,58310
2,4,26,Female,Control,2,R,58310
2,5,26,Female,Control,2.857142857,R,58310
2,2,26,Female,Control,2,R,58310
2,1,26,Female,Control,2.571428571,R,58310
2,3,27,Male,Control,0.571428571,R,58310
2,5,27,Male,Control,1.714285714,R,58310
2,4,27,Male,Control,1.428571429,R,58310
2,1,27,Male,Control,2,R,58310
2,2,27,Male,Control,0.571428571,R,58310
2,1,28,Male,RNAi,1.142857143,R,58310
2,5,28,Male,RNAi,1.142857143,R,58310
2,3,28,Male,RNAi,2,R,58310
2,2,28,Male,RNAi,6,R,58310
2,4,28,Male,RNAi,2.285714286,R,58310
2,1,29,Male,Control,1.142857143,R,58310
2,3,29,Male,Control,0.857142857,R,58310
2,2,29,Male,Control,1.142857143,R,58310
2,5,29,Male,Control,0.857142857,R,58310
2,4,29,Male,Control,1.428571429,R,58310
2,3,30,Female,RNAi,1.714285714,R,58310
2,4,30,Female,RNAi,1.714285714,R,58310
2,1,30,Female,RNAi,3.428571429,R,58310
2,5,30,Female,RNAi,1.428571429,R,58310
2,2,30,Female,RNAi,2,R,58310
2,4,31,Male,RNAi,1.142857143,R,58310
2,3,31,Male,RNAi,1.428571429,R,58310
2,5,31,Male,RNAi,0.857142857,R,58310
2,1,31,Male,RNAi,1.714285714,R,58310
2,2,31,Male,RNAi,2,R,58310
2,4,32,Female,Control,6,R,58310
2,1,32,Female,Control,6,R,58310
2,5,32,Female,Control,8,R,58310
2,3,32,Female,Control,8,R,58310
2,2,32,Female,Control,8,R,58310
2,2,33,Female,RNAi,3.714285714,R,58310
2,1,33,Female,RNAi,2.285714286,R,58310
2,4,33,Female,RNAi,6,R,58310
2,3,33,Female,RNAi,4.571428571,R,58310
2,5,33,Female,RNAi,2,R,58310
2,2,34,Male,Control,0.857142857,R,58310
2,3,34,Male,Control,1.142857143,R,58310
2,4,34,Male,Control,0.857142857,R,58310
2,1,34,Male,Control,1.142857143,R,58310
2,5,34,Male,Control,2,R,58310
2,2,35,Female,Control,3.142857143,R,58310
2,4,35,Female,Control,2.857142857,R,58310
2,3,35,Female,Control,1.142857143,R,58310
2,5,35,Female,Control,4.285714286,R,58310
2,1,35,Female,Control,1.428571429,R,58310
2,5,36,Male,RNAi,0.857142857,R,58310
2,4,36,Male,RNAi,1.714285714,R,58310
2,2,36,Male,RNAi,1.142857143,R,58310
2,1,36,Male,RNAi,1.142857143,R,58310
2,3,36,Male,RNAi,2,R,58310
2,5,37,Male,RNAi,1.428571429,R,58310
2,2,37,Male,RNAi,4.285714286,R,58310
2,1,37,Male,RNAi,3.142857143,R,58310
2,4,37,Male,RNAi,1.428571429,R,58310
2,3,37,Male,RNAi,2,R,58310
2,2,38,Female,RNAi,2.285714286,R,58310
2,3,38,Female,RNAi,0.571428571,R,58310
2,5,38,Female,RNAi,1.714285714,R,58310
2,4,38,Female,RNAi,2.285714286,R,58310
2,1,38,Female,RNAi,2.857142857,R,58310
2,3,39,Female,Control,4.571428571,R,58310
2,2,39,Female,Control,8,R,58310
2,4,39,Female,Control,4.285714286,R,58310
2,5,39,Female,Control,4.285714286,R,58310
2,1,39,Female,Control,4.285714286,R,58310
2,3,40,Male,Control,2.285714286,R,58310
2,5,40,Male,Control,1.714285714,R,58310
2,4,40,Male,Control,1.142857143,R,58310
2,2,40,Male,Control,1.142857143,R,58310
2,1,40,Male,Control,1.428571429,R,58310
2,1,41,Male,RNAi,1.714285714,R,58310
2,5,41,Male,RNAi,1.428571429,R,58310
2,3,41,Male,RNAi,3.142857143,R,58310
2,2,41,Male,RNAi,2,R,58310
2,4,41,Male,RNAi,1.142857143,R,58310
2,1,42,Female,Control,6,R,58310
2,2,42,Female,Control,4.571428571,R,58310
2,3,42,Female,Control,6,R,58310
2,5,42,Female,Control,2.857142857,R,58310
2,4,42,Female,Control,1.714285714,R,58310
2,1,43,Female,RNAi,1.714285714,R,58310
2,3,43,Female,RNAi,2.571428571,R,58310
2,2,43,Female,RNAi,3.428571429,R,58310
2,4,43,Female,RNAi,1.714285714,R,58310
2,5,43,Female,RNAi,3.714285714,R,58310
2,4,44,Male,Control,2,R,58310
2,3,44,Male,Control,2,R,58310
2,1,44,Male,Control,3.142857143,R,58310
2,5,44,Male,Control,2,R,58310
2,2,44,Male,Control,1.428571429,R,58310
2,4,45,Female,RNAi,1.142857143,R,58310
2,1,45,Female,RNAi,1.714285714,R,58310
2,5,45,Female,RNAi,2.285714286,R,58310
2,3,45,Female,RNAi,1.142857143,R,58310
2,2,45,Female,RNAi,3.142857143,R,58310
2,1,46,Female,Control,2.571428571,R,58310
2,2,46,Female,Control,6,R,58310
2,4,46,Female,Control,6,R,58310
2,3,46,Female,Control,8,R,58310
2,5,46,Female,Control,3.142857143,R,58310
2,2,47,Male,Control,0.857142857,R,58310
2,1,47,Male,Control,1.142857143,R,58310
2,3,47,Male,Control,2.285714286,R,58310
2,4,47,Male,Control,1.142857143,R,58310
2,5,47,Male,Control,1.428571429,R,58310
2,2,48,Male,RNAi,1.142857143,R,58310
2,4,48,Male,RNAi,1.142857143,R,58310
2,3,48,Male,RNAi,1.142857143,R,58310
2,1,48,Male,RNAi,1.142857143,R,58310
2,5,48,Male,RNAi,0.857142857,R,58310
3,1,1,Male,RNAi,0.857142857,R,58310
3,5,1,Male,RNAi,1.142857143,R,58310
3,3,1,Male,RNAi,0.571428571,R,58310
3,2,1,Male,RNAi,1.142857143,R,58310
3,4,1,Male,RNAi,0.857142857,R,58310
3,1,2,Female,Control,0.857142857,R,58310
3,2,2,Female,Control,2,R,58310
3,3,2,Female,Control,3.142857143,R,58310
3,5,2,Female,Control,2.571428571,R,58310
3,4,2,Female,Control,3.714285714,R,58310
3,1,3,Female,RNAi,3.714285714,R,58310
3,3,3,Female,RNAi,2.857142857,R,58310
3,2,3,Female,RNAi,2,R,58310
3,4,3,Female,RNAi,4.285714286,R,58310
3,5,3,Female,RNAi,2.571428571,R,58310
3,4,4,Male,Control,1.142857143,R,58310
3,3,4,Male,Control,1.142857143,R,58310
3,1,4,Male,Control,0.571428571,R,58310
3,5,4,Male,Control,2.571428571,R,58310
3,2,4,Male,Control,2,R,58310
3,4,5,Male,RNAi,1.142857143,R,58310
3,1,5,Male,RNAi,1.142857143,R,58310
3,5,5,Male,RNAi,1.428571429,R,58310
3,3,5,Male,RNAi,1.428571429,R,58310
3,2,5,Male,RNAi,2.857142857,R,58310
3,1,6,Male,Control,3.142857143,R,58310
3,2,6,Male,Control,1.142857143,R,58310
3,4,6,Male,Control,0.857142857,R,58310
3,3,6,Male,Control,0.571428571,R,58310
3,5,6,Male,Control,1.428571429,R,58310
3,2,7,Female,RNAi,2.857142857,R,58310
3,1,7,Female,RNAi,2.857142857,R,58310
3,3,7,Female,RNAi,4.285714286,R,58310
3,4,7,Female,RNAi,8,R,58310
3,5,7,Female,RNAi,6,R,58310
3,2,8,Female,Control,2.571428571,R,58310
3,4,8,Female,Control,2.285714286,R,58310
3,3,8,Female,Control,2,R,58310
3,1,8,Female,Control,2,R,58310
3,5,8,Female,Control,4.285714286,R,58310
3,5,9,Male,RNAi,1.142857143,R,58310
3,4,9,Male,RNAi,0.571428571,R,58310
3,2,9,Male,RNAi,0.857142857,R,58310
3,1,9,Male,RNAi,1.428571429,R,58310
3,3,9,Male,RNAi,0.857142857,R,58310
3,5,10,Female,RNAi,3.428571429,R,58310
3,1,10,Female,RNAi,6,R,58310
3,2,10,Female,RNAi,2.571428571,R,58310
3,4,10,Female,RNAi,2.571428571,R,58310
3,3,10,Female,RNAi,1.714285714,R,58310
3,5,11,Female,Control,2,R,58310
3,2,11,Female,Control,1.714285714,R,58310
3,1,11,Female,Control,3.142857143,R,58310
3,3,11,Female,Control,1.714285714,R,58310
3,4,11,Female,Control,1.714285714,R,58310
3,3,12,Male,Control,1.142857143,R,58310
3,2,12,Male,Control,1.142857143,R,58310
3,5,12,Male,Control,1.428571429,R,58310
3,4,12,Male,Control,3.428571429,R,58310
3,1,12,Male,Control,1.142857143,R,58310
3,3,13,Male,Control,1.448979592,R,58310
3,5,13,Male,Control,5.040816327,R,58310
3,4,13,Male,Control,0.795918367,R,58310
3,2,13,Male,Control,0.795918367,R,58310
3,1,13,Male,Control,1.448979592,R,58310
3,5,14,Male,RNAi,1.714285714,R,58310
3,1,14,Male,RNAi,0.285714286,R,58310
3,3,14,Male,RNAi,2.857142857,R,58310
3,2,14,Male,RNAi,1.142857143,R,58310
3,4,14,Male,RNAi,1.428571429,R,58310
3,1,15,Female,Control,6,R,58310
3,5,15,Female,Control,4.285714286,R,58310
3,2,15,Female,Control,4.571428571,R,58310
3,3,15,Female,Control,2.857142857,R,58310
3,4,15,Female,Control,6,R,58310
3,1,16,Female,RNAi,4.285714286,R,58310
3,3,16,Female,RNAi,6,R,58310
3,2,16,Female,RNAi,4.571428571,R,58310
3,5,16,Female,RNAi,4.285714286,R,58310
3,4,16,Female,RNAi,8,R,58310
3,4,17,Male,Control,2.571428571,R,58310
3,3,17,Male,Control,1.142857143,R,58310
3,1,17,Male,Control,0.857142857,R,58310
3,5,17,Male,Control,0.571428571,R,58310
3,2,17,Male,Control,0.571428571,R,58310
3,4,18,Male,RNAi,1.714285714,R,58310
3,5,18,Male,RNAi,0.285714286,R,58310
3,1,18,Male,RNAi,0.285714286,R,58310
3,3,18,Male,RNAi,1.142857143,R,58310
3,2,18,Male,RNAi,0.857142857,R,58310
3,4,19,Female,RNAi,3.714285714,R,58310
3,1,19,Female,RNAi,2,R,58310
3,5,19,Female,RNAi,4.571428571,R,58310
3,2,19,Female,RNAi,2,R,58310
3,3,19,Female,RNAi,2.857142857,R,58310
3,2,20,Female,Control,2.857142857,R,58310
3,1,20,Female,Control,6,R,58310
3,4,20,Female,Control,2.571428571,R,58310
3,3,20,Female,Control,4.285714286,R,58310
3,5,20,Female,Control,8,R,58310
3,2,21,Female,RNAi,2.571428571,R,58310
3,4,21,Female,RNAi,4.571428571,R,58310
3,3,21,Female,RNAi,6,R,58310
3,1,21,Female,RNAi,1.428571429,R,58310
3,5,21,Female,RNAi,2.857142857,R,58310
3,4,22,Male,Control,1.142857143,R,58310
3,5,22,Male,Control,0.857142857,R,58310
3,2,22,Male,Control,1.714285714,R,58310
3,1,22,Male,Control,1.142857143,R,58310
3,3,22,Male,Control,0.857142857,R,58310
3,5,23,Male,RNAi,1.428571429,R,58310
3,4,23,Male,RNAi,2.571428571,R,58310
3,1,23,Male,RNAi,2,R,58310
3,2,23,Male,RNAi,2,R,58310
3,3,23,Male,RNAi,1.714285714,R,58310
3,5,24,Female,Control,2.571428571,R,58310
3,2,24,Female,Control,1.142857143,R,58310
3,1,24,Female,Control,1.142857143,R,58310
3,4,24,Female,Control,2,R,58310
3,3,24,Female,Control,0.857142857,R,58310
3,3,25,Female,RNAi,2.571428571,R,58310
3,2,25,Female,RNAi,6,R,58310
3,5,25,Female,RNAi,4.571428571,R,58310
3,4,25,Female,RNAi,2.571428571,R,58310
3,1,25,Female,RNAi,0.857142857,R,58310
3,3,26,Female,Control,3.142857143,R,58310
3,4,26,Female,Control,0.857142857,R,58310
3,5,26,Female,Control,3.428571429,R,58310
3,2,26,Female,Control,2.857142857,R,58310
3,1,26,Female,Control,3.714285714,R,58310
3,3,27,Male,Control,2.857142857,R,58310
3,5,27,Male,Control,0.857142857,R,58310
3,4,27,Male,Control,1.142857143,R,58310
3,1,27,Male,Control,2,R,58310
3,2,27,Male,Control,2,R,58310
3,1,28,Male,RNAi,2,R,58310
3,5,28,Male,RNAi,1.428571429,R,58310
3,3,28,Male,RNAi,2.571428571,R,58310
3,2,28,Male,RNAi,1.428571429,R,58310
3,4,28,Male,RNAi,1.142857143,R,58310
3,1,29,Female,RNAi,4.285714286,R,58310
3,3,29,Female,RNAi,2,R,58310
3,2,29,Female,RNAi,1.714285714,R,58310
3,5,29,Female,RNAi,6,R,58310
3,4,29,Female,RNAi,8,R,58310
3,3,30,Female,Control,1.142857143,R,58310
3,4,30,Female,Control,2,R,58310
3,1,30,Female,Control,6,R,58310
3,5,30,Female,Control,4.285714286,R,58310
3,2,30,Female,Control,2.571428571,R,58310
3,4,31,Male,Control,1.428571429,R,58310
3,3,31,Male,Control,2,R,58310
3,5,31,Male,Control,0.857142857,R,58310
3,1,31,Male,Control,2,R,58310
3,2,31,Male,Control,0.571428571,R,58310
3,4,32,Male,RNAi,3.714285714,R,58310
3,1,32,Male,RNAi,3.142857143,R,58310
3,5,32,Male,RNAi,2.857142857,R,58310
3,3,32,Male,RNAi,2,R,58310
3,2,32,Male,RNAi,1.142857143,R,58310
3,2,33,Male,RNAi,1.428571429,R,58310
3,1,33,Male,RNAi,2,R,58310
3,4,33,Male,RNAi,3.142857143,R,58310
3,3,33,Male,RNAi,3.142857143,R,58310
3,5,33,Male,RNAi,0.857142857,R,58310
3,2,34,Female,RNAi,1.714285714,R,58310
3,3,34,Female,RNAi,8,R,58310
3,4,34,Female,RNAi,6,R,58310
3,1,34,Female,RNAi,2.571428571,R,58310
3,5,34,Female,RNAi,8,R,58310
3,2,35,Female,Control,3.142857143,R,58310
3,4,35,Female,Control,6,R,58310
3,3,35,Female,Control,6,R,58310
3,5,35,Female,Control,2.857142857,R,58310
3,1,35,Female,Control,3.714285714,R,58310
3,5,36,Male,Control,1.142857143,R,58310
3,4,36,Male,Control,0.857142857,R,58310
3,2,36,Male,Control,3.428571429,R,58310
3,1,36,Male,Control,1.142857143,R,58310
3,3,36,Male,Control,1.714285714,R,58310
3,5,37,Female,Control,8,R,58310
3,2,37,Female,Control,1.714285714,R,58310
3,1,37,Female,Control,8,R,58310
3,4,37,Female,Control,4.285714286,R,58310
3,3,37,Female,Control,6,R,58310
3,2,38,Female,RNAi,6,R,58310
3,3,38,Female,RNAi,8,R,58310
3,5,38,Female,RNAi,8,R,58310
3,4,38,Female,RNAi,6,R,58310
3,1,38,Female,RNAi,8,R,58310
3,3,39,Male,Control,1.142857143,R,58310
3,2,39,Male,Control,1.142857143,R,58310
3,4,39,Male,Control,2,R,58310
3,5,39,Male,Control,0.857142857,R,58310
3,1,39,Male,Control,1.142857143,R,58310
3,3,40,Male,RNAi,0.571428571,R,58310
3,5,40,Male,RNAi,1.714285714,R,58310
3,4,40,Male,RNAi,0.571428571,R,58310
3,2,40,Male,RNAi,2,R,58310
3,1,40,Male,RNAi,0.285714286,R,58310
3,1,41,Female,Control,1.142857143,R,58310
3,5,41,Female,Control,6,R,58310
3,3,41,Female,Control,4.285714286,R,58310
3,2,41,Female,Control,1.428571429,R,58310
3,4,41,Female,Control,2.857142857,R,58310
3,1,42,Male,Control,0.857142857,R,58310
3,2,42,Male,Control,1.142857143,R,58310
3,3,42,Male,Control,2,R,58310
3,5,42,Male,Control,0.857142857,R,58310
3,4,42,Male,Control,1.142857143,R,58310
3,1,43,Female,RNAi,1.714285714,R,58310
3,3,43,Female,RNAi,4.285714286,R,58310
3,2,43,Female,RNAi,3.142857143,R,58310
3,4,43,Female,RNAi,6,R,58310
3,5,43,Female,RNAi,2.857142857,R,58310
3,4,44,Male,RNAi,0.571428571,R,58310
3,3,44,Male,RNAi,0.571428571,R,58310
3,1,44,Male,RNAi,1.142857143,R,58310
3,5,44,Male,RNAi,2,R,58310
3,2,44,Male,RNAi,2.285714286,R,58310
3,4,45,Female,RNAi,8,R,58310
3,1,45,Female,RNAi,2.857142857,R,58310
3,5,45,Female,RNAi,6,R,58310
3,3,45,Female,RNAi,4.571428571,R,58310
3,2,45,Female,RNAi,6,R,58310
3,1,46,Female,Control,6,R,58310
3,2,46,Female,Control,1.714285714,R,58310
3,4,46,Female,Control,1.714285714,R,58310
3,3,46,Female,Control,4.285714286,R,58310
3,5,46,Female,Control,2.857142857,R,58310
3,2,47,Male,Control,0.571428571,R,58310
3,1,47,Male,Control,1.142857143,R,58310
3,3,47,Male,Control,2,R,58310
3,4,47,Male,Control,1.142857143,R,58310
3,5,47,Male,Control,1.142857143,R,58310
3,2,48,Male,RNAi,1.142857143,R,58310
3,4,48,Male,RNAi,1.142857143,R,58310
3,3,48,Male,RNAi,0.857142857,R,58310
3,1,48,Male,RNAi,1.142857143,R,58310
3,5,48,Male,RNAi,0.857142857,R,58310
1,1,1,Male,Control,1.428571429,S,25836
1,5,1,Male,Control,2.571428571,S,25836
1,3,1,Male,Control,0.857142857,S,25836
1,2,1,Male,Control,1.428571429,S,25836
1,4,1,Male,Control,0.857142857,S,25836
1,1,2,Female,RNAi,6,S,25836
1,2,2,Female,RNAi,6,S,25836
1,3,2,Female,RNAi,6,S,25836
1,5,2,Female,RNAi,4.571428571,S,25836
1,4,2,Female,RNAi,8,S,25836
1,1,3,Male,RNAi,6,S,25836
1,3,3,Male,RNAi,3.428571429,S,25836
1,2,3,Male,RNAi,6,S,25836
1,4,3,Male,RNAi,3.714285714,S,25836
1,5,3,Male,RNAi,2,S,25836
1,4,4,Female,Control,8,S,25836
1,3,4,Female,Control,3.428571429,S,25836
1,1,4,Female,Control,1.714285714,S,25836
1,5,4,Female,Control,6,S,25836
1,2,4,Female,Control,1.714285714,S,25836
1,4,5,Male,Control,1.428571429,S,25836
1,1,5,Male,Control,1.714285714,S,25836
1,5,5,Male,Control,3.142857143,S,25836
1,3,5,Male,Control,1.142857143,S,25836
1,2,5,Male,Control,2,S,25836
1,1,6,Male,RNAi,2.428571429,S,25836
1,2,6,Male,RNAi,2.428571429,S,25836
1,4,6,Male,RNAi,1.448979592,S,25836
1,3,6,Male,RNAi,0.795918367,S,25836
1,5,6,Male,RNAi,2.102040816,S,25836
1,2,7,Female,Control,6,S,25836
1,1,7,Female,Control,3.142857143,S,25836
1,3,7,Female,Control,4.285714286,S,25836
1,4,7,Female,Control,6,S,25836
1,5,7,Female,Control,6,S,25836
1,2,8,Female,RNAi,1.428571429,S,25836
1,4,8,Female,RNAi,1.428571429,S,25836
1,3,8,Female,RNAi,1.714285714,S,25836
1,1,8,Female,RNAi,2.285714286,S,25836
1,5,8,Female,RNAi,0.857142857,S,25836
1,5,9,Male,RNAi,2.571428571,S,25836
1,4,9,Male,RNAi,4.571428571,S,25836
1,2,9,Male,RNAi,2.571428571,S,25836
1,1,9,Male,RNAi,1.714285714,S,25836
1,3,9,Male,RNAi,2.571428571,S,25836
1,5,10,Male,Control,4.285714286,S,25836
1,1,10,Male,Control,2,S,25836
1,2,10,Male,Control,2.571428571,S,25836
1,4,10,Male,Control,3.142857143,S,25836
1,3,10,Male,Control,6,S,25836
1,5,11,Female,Control,4.285714286,S,25836
1,2,11,Female,Control,1.142857143,S,25836
1,1,11,Female,Control,1.428571429,S,25836
1,3,11,Female,Control,1.142857143,S,25836
1,4,11,Female,Control,2.285714286,S,25836
1,3,12,Female,RNAi,6,S,25836
1,2,12,Female,RNAi,3.142857143,S,25836
1,5,12,Female,RNAi,4.285714286,S,25836
1,4,12,Female,RNAi,6,S,25836
1,1,12,Female,RNAi,1.142857143,S,25836
1,3,13,Female,RNAi,4.571428571,S,25836
1,5,13,Female,RNAi,8,S,25836
1,4,13,Female,RNAi,8,S,25836
1,2,13,Female,RNAi,2,S,25836
1,1,13,Female,RNAi,3.714285714,S,25836
1,5,14,Male,Control,1.714285714,S,25836
1,1,14,Male,Control,1.142857143,S,25836
1,3,14,Male,Control,4.285714286,S,25836
1,2,14,Male,Control,1.714285714,S,25836
1,4,14,Male,Control,6,S,25836
1,1,15,Female,Control,2,S,25836
1,5,15,Female,Control,3.142857143,S,25836
1,2,15,Female,Control,2,S,25836
1,3,15,Female,Control,2.571428571,S,25836
1,4,15,Female,Control,2.285714286,S,25836
1,1,16,Male,RNAi,2.571428571,S,25836
1,3,16,Male,RNAi,3.428571429,S,25836
1,2,16,Male,RNAi,2.285714286,S,25836
1,5,16,Male,RNAi,1.428571429,S,25836
1,4,16,Male,RNAi,3.428571429,S,25836
1,4,17,Male,RNAi,1.142857143,S,25836
1,3,17,Male,RNAi,4.571428571,S,25836
1,1,17,Male,RNAi,1.714285714,S,25836
1,5,17,Male,RNAi,3.142857143,S,25836
1,2,17,Male,RNAi,2,S,25836
1,4,18,Female,RNAi,2,S,25836
1,5,18,Female,RNAi,3.142857143,S,25836
1,1,18,Female,RNAi,2.857142857,S,25836
1,3,18,Female,RNAi,3.142857143,S,25836
1,2,18,Female,RNAi,3.142857143,S,25836
1,4,19,Female,Control,6,S,25836
1,1,19,Female,Control,4.285714286,S,25836
1,5,19,Female,Control,8,S,25836
1,2,19,Female,Control,6,S,25836
1,3,19,Female,Control,8,S,25836
1,2,20,Male,Control,1.428571429,S,25836
1,1,20,Male,Control,1.142857143,S,25836
1,4,20,Male,Control,0.571428571,S,25836
1,3,20,Male,Control,2,S,25836
1,5,20,Male,Control,2.285714286,S,25836
1,2,21,Female,Control,2.571428571,S,25836
1,4,21,Female,Control,1.714285714,S,25836
1,3,21,Female,Control,2.857142857,S,25836
1,1,21,Female,Control,0.857142857,S,25836
1,5,21,Female,Control,4.285714286,S,25836
1,4,22,Male,Control,1.142857143,S,25836
1,5,22,Male,Control,1.428571429,S,25836
1,2,22,Male,Control,1.428571429,S,25836
1,1,22,Male,Control,2.857142857,S,25836
1,3,22,Male,Control,1.142857143,S,25836
1,5,23,Female,RNAi,4.285714286,S,25836
1,4,23,Female,RNAi,6,S,25836
1,1,23,Female,RNAi,0.857142857,S,25836
1,2,23,Female,RNAi,0.857142857,S,25836
1,3,23,Female,RNAi,1.714285714,S,25836
1,5,24,Male,RNAi,4.285714286,S,25836
1,2,24,Male,RNAi,4.571428571,S,25836
1,1,24,Male,RNAi,1.714285714,S,25836
1,4,24,Male,RNAi,2.571428571,S,25836
1,3,24,Male,RNAi,1.142857143,S,25836
1,3,25,Male,Control,4.571428571,S,25836
1,2,25,Male,Control,1.714285714,S,25836
1,5,25,Male,Control,2,S,25836
1,4,25,Male,Control,2,S,25836
1,1,25,Male,Control,2,S,25836
1,3,26,Female,Control,7,S,25836
1,4,26,Female,Control,7,S,25836
1,5,26,Female,Control,7,S,25836
1,2,26,Female,Control,3.734693878,S,25836
1,1,26,Female,Control,2.428571429,S,25836
1,3,27,Male,RNAi,1.428571429,S,25836
1,5,27,Male,RNAi,2,S,25836
1,4,27,Male,RNAi,2,S,25836
1,1,27,Male,RNAi,3.142857143,S,25836
1,2,27,Male,RNAi,1.714285714,S,25836
1,1,28,Female,RNAi,2.857142857,S,25836
1,5,28,Female,RNAi,4.285714286,S,25836
1,3,28,Female,RNAi,8,S,25836
1,2,28,Female,RNAi,4.285714286,S,25836
1,4,28,Female,RNAi,6,S,25836
1,1,29,Female,Control,2,S,25836
1,3,29,Female,Control,2.571428571,S,25836
1,2,29,Female,Control,2.571428571,S,25836
1,5,29,Female,Control,2.571428571,S,25836
1,4,29,Female,Control,3.142857143,S,25836
1,3,30,Male,RNAi,6,S,25836
1,4,30,Male,RNAi,2,S,25836
1,1,30,Male,RNAi,1.428571429,S,25836
1,5,30,Male,RNAi,3.714285714,S,25836
1,2,30,Male,RNAi,3.142857143,S,25836
1,4,31,Female,RNAi,2.571428571,S,25836
1,3,31,Female,RNAi,2.571428571,S,25836
1,5,31,Female,RNAi,6,S,25836
1,1,31,Female,RNAi,6,S,25836
1,2,31,Female,RNAi,2,S,25836
1,4,32,Male,Control,3.714285714,S,25836
1,1,32,Male,Control,1.428571429,S,25836
1,5,32,Male,Control,3.142857143,S,25836
1,3,32,Male,Control,1.714285714,S,25836
1,2,32,Male,Control,6,S,25836
1,2,33,Female,RNAi,6,S,25836
1,1,33,Female,RNAi,2,S,25836
1,4,33,Female,RNAi,4.571428571,S,25836
1,3,33,Female,RNAi,3.714285714,S,25836
1,5,33,Female,RNAi,6,S,25836
1,2,34,Male,Control,2.857142857,S,25836
1,3,34,Male,Control,3.142857143,S,25836
1,4,34,Male,Control,1.142857143,S,25836
1,1,34,Male,Control,0.857142857,S,25836
1,5,34,Male,Control,1.428571429,S,25836
1,2,35,Female,Control,1.142857143,S,25836
1,4,35,Female,Control,2,S,25836
1,3,35,Female,Control,2,S,25836
1,5,35,Female,Control,4.285714286,S,25836
1,1,35,Female,Control,2,S,25836
1,5,36,Male,RNAi,1.714285714,S,25836
1,4,36,Male,RNAi,1.428571429,S,25836
1,2,36,Male,RNAi,2,S,25836
1,1,36,Male,RNAi,2,S,25836
1,3,36,Male,RNAi,2.285714286,S,25836
1,5,37,Female,Control,4.571428571,S,25836
1,2,37,Female,Control,1.428571429,S,25836
1,1,37,Female,Control,2,S,25836
1,4,37,Female,Control,4.571428571,S,25836
1,3,37,Female,Control,2.285714286,S,25836
1,2,38,Female,RNAi,8,S,25836
1,3,38,Female,RNAi,8,S,25836
1,5,38,Female,RNAi,4.571428571,S,25836
1,4,38,Female,RNAi,2.571428571,S,25836
1,1,38,Female,RNAi,2.857142857,S,25836
1,3,39,Male,Control,2,S,25836
1,2,39,Male,Control,2.285714286,S,25836
1,4,39,Male,Control,4.571428571,S,25836
1,5,39,Male,Control,2.857142857,S,25836
1,1,39,Male,Control,2,S,25836
1,3,40,Male,RNAi,2.571428571,S,25836
1,5,40,Male,RNAi,3.142857143,S,25836
1,4,40,Male,RNAi,2.571428571,S,25836
1,2,40,Male,RNAi,1.428571429,S,25836
1,1,40,Male,RNAi,0.857142857,S,25836
1,1,41,Female,RNAi,6,S,25836
1,5,41,Female,RNAi,2.857142857,S,25836
1,3,41,Female,RNAi,2.857142857,S,25836
1,2,41,Female,RNAi,3.142857143,S,25836
1,4,41,Female,RNAi,3.142857143,S,25836
1,1,42,Male,Control,1.428571429,S,25836
1,2,42,Male,Control,1.714285714,S,25836
1,3,42,Male,Control,3.142857143,S,25836
1,5,42,Male,Control,4.571428571,S,25836
1,4,42,Male,Control,3.142857143,S,25836
1,1,43,Female,Control,3.714285714,S,25836
1,3,43,Female,Control,8,S,25836
1,2,43,Female,Control,3.714285714,S,25836
1,4,43,Female,Control,4.571428571,S,25836
1,5,43,Female,Control,8,S,25836
1,4,44,Male,RNAi,2,S,25836
1,3,44,Male,RNAi,3.142857143,S,25836
1,1,44,Male,RNAi,4.571428571,S,25836
1,5,44,Male,RNAi,2.571428571,S,25836
1,2,44,Male,RNAi,6,S,25836
1,4,45,Female,RNAi,4.285714286,S,25836
1,1,45,Female,RNAi,3.142857143,S,25836
1,5,45,Female,RNAi,8,S,25836
1,3,45,Female,RNAi,4.571428571,S,25836
1,2,45,Female,RNAi,4.571428571,S,25836
1,1,46,Female,Control,2.571428571,S,25836
1,2,46,Female,Control,3.714285714,S,25836
1,4,46,Female,Control,2,S,25836
1,3,46,Female,Control,1.714285714,S,25836
1,5,46,Female,Control,1.428571429,S,25836
1,2,47,Male,RNAi,6,S,25836
1,1,47,Male,RNAi,6,S,25836
1,3,47,Male,RNAi,6,S,25836
1,4,47,Male,RNAi,8,S,25836
1,5,47,Male,RNAi,8,S,25836
1,2,48,Male,Control,2,S,25836
1,4,48,Male,Control,2.571428571,S,25836
1,3,48,Male,Control,2,S,25836
1,1,48,Male,Control,1.428571429,S,25836
1,5,48,Male,Control,2,S,25836
2,1,1,Female,Control,4.285714286,S,25836
2,3,1,Female,Control,2.571428571,S,25836
2,5,1,Female,Control,3.142857143,S,25836
2,2,1,Female,Control,1.428571429,S,25836
2,4,1,Female,Control,3.714285714,S,25836
2,4,2,Male,Control,1.448979592,S,25836
2,1,2,Male,Control,1.12244898,S,25836
2,5,2,Male,Control,0.795918367,S,25836
2,2,2,Male,Control,0.795918367,S,25836
2,3,2,Male,Control,1.12244898,S,25836
2,5,3,Female,RNAi,2.285714286,S,25836
2,4,3,Female,RNAi,2.571428571,S,25836
2,3,3,Female,RNAi,2.571428571,S,25836
2,2,3,Female,RNAi,2.571428571,S,25836
2,1,3,Female,RNAi,3.142857143,S,25836
2,5,4,Male,RNAi,2.571428571,S,25836
2,4,4,Male,RNAi,0.857142857,S,25836
2,3,4,Male,RNAi,1.428571429,S,25836
2,2,4,Male,RNAi,0.857142857,S,25836
2,1,4,Male,RNAi,1.428571429,S,25836
2,5,5,Male,RNAi,1.142857143,S,25836
2,4,5,Male,RNAi,1.142857143,S,25836
2,3,5,Male,RNAi,2.285714286,S,25836
2,2,5,Male,RNAi,1.714285714,S,25836
2,1,5,Male,RNAi,3.142857143,S,25836
2,3,6,Male,Control,1.142857143,S,25836
2,4,6,Male,Control,0.285714286,S,25836
2,1,6,Male,Control,1.142857143,S,25836
2,5,6,Male,Control,1.714285714,S,25836
2,2,6,Male,Control,2,S,25836
2,2,7,Female,RNAi,4.571428571,S,25836
2,4,7,Female,RNAi,4.571428571,S,25836
2,1,7,Female,RNAi,4.571428571,S,25836
2,3,7,Female,RNAi,4.571428571,S,25836
2,5,7,Female,RNAi,4.571428571,S,25836
2,5,8,Female,Control,4.285714286,S,25836
2,3,8,Female,Control,6,S,25836
2,2,8,Female,Control,4.285714286,S,25836
2,4,8,Female,Control,4.285714286,S,25836
2,1,8,Female,Control,1.142857143,S,25836
2,5,9,Male,Control,2,S,25836
2,3,9,Male,Control,1.142857143,S,25836
2,4,9,Male,Control,4.285714286,S,25836
2,1,9,Male,Control,1.714285714,S,25836
2,2,9,Male,Control,0.857142857,S,25836
2,3,10,Female,Control,3.428571429,S,25836
2,4,10,Female,Control,2.571428571,S,25836
2,1,10,Female,Control,1.428571429,S,25836
2,2,10,Female,Control,3.142857143,S,25836
2,5,10,Female,Control,2.571428571,S,25836
2,5,11,Male,RNAi,2,S,25836
2,3,11,Male,RNAi,0.857142857,S,25836
2,4,11,Male,RNAi,0.857142857,S,25836
2,1,11,Male,RNAi,1.428571429,S,25836
2,2,11,Male,RNAi,1.714285714,S,25836
2,3,12,Female,RNAi,6,S,25836
2,4,12,Female,RNAi,6,S,25836
2,1,12,Female,RNAi,1.714285714,S,25836
2,2,12,Female,RNAi,1.142857143,S,25836
2,5,12,Female,RNAi,8,S,25836
2,5,13,Female,RNAi,2.571428571,S,25836
2,3,13,Female,RNAi,1.428571429,S,25836
2,2,13,Female,RNAi,1.142857143,S,25836
2,4,13,Female,RNAi,4.285714286,S,25836
2,1,13,Female,RNAi,0.857142857,S,25836
2,5,14,Female,Control,8,S,25836
2,1,14,Female,Control,3.142857143,S,25836
2,3,14,Female,Control,2.571428571,S,25836
2,2,14,Female,Control,6,S,25836
2,4,14,Female,Control,2.285714286,S,25836
2,5,15,Male,Control,1.428571429,S,25836
2,4,15,Male,Control,1.714285714,S,25836
2,2,15,Male,Control,0.571428571,S,25836
2,3,15,Male,Control,1.428571429,S,25836
2,1,15,Male,Control,1.142857143,S,25836
2,3,16,Male,RNAi,2,S,25836
2,1,16,Male,RNAi,0.857142857,S,25836
2,4,16,Male,RNAi,1.428571429,S,25836
2,5,16,Male,RNAi,0.857142857,S,25836
2,2,16,Male,RNAi,0.571428571,S,25836
2,3,17,Female,RNAi,2.571428571,S,25836
2,1,17,Female,RNAi,3.428571429,S,25836
2,2,17,Female,RNAi,3.428571429,S,25836
2,5,17,Female,RNAi,3.714285714,S,25836
2,4,17,Female,RNAi,3.428571429,S,25836
2,3,18,Male,RNAi,0.571428571,S,25836
2,4,18,Male,RNAi,0.857142857,S,25836
2,2,18,Male,RNAi,0.571428571,S,25836
2,5,18,Male,RNAi,1.142857143,S,25836
2,1,18,Male,RNAi,1.428571429,S,25836
2,3,19,Male,Control,2,S,25836
2,4,19,Male,Control,0.571428571,S,25836
2,2,19,Male,Control,1.142857143,S,25836
2,5,19,Male,Control,0.857142857,S,25836
2,1,19,Male,Control,2.571428571,S,25836
2,5,20,Female,Control,4.571428571,S,25836
2,4,20,Female,Control,4.571428571,S,25836
2,2,20,Female,Control,3.142857143,S,25836
2,1,20,Female,Control,1.428571429,S,25836
2,3,20,Female,Control,4.571428571,S,25836
2,4,21,Female,Control,4.285714286,S,25836
2,5,21,Female,Control,4.285714286,S,25836
2,3,21,Female,Control,4.571428571,S,25836
2,2,21,Female,Control,2.285714286,S,25836
2,1,21,Female,Control,2.857142857,S,25836
2,4,22,Female,RNAi,0.857142857,S,25836
2,5,22,Female,RNAi,2.285714286,S,25836
2,3,22,Female,RNAi,2.285714286,S,25836
2,1,22,Female,RNAi,1.714285714,S,25836
2,2,22,Female,RNAi,1.142857143,S,25836
2,2,23,Male,Control,0.857142857,S,25836
2,5,23,Male,Control,1.142857143,S,25836
2,3,23,Male,Control,3.714285714,S,25836
2,1,23,Male,Control,1.428571429,S,25836
2,4,23,Male,Control,3.142857143,S,25836
2,2,24,Male,RNAi,3.142857143,S,25836
2,5,24,Male,RNAi,3.714285714,S,25836
2,3,24,Male,RNAi,3.142857143,S,25836
2,1,24,Male,RNAi,2,S,25836
2,4,24,Male,RNAi,2,S,25836
2,2,25,Male,Control,1.142857143,S,25836
2,5,25,Male,Control,2,S,25836
2,3,25,Male,Control,1.714285714,S,25836
2,1,25,Male,Control,1.714285714,S,25836
2,4,25,Male,Control,1.142857143,S,25836
2,4,26,Male,RNAi,1.142857143,S,25836
2,5,26,Male,RNAi,2,S,25836
2,3,26,Male,RNAi,1.142857143,S,25836
2,1,26,Male,RNAi,0.571428571,S,25836
2,2,26,Male,RNAi,0.857142857,S,25836
2,5,27,Female,RNAi,2,S,25836
2,4,27,Female,RNAi,2,S,25836
2,3,27,Female,RNAi,2,S,25836
2,1,27,Female,RNAi,2,S,25836
2,2,27,Female,RNAi,3.142857143,S,25836
2,3,28,Female,Control,5.040816327,S,25836
2,5,28,Female,Control,1.775510204,S,25836
2,4,28,Female,Control,2.102040816,S,25836
2,2,28,Female,Control,3.081632653,S,25836
2,1,28,Female,Control,3.081632653,S,25836
2,5,29,Male,Control,1.714285714,S,25836
2,1,29,Male,Control,3.714285714,S,25836
2,4,29,Male,Control,1.428571429,S,25836
2,2,29,Male,Control,1.714285714,S,25836
2,3,29,Male,Control,2.857142857,S,25836
2,5,30,Female,Control,8,S,25836
2,1,30,Female,Control,3.142857143,S,25836
2,4,30,Female,Control,3.142857143,S,25836
2,2,30,Female,Control,6,S,25836
2,3,30,Female,Control,8,S,25836
2,2,31,Male,RNAi,2.571428571,S,25836
2,1,31,Male,RNAi,1.142857143,S,25836
2,4,31,Male,RNAi,1.142857143,S,25836
2,5,31,Male,RNAi,2,S,25836
2,3,31,Male,RNAi,0.857142857,S,25836
2,4,32,Female,RNAi,6,S,25836
2,1,32,Female,RNAi,3.714285714,S,25836
2,2,32,Female,RNAi,4.571428571,S,25836
2,5,32,Female,RNAi,6,S,25836
2,3,32,Female,RNAi,4.571428571,S,25836
2,5,33,Male,RNAi,2,S,25836
2,3,33,Male,RNAi,2.571428571,S,25836
2,4,33,Male,RNAi,2.571428571,S,25836
2,2,33,Male,RNAi,2.285714286,S,25836
2,1,33,Male,RNAi,3.142857143,S,25836
2,2,34,Female,RNAi,3.428571429,S,25836
2,4,34,Female,RNAi,6,S,25836
2,3,34,Female,RNAi,4.571428571,S,25836
2,5,34,Female,RNAi,6,S,25836
2,1,34,Female,RNAi,6,S,25836
2,5,35,Male,Control,1.428571429,S,25836
2,2,35,Male,Control,2,S,25836
2,4,35,Male,Control,0.857142857,S,25836
2,3,35,Male,Control,2,S,25836
2,1,35,Male,Control,2,S,25836
2,1,36,Female,Control,8,S,25836
2,4,36,Female,Control,6,S,25836
2,5,36,Female,Control,4.285714286,S,25836
2,2,36,Female,Control,8,S,25836
2,3,36,Female,Control,8,S,25836
2,4,37,Male,Control,0.571428571,S,25836
2,5,37,Male,Control,1.142857143,S,25836
2,2,37,Male,Control,1.428571429,S,25836
2,3,37,Male,Control,1.714285714,S,25836
2,1,37,Male,Control,3.142857143,S,25836
2,1,38,Female,Control,4.285714286,S,25836
2,4,38,Female,Control,8,S,25836
2,5,38,Female,Control,8,S,25836
2,2,38,Female,Control,8,S,25836
2,3,38,Female,Control,8,S,25836
2,4,39,Female,RNAi,3.142857143,S,25836
2,5,39,Female,RNAi,6,S,25836
2,2,39,Female,RNAi,4.285714286,S,25836
2,3,39,Female,RNAi,4.285714286,S,25836
2,1,39,Female,RNAi,2.857142857,S,25836
2,5,40,Male,RNAi,4.571428571,S,25836
2,2,40,Male,RNAi,3.142857143,S,25836
2,4,40,Male,RNAi,1.714285714,S,25836
2,3,40,Male,RNAi,4.285714286,S,25836
2,1,40,Male,RNAi,3.142857143,S,25836
2,1,41,Female,Control,3.714285714,S,25836
2,3,41,Female,Control,3.714285714,S,25836
2,5,41,Female,Control,3.714285714,S,25836
2,2,41,Female,Control,3.714285714,S,25836
2,4,41,Female,Control,3.714285714,S,25836
2,4,42,Male,RNAi,1.142857143,S,25836
2,1,42,Male,RNAi,1.142857143,S,25836
2,5,42,Male,RNAi,1.142857143,S,25836
2,2,42,Male,RNAi,0.571428571,S,25836
2,3,42,Male,RNAi,1.428571429,S,25836
2,5,44,Male,Control,1.428571429,S,25836
2,4,44,Male,Control,1.428571429,S,25836
2,3,44,Male,Control,1.428571429,S,25836
2,2,44,Male,Control,3.142857143,S,25836
2,1,44,Male,Control,2.857142857,S,25836
2,5,45,Male,RNAi,1.142857143,S,25836
2,4,45,Male,RNAi,1.142857143,S,25836
2,3,45,Male,RNAi,1.142857143,S,25836
2,2,45,Male,RNAi,1.714285714,S,25836
2,1,45,Male,RNAi,2.571428571,S,25836
2,5,46,Male,Control,0.857142857,S,25836
2,4,46,Male,Control,1.142857143,S,25836
2,3,46,Male,Control,3.142857143,S,25836
2,2,46,Male,Control,3.142857143,S,25836
2,1,46,Male,Control,1.142857143,S,25836
2,3,47,Female,RNAi,4.285714286,S,25836
2,4,47,Female,RNAi,8,S,25836
2,1,47,Female,RNAi,2.857142857,S,25836
2,5,47,Female,RNAi,6,S,25836
2,2,47,Female,RNAi,4.285714286,S,25836
2,2,48,Female,Control,3.714285714,S,25836
2,4,48,Female,Control,2,S,25836
2,1,48,Female,Control,2.571428571,S,25836
2,3,48,Female,Control,3.714285714,S,25836
2,5,48,Female,Control,2,S,25836
3,1,1,Male,RNAi,2,S,25836
3,3,1,Male,RNAi,1.428571429,S,25836
3,5,1,Male,RNAi,1.142857143,S,25836
3,2,1,Male,RNAi,0.944444444,S,25836
3,4,1,Male,RNAi,0.857142857,S,25836
3,4,2,Female,Control,3.428571429,S,25836
3,1,2,Female,Control,2,S,25836
3,5,2,Female,Control,3.428571429,S,25836
3,2,2,Female,Control,4.571428571,S,25836
3,3,2,Female,Control,3.428571429,S,25836
3,5,4,Female,RNAi,4.571428571,S,25836
3,4,4,Female,RNAi,3.142857143,S,25836
3,3,4,Female,RNAi,3.142857143,S,25836
3,2,4,Female,RNAi,1.142857143,S,25836
3,1,4,Female,RNAi,2,S,25836
3,5,5,Male,Control,0.857142857,S,25836
3,4,5,Male,Control,2.857142857,S,25836
3,3,5,Male,Control,3.142857143,S,25836
3,2,5,Male,Control,0.571428571,S,25836
3,1,5,Male,Control,0.571428571,S,25836
3,5,6,Male,RNAi,2,S,25836
3,4,6,Male,RNAi,4.571428571,S,25836
3,3,6,Male,RNAi,3.142857143,S,25836
3,2,6,Male,RNAi,2.857142857,S,25836
3,1,6,Male,RNAi,2.285714286,S,25836
3,3,7,Female,Control,4.571428571,S,25836
3,4,7,Female,Control,6,S,25836
3,1,7,Female,Control,6,S,25836
3,5,7,Female,Control,3.142857143,S,25836
3,2,7,Female,Control,4.285714286,S,25836
3,2,8,Female,RNAi,1.142857143,S,25836
3,4,8,Female,RNAi,3.714285714,S,25836
3,1,8,Female,RNAi,3.714285714,S,25836
3,3,8,Female,RNAi,3.142857143,S,25836
3,5,8,Female,RNAi,6,S,25836
3,5,9,Female,RNAi,6,S,25836
3,3,9,Female,RNAi,3.142857143,S,25836
3,2,9,Female,RNAi,1.428571429,S,25836
3,4,9,Female,RNAi,3.142857143,S,25836
3,1,9,Female,RNAi,1.142857143,S,25836
3,5,10,Female,Control,4.571428571,S,25836
3,3,10,Female,Control,6,S,25836
3,4,10,Female,Control,3.142857143,S,25836
3,1,10,Female,Control,4.285714286,S,25836
3,2,10,Female,Control,2.285714286,S,25836
3,3,11,Male,RNAi,2.571428571,S,25836
3,4,11,Male,RNAi,1.428571429,S,25836
3,1,11,Male,RNAi,1.714285714,S,25836
3,2,11,Male,RNAi,1.142857143,S,25836
3,5,11,Male,RNAi,2,S,25836
3,5,12,Male,Control,2.571428571,S,25836
3,3,12,Male,Control,6,S,25836
3,4,12,Male,Control,4.285714286,S,25836
3,1,12,Male,Control,1.714285714,S,25836
3,2,12,Male,Control,1.428571429,S,25836
3,3,13,Male,RNAi,4.571428571,S,25836
3,4,13,Male,RNAi,3.142857143,S,25836
3,1,13,Male,RNAi,2.571428571,S,25836
3,2,13,Male,RNAi,2.571428571,S,25836
3,5,13,Male,RNAi,2.571428571,S,25836
3,5,14,Female,RNAi,4.285714286,S,25836
3,3,14,Female,RNAi,4.285714286,S,25836
3,2,14,Female,RNAi,3.142857143,S,25836
3,4,14,Female,RNAi,4.571428571,S,25836
3,1,14,Female,RNAi,6,S,25836
3,5,15,Male,Control,0.571428571,S,25836
3,1,15,Male,Control,0.571428571,S,25836
3,3,15,Male,Control,0.857142857,S,25836
3,2,15,Male,Control,0.857142857,S,25836
3,4,15,Male,Control,0.857142857,S,25836
3,5,16,Female,Control,4.571428571,S,25836
3,4,16,Female,Control,3.142857143,S,25836
3,2,16,Female,Control,2.857142857,S,25836
3,3,16,Female,Control,2.857142857,S,25836
3,1,16,Female,Control,4.571428571,S,25836
3,3,17,Male,Control,2,S,25836
3,1,17,Male,Control,3.714285714,S,25836
3,4,17,Male,Control,3.428571429,S,25836
3,5,17,Male,Control,3.714285714,S,25836
3,2,17,Male,Control,2.857142857,S,25836
3,3,18,Female,Control,2,S,25836
3,1,18,Female,Control,2,S,25836
3,2,18,Female,Control,3.142857143,S,25836
3,5,18,Female,Control,4.571428571,S,25836
3,4,18,Female,Control,4.571428571,S,25836
3,3,19,Male,RNAi,0.571428571,S,25836
3,4,19,Male,RNAi,1.142857143,S,25836
3,2,19,Male,RNAi,0.857142857,S,25836
3,5,19,Male,RNAi,1.428571429,S,25836
3,1,19,Male,RNAi,0.857142857,S,25836
3,3,20,Female,RNAi,1.142857143,S,25836
3,4,20,Female,RNAi,1.142857143,S,25836
3,2,20,Female,RNAi,2.571428571,S,25836
3,5,20,Female,RNAi,0.857142857,S,25836
3,1,20,Female,RNAi,2,S,25836
3,5,21,Female,Control,8,S,25836
3,4,21,Female,Control,8,S,25836
3,2,21,Female,Control,2,S,25836
3,1,21,Female,Control,1.714285714,S,25836
3,3,21,Female,Control,6,S,25836
3,4,22,Male,Control,1.714285714,S,25836
3,5,22,Male,Control,2,S,25836
3,3,22,Male,Control,1.428571429,S,25836
3,2,22,Male,Control,1.428571429,S,25836
3,1,22,Male,Control,2.571428571,S,25836
3,4,23,Male,RNAi,1.428571429,S,25836
3,5,23,Male,RNAi,2.285714286,S,25836
3,3,23,Male,RNAi,0.857142857,S,25836
3,1,23,Male,RNAi,2,S,25836
3,2,23,Male,RNAi,3.142857143,S,25836
3,2,24,Female,RNAi,3.142857143,S,25836
3,5,24,Female,RNAi,8,S,25836
3,3,24,Female,RNAi,6,S,25836
3,1,24,Female,RNAi,3.714285714,S,25836
3,4,24,Female,RNAi,8,S,25836
3,2,25,Female,Control,8,S,25836
3,5,25,Female,Control,6,S,25836
3,3,25,Female,Control,6,S,25836
3,1,25,Female,Control,2.857142857,S,25836
3,4,25,Female,Control,8,S,25836
3,2,26,Male,Control,2.571428571,S,25836
3,5,26,Male,Control,1.714285714,S,25836
3,3,26,Male,Control,3.142857143,S,25836
3,1,26,Male,Control,1.142857143,S,25836
3,4,26,Male,Control,4.571428571,S,25836
3,4,27,Female,RNAi,3.428571429,S,25836
3,5,27,Female,RNAi,3.428571429,S,25836
3,3,27,Female,RNAi,3.428571429,S,25836
3,1,27,Female,RNAi,1.714285714,S,25836
3,2,27,Female,RNAi,2.571428571,S,25836
3,5,28,Male,RNAi,0.857142857,S,25836
3,4,28,Male,RNAi,1.142857143,S,25836
3,3,28,Male,RNAi,1.142857143,S,25836
3,1,28,Male,RNAi,1.428571429,S,25836
3,2,28,Male,RNAi,2,S,25836
3,3,29,Female,RNAi,3.428571429,S,25836
3,5,29,Female,RNAi,3.714285714,S,25836
3,4,29,Female,RNAi,3.428571429,S,25836
3,2,29,Female,RNAi,3.428571429,S,25836
3,1,29,Female,RNAi,3.714285714,S,25836
3,5,30,Female,Control,4.285714286,S,25836
3,1,30,Female,Control,4.571428571,S,25836
3,4,30,Female,Control,4.571428571,S,25836
3,2,30,Female,Control,3.714285714,S,25836
3,3,30,Female,Control,3.714285714,S,25836
3,5,31,Male,Control,1.142857143,S,25836
3,1,31,Male,Control,1.142857143,S,25836
3,4,31,Male,Control,1.142857143,S,25836
3,2,31,Male,Control,3.142857143,S,25836
3,3,31,Male,Control,3.142857143,S,25836
3,2,32,Male,RNAi,4.571428571,S,25836
3,1,32,Male,RNAi,2.285714286,S,25836
3,4,32,Male,RNAi,3.714285714,S,25836
3,5,32,Male,RNAi,3.714285714,S,25836
3,3,32,Male,RNAi,3.714285714,S,25836
3,4,33,Male,Control,3.142857143,S,25836
3,1,33,Male,Control,1.142857143,S,25836
3,2,33,Male,Control,3.714285714,S,25836
3,5,33,Male,Control,4.571428571,S,25836
3,3,33,Male,Control,2.857142857,S,25836
3,5,34,Female,Control,4.285714286,S,25836
3,3,34,Female,Control,3.428571429,S,25836
3,4,34,Female,Control,3.714285714,S,25836
3,2,34,Female,Control,3.714285714,S,25836
3,1,34,Female,Control,1.714285714,S,25836
3,2,35,Male,RNAi,3.428571429,S,25836
3,4,35,Male,RNAi,4.571428571,S,25836
3,3,35,Male,RNAi,3.714285714,S,25836
3,5,35,Male,RNAi,3.142857143,S,25836
3,1,35,Male,RNAi,3.714285714,S,25836
3,5,36,Female,RNAi,8,S,25836
3,2,36,Female,RNAi,8,S,25836
3,4,36,Female,RNAi,8,S,25836
3,3,36,Female,RNAi,8,S,25836
3,1,36,Female,RNAi,8,S,25836
3,1,37,Female,RNAi,2.285714286,S,25836
3,4,37,Female,RNAi,8,S,25836
3,5,37,Female,RNAi,8,S,25836
3,2,37,Female,RNAi,6,S,25836
3,3,37,Female,RNAi,6,S,25836
3,4,38,Male,RNAi,8,S,25836
3,5,38,Male,RNAi,6,S,25836
3,2,38,Male,RNAi,3.142857143,S,25836
3,3,38,Male,RNAi,8,S,25836
3,1,38,Male,RNAi,2.571428571,S,25836
3,1,39,Male,Control,1.428571429,S,25836
3,4,39,Male,Control,2.857142857,S,25836
3,5,39,Male,Control,2,S,25836
3,2,39,Male,Control,2,S,25836
3,3,39,Male,Control,0.857142857,S,25836
3,4,40,Female,Control,4.571428571,S,25836
3,5,40,Female,Control,6,S,25836
3,2,40,Female,Control,8,S,25836
3,3,40,Female,Control,4.285714286,S,25836
3,1,40,Female,Control,2.571428571,S,25836
3,5,41,Male,Control,0.857142857,S,25836
3,2,41,Male,Control,2,S,25836
3,4,41,Male,Control,4.285714286,S,25836
3,3,41,Male,Control,1.714285714,S,25836
3,1,41,Male,Control,0.571428571,S,25836
3,1,42,Female,Control,8,S,25836
3,3,42,Female,Control,8,S,25836
3,5,42,Female,Control,8,S,25836
3,2,42,Female,Control,6,S,25836
3,4,42,Female,Control,8,S,25836
3,4,43,Male,RNAi,3.142857143,S,25836
3,1,43,Male,RNAi,1.428571429,S,25836
3,5,43,Male,RNAi,2.285714286,S,25836
3,2,43,Male,RNAi,3.714285714,S,25836
3,3,43,Male,RNAi,2.571428571,S,25836
3,5,44,Female,RNAi,4.571428571,S,25836
3,4,44,Female,RNAi,6,S,25836
3,3,44,Female,RNAi,8,S,25836
3,2,44,Female,RNAi,3.142857143,S,25836
3,1,44,Female,RNAi,3.142857143,S,25836
3,5,45,Female,Control,4.571428571,S,25836
3,4,45,Female,Control,4.285714286,S,25836
3,3,45,Female,Control,6,S,25836
3,2,45,Female,Control,8,S,25836
3,1,45,Female,Control,6,S,25836
3,5,46,Male,RNAi,1.142857143,S,25836
3,4,46,Male,RNAi,2.571428571,S,25836
3,3,46,Male,RNAi,2,S,25836
3,2,46,Male,RNAi,1.142857143,S,25836
3,1,46,Male,RNAi,1.428571429,S,25836
3,3,47,Male,Control,0.285714286,S,25836
3,4,47,Male,Control,1.142857143,S,25836
3,1,47,Male,Control,1.428571429,S,25836
3,5,47,Male,Control,2,S,25836
3,2,47,Male,Control,1.142857143,S,25836
3,2,48,Female,RNAi,4.571428571,S,25836
3,4,48,Female,RNAi,2.571428571,S,25836
3,1,48,Female,RNAi,6,S,25836
3,3,48,Female,RNAi,3.714285714,S,25836
3,5,48,Female,RNAi,2.571428571,S,25836
1,1,1,Male,RNAi,2.285714286,T,34321
1,5,1,Male,RNAi,1.428571429,T,34321
1,3,1,Male,RNAi,2,T,34321
1,2,1,Male,RNAi,2,T,34321
1,4,1,Male,RNAi,0.857142857,T,34321
1,1,2,Female,RNAi,6,T,34321
1,2,2,Female,RNAi,8,T,34321
1,3,2,Female,RNAi,6,T,34321
1,5,2,Female,RNAi,6,T,34321
1,4,2,Female,RNAi,6,T,34321
1,1,3,Male,Control,0.857142857,T,34321
1,3,3,Male,Control,0.571428571,T,34321
1,2,3,Male,Control,2,T,34321
1,4,3,Male,Control,0.857142857,T,34321
1,5,3,Male,Control,1.428571429,T,34321
1,4,4,Female,Control,4.285714286,T,34321
1,3,4,Female,Control,8,T,34321
1,1,4,Female,Control,4.285714286,T,34321
1,5,4,Female,Control,8,T,34321
1,2,4,Female,Control,4.571428571,T,34321
1,4,5,Female,Control,6,T,34321
1,1,5,Female,Control,6,T,34321
1,5,5,Female,Control,4.285714286,T,34321
1,3,5,Female,Control,4.571428571,T,34321
1,2,5,Female,Control,4.571428571,T,34321
1,1,6,Female,RNAi,8,T,34321
1,2,6,Female,RNAi,8,T,34321
1,4,6,Female,RNAi,8,T,34321
1,3,6,Female,RNAi,8,T,34321
1,5,6,Female,RNAi,8,T,34321
1,2,7,Male,RNAi,0.571428571,T,34321
1,1,7,Male,RNAi,2,T,34321
1,3,7,Male,RNAi,0.857142857,T,34321
1,4,7,Male,RNAi,2.571428571,T,34321
1,5,7,Male,RNAi,1.142857143,T,34321
1,2,8,Male,Control,2,T,34321
1,4,8,Male,Control,1.714285714,T,34321
1,3,8,Male,Control,2,T,34321
1,1,8,Male,Control,4.285714286,T,34321
1,5,8,Male,Control,1.428571429,T,34321
1,5,9,Male,Control,2,T,34321
1,4,9,Male,Control,2,T,34321
1,2,9,Male,Control,1.142857143,T,34321
1,1,9,Male,Control,0.857142857,T,34321
1,3,9,Male,Control,1.714285714,T,34321
1,5,10,Female,RNAi,1.714285714,T,34321
1,1,10,Female,RNAi,1.714285714,T,34321
1,2,10,Female,RNAi,1.714285714,T,34321
1,4,10,Female,RNAi,1.428571429,T,34321
1,3,10,Female,RNAi,2.571428571,T,34321
1,5,11,Female,Control,3.142857143,T,34321
1,2,11,Female,Control,2.285714286,T,34321
1,1,11,Female,Control,4.571428571,T,34321
1,3,11,Female,Control,4.571428571,T,34321
1,4,11,Female,Control,4.285714286,T,34321
1,3,12,Male,RNAi,1.142857143,T,34321
1,2,12,Male,RNAi,0.857142857,T,34321
1,5,12,Male,RNAi,0.857142857,T,34321
1,4,12,Male,RNAi,0.857142857,T,34321
1,1,12,Male,RNAi,1.142857143,T,34321
1,3,13,Male,Control,1.714285714,T,34321
1,5,13,Male,Control,2.285714286,T,34321
1,4,13,Male,Control,3.142857143,T,34321
1,2,13,Male,Control,0.857142857,T,34321
1,1,13,Male,Control,1.714285714,T,34321
1,5,14,Male,RNAi,2.571428571,T,34321
1,1,14,Male,RNAi,1.428571429,T,34321
1,3,14,Male,RNAi,1.428571429,T,34321
1,2,14,Male,RNAi,2,T,34321
1,4,14,Male,RNAi,2.571428571,T,34321
1,1,15,Female,Control,8,T,34321
1,5,15,Female,Control,3.142857143,T,34321
1,2,15,Female,Control,6,T,34321
1,3,15,Female,Control,3.142857143,T,34321
1,4,15,Female,Control,2.285714286,T,34321
1,1,16,Female,RNAi,4.285714286,T,34321
1,3,16,Female,RNAi,6,T,34321
1,2,16,Female,RNAi,3.142857143,T,34321
1,5,16,Female,RNAi,6,T,34321
1,4,16,Female,RNAi,3.428571429,T,34321
1,4,17,Male,RNAi,3.428571429,T,34321
1,3,17,Male,RNAi,1.714285714,T,34321
1,1,17,Male,RNAi,1.428571429,T,34321
1,5,17,Male,RNAi,3.142857143,T,34321
1,2,17,Male,RNAi,2,T,34321
1,4,18,Male,Control,1.428571429,T,34321
1,5,18,Male,Control,1.142857143,T,34321
1,1,18,Male,Control,1.428571429,T,34321
1,3,18,Male,Control,1.142857143,T,34321
1,2,18,Male,Control,0.857142857,T,34321
1,4,19,Female,Control,4.285714286,T,34321
1,1,19,Female,Control,6,T,34321
1,5,19,Female,Control,6,T,34321
1,2,19,Female,Control,6,T,34321
1,3,19,Female,Control,4.285714286,T,34321
1,2,20,Female,RNAi,4.571428571,T,34321
1,1,20,Female,RNAi,6,T,34321
1,4,20,Female,RNAi,6,T,34321
1,3,20,Female,RNAi,6,T,34321
1,5,20,Female,RNAi,6,T,34321
1,2,21,Male,Control,1.428571429,T,34321
1,4,21,Male,Control,1.714285714,T,34321
1,3,21,Male,Control,0.857142857,T,34321
1,1,21,Male,Control,0.857142857,T,34321
1,5,21,Male,Control,1.428571429,T,34321
1,4,22,Female,Control,6,T,34321
1,5,22,Female,Control,3.142857143,T,34321
1,2,22,Female,Control,4.285714286,T,34321
1,1,22,Female,Control,3.142857143,T,34321
1,3,22,Female,Control,4.285714286,T,34321
1,5,23,Male,RNAi,2,T,34321
1,4,23,Male,RNAi,2.285714286,T,34321
1,1,23,Male,RNAi,2.571428571,T,34321
1,2,23,Male,RNAi,2.571428571,T,34321
1,3,23,Male,RNAi,2.571428571,T,34321
1,5,24,Female,RNAi,2.571428571,T,34321
1,2,24,Female,RNAi,6,T,34321
1,1,24,Female,RNAi,6,T,34321
1,4,24,Female,RNAi,3.428571429,T,34321
1,3,24,Female,RNAi,4.571428571,T,34321
1,3,25,Male,RNAi,1.428571429,T,34321
1,2,25,Male,RNAi,1.142857143,T,34321
1,5,25,Male,RNAi,2.285714286,T,34321
1,4,25,Male,RNAi,2,T,34321
1,1,25,Male,RNAi,0.857142857,T,34321
1,3,26,Female,Control,8,T,34321
1,4,26,Female,Control,6,T,34321
1,5,26,Female,Control,6,T,34321
1,2,26,Female,Control,4.285714286,T,34321
1,1,26,Female,Control,8,T,34321
1,3,27,Male,Control,1.428571429,T,34321
1,5,27,Male,Control,2,T,34321
1,4,27,Male,Control,1.142857143,T,34321
1,1,27,Male,Control,1.714285714,T,34321
1,2,27,Male,Control,4.571428571,T,34321
1,1,28,Female,RNAi,4.285714286,T,34321
1,5,28,Female,RNAi,6,T,34321
1,3,28,Female,RNAi,6,T,34321
1,2,28,Female,RNAi,6,T,34321
1,4,28,Female,RNAi,6,T,34321
1,1,29,Female,Control,4.285714286,T,34321
1,3,29,Female,Control,3.142857143,T,34321
1,2,29,Female,Control,4.285714286,T,34321
1,5,29,Female,Control,3.714285714,T,34321
1,4,29,Female,Control,8,T,34321
1,3,30,Female,RNAi,8,T,34321
1,4,30,Female,RNAi,8,T,34321
1,1,30,Female,RNAi,8,T,34321
1,5,30,Female,RNAi,8,T,34321
1,2,30,Female,RNAi,8,T,34321
1,4,31,Male,RNAi,1.142857143,T,34321
1,3,31,Male,RNAi,2,T,34321
1,5,31,Male,RNAi,1.428571429,T,34321
1,1,31,Male,RNAi,2,T,34321
1,2,31,Male,RNAi,1.428571429,T,34321
1,4,32,Male,Control,3.714285714,T,34321
1,1,32,Male,Control,1.714285714,T,34321
1,5,32,Male,Control,2.285714286,T,34321
1,3,32,Male,Control,3.714285714,T,34321
1,2,32,Male,Control,2.571428571,T,34321
1,2,33,Female,RNAi,8,T,34321
1,1,33,Female,RNAi,4.571428571,T,34321
1,4,33,Female,RNAi,8,T,34321
1,3,33,Female,RNAi,8,T,34321
1,5,33,Female,RNAi,8,T,34321
1,2,34,Female,Control,6,T,34321
1,3,34,Female,Control,8,T,34321
1,4,34,Female,Control,8,T,34321
1,1,34,Female,Control,8,T,34321
1,5,34,Female,Control,8,T,34321
1,2,35,Male,Control,2,T,34321
1,4,35,Male,Control,3.142857143,T,34321
1,3,35,Male,Control,2.571428571,T,34321
1,5,35,Male,Control,2,T,34321
1,1,35,Male,Control,1.714285714,T,34321
1,5,36,Male,RNAi,1.142857143,T,34321
1,4,36,Male,RNAi,0.571428571,T,34321
1,2,36,Male,RNAi,1.428571429,T,34321
1,1,36,Male,RNAi,3.142857143,T,34321
1,3,36,Male,RNAi,1.428571429,T,34321
1,5,37,Male,Control,3.142857143,T,34321
1,2,37,Male,Control,2.285714286,T,34321
1,1,37,Male,Control,1.428571429,T,34321
1,4,37,Male,Control,4.571428571,T,34321
1,3,37,Male,Control,3.142857143,T,34321
1,2,38,Female,Control,1.714285714,T,34321
1,3,38,Female,Control,2.285714286,T,34321
1,5,38,Female,Control,0.857142857,T,34321
1,4,38,Female,Control,2.571428571,T,34321
1,1,38,Female,Control,2,T,34321
1,3,39,Female,RNAi,6,T,34321
1,2,39,Female,RNAi,8,T,34321
1,4,39,Female,RNAi,8,T,34321
1,5,39,Female,RNAi,8,T,34321
1,1,39,Female,RNAi,4.285714286,T,34321
1,3,40,Male,RNAi,4.285714286,T,34321
1,5,40,Male,RNAi,3.428571429,T,34321
1,4,40,Male,RNAi,2.857142857,T,34321
1,2,40,Male,RNAi,2,T,34321
1,1,40,Male,RNAi,1.428571429,T,34321
1,1,41,Male,RNAi,1.714285714,T,34321
1,5,41,Male,RNAi,1.142857143,T,34321
1,3,41,Male,RNAi,1.142857143,T,34321
1,2,41,Male,RNAi,2.857142857,T,34321
1,4,41,Male,RNAi,0.857142857,T,34321
1,1,42,Male,Control,1.428571429,T,34321
1,2,42,Male,Control,1.142857143,T,34321
1,3,42,Male,Control,2.571428571,T,34321
1,5,42,Male,Control,0.857142857,T,34321
1,4,42,Male,Control,1.714285714,T,34321
1,1,43,Female,RNAi,3.714285714,T,34321
1,3,43,Female,RNAi,4.571428571,T,34321
1,2,43,Female,RNAi,3.428571429,T,34321
1,4,43,Female,RNAi,3.428571429,T,34321
1,5,43,Female,RNAi,6,T,34321
1,4,44,Female,Control,4.571428571,T,34321
1,3,44,Female,Control,6,T,34321
1,1,44,Female,Control,2.857142857,T,34321
1,5,44,Female,Control,3.142857143,T,34321
1,2,44,Female,Control,2.857142857,T,34321
1,4,45,Female,RNAi,3.142857143,T,34321
1,1,45,Female,RNAi,3.142857143,T,34321
1,5,45,Female,RNAi,4.571428571,T,34321
1,3,45,Female,RNAi,3.142857143,T,34321
1,2,45,Female,RNAi,3.142857143,T,34321
1,1,46,Male,Control,6,T,34321
1,2,46,Male,Control,0.571428571,T,34321
1,4,46,Male,Control,1.142857143,T,34321
1,3,46,Male,Control,2.285714286,T,34321
1,5,46,Male,Control,1.428571429,T,34321
1,2,47,Female,Control,4.285714286,T,34321
1,1,47,Female,Control,4.285714286,T,34321
1,3,47,Female,Control,1.714285714,T,34321
1,4,47,Female,Control,1.428571429,T,34321
1,5,47,Female,Control,4.285714286,T,34321
1,2,48,Male,RNAi,2.285714286,T,34321
1,4,48,Male,RNAi,1.142857143,T,34321
1,3,48,Male,RNAi,2,T,34321
1,1,48,Male,RNAi,1.428571429,T,34321
1,5,48,Male,RNAi,1.142857143,T,34321
2,1,1,Female,RNAi,2.571428571,T,34321
2,5,1,Female,RNAi,1.714285714,T,34321
2,3,1,Female,RNAi,1.714285714,T,34321
2,2,1,Female,RNAi,2.857142857,T,34321
2,4,1,Female,RNAi,1.714285714,T,34321
2,1,2,Male,RNAi,0.571428571,T,34321
2,2,2,Male,RNAi,1.714285714,T,34321
2,3,2,Male,RNAi,1.428571429,T,34321
2,5,2,Male,RNAi,0.285714286,T,34321
2,4,2,Male,RNAi,0.285714286,T,34321
2,1,3,Male,Control,1.428571429,T,34321
2,3,3,Male,Control,0.571428571,T,34321
2,2,3,Male,Control,0.857142857,T,34321
2,4,3,Male,Control,1.428571429,T,34321
2,5,3,Male,Control,1.714285714,T,34321
2,4,4,Female,Control,2,T,34321
2,3,4,Female,Control,4.285714286,T,34321
2,1,4,Female,Control,2,T,34321
2,5,4,Female,Control,1.428571429,T,34321
2,2,4,Female,Control,2,T,34321
2,4,5,Male,Control,4.571428571,T,34321
2,1,5,Male,Control,0.857142857,T,34321
2,5,5,Male,Control,2.285714286,T,34321
2,3,5,Male,Control,1.142857143,T,34321
2,2,5,Male,Control,1.142857143,T,34321
2,1,6,Female,Control,2.285714286,T,34321
2,2,6,Female,Control,1.428571429,T,34321
2,4,6,Female,Control,1.142857143,T,34321
2,3,6,Female,Control,1.142857143,T,34321
2,5,6,Female,Control,1.142857143,T,34321
2,2,7,Male,RNAi,1.428571429,T,34321
2,1,7,Male,RNAi,2,T,34321
2,3,7,Male,RNAi,2.857142857,T,34321
2,4,7,Male,RNAi,1.428571429,T,34321
2,5,7,Male,RNAi,0.571428571,T,34321
2,2,8,Female,RNAi,2,T,34321
2,4,8,Female,RNAi,1.428571429,T,34321
2,3,8,Female,RNAi,3.714285714,T,34321
2,1,8,Female,RNAi,2,T,34321
2,5,8,Female,RNAi,3.142857143,T,34321
2,5,9,Female,RNAi,2,T,34321
2,4,9,Female,RNAi,4.285714286,T,34321
2,2,9,Female,RNAi,3.142857143,T,34321
2,1,9,Female,RNAi,2.285714286,T,34321
2,3,9,Female,RNAi,4.285714286,T,34321
2,5,10,Male,RNAi,2,T,34321
2,1,10,Male,RNAi,1.142857143,T,34321
2,2,10,Male,RNAi,1.428571429,T,34321
2,4,10,Male,RNAi,1.714285714,T,34321
2,3,10,Male,RNAi,1.714285714,T,34321
2,5,11,Female,Control,4.285714286,T,34321
2,2,11,Female,Control,3.714285714,T,34321
2,1,11,Female,Control,6,T,34321
2,3,11,Female,Control,4.285714286,T,34321
2,4,11,Female,Control,6,T,34321
2,3,12,Male,Control,2,T,34321
2,2,12,Male,Control,1.714285714,T,34321
2,5,12,Male,Control,2.285714286,T,34321
2,4,12,Male,Control,1.428571429,T,34321
2,1,12,Male,Control,1.714285714,T,34321
2,3,13,Female,Control,4.285714286,T,34321
2,5,13,Female,Control,4.285714286,T,34321
2,4,13,Female,Control,4.285714286,T,34321
2,2,13,Female,Control,3.142857143,T,34321
2,1,13,Female,Control,1.714285714,T,34321
2,5,14,Male,RNAi,1.428571429,T,34321
2,1,14,Male,RNAi,2,T,34321
2,3,14,Male,RNAi,0.857142857,T,34321
2,2,14,Male,RNAi,0.571428571,T,34321
2,4,14,Male,RNAi,3.714285714,T,34321
2,1,15,Female,RNAi,2.857142857,T,34321
2,5,15,Female,RNAi,6,T,34321
2,2,15,Female,RNAi,2,T,34321
2,3,15,Female,RNAi,3.714285714,T,34321
2,4,15,Female,RNAi,2.857142857,T,34321
2,1,16,Male,Control,2.571428571,T,34321
2,3,16,Male,Control,1.714285714,T,34321
2,2,16,Male,Control,1.714285714,T,34321
2,5,16,Male,Control,2,T,34321
2,4,16,Male,Control,1.428571429,T,34321
2,4,17,Female,RNAi,2.102040816,T,34321
2,3,17,Female,RNAi,3.081632653,T,34321
2,1,17,Female,RNAi,2.428571429,T,34321
2,5,17,Female,RNAi,2.102040816,T,34321
2,2,17,Female,RNAi,3.734693878,T,34321
2,4,18,Male,Control,1.428571429,T,34321
2,5,18,Male,Control,1.142857143,T,34321
2,1,18,Male,Control,1.142857143,T,34321
2,3,18,Male,Control,1.428571429,T,34321
2,2,18,Male,Control,1.142857143,T,34321
2,4,19,Female,Control,0.571428571,T,34321
2,1,19,Female,Control,4.285714286,T,34321
2,5,19,Female,Control,4.285714286,T,34321
2,2,19,Female,Control,1.142857143,T,34321
2,3,19,Female,Control,1.142857143,T,34321
2,2,20,Male,RNAi,1.714285714,T,34321
2,1,20,Male,RNAi,6,T,34321
2,4,20,Male,RNAi,2.571428571,T,34321
2,3,20,Male,RNAi,2.857142857,T,34321
2,5,20,Male,RNAi,1.428571429,T,34321
2,2,21,Female,RNAi,4.571428571,T,34321
2,4,21,Female,RNAi,3.428571429,T,34321
2,3,21,Female,RNAi,3.142857143,T,34321
2,1,21,Female,RNAi,2.285714286,T,34321
2,5,21,Female,RNAi,2,T,34321
2,4,22,Male,RNAi,1.142857143,T,34321
2,5,22,Male,RNAi,1.428571429,T,34321
2,2,22,Male,RNAi,1.714285714,T,34321
2,1,22,Male,RNAi,1.428571429,T,34321
2,3,22,Male,RNAi,1.142857143,T,34321
2,5,23,Female,Control,2,T,34321
2,4,23,Female,Control,6,T,34321
2,1,23,Female,Control,4.285714286,T,34321
2,2,23,Female,Control,6,T,34321
2,3,23,Female,Control,6,T,34321
2,5,24,Male,Control,1.714285714,T,34321
2,2,24,Male,Control,4.285714286,T,34321
2,1,24,Male,Control,1.428571429,T,34321
2,4,24,Male,Control,1.428571429,T,34321
2,3,24,Male,Control,2,T,34321
2,3,25,Male,Control,0.857142857,T,34321
2,2,25,Male,Control,1.428571429,T,34321
2,5,25,Male,Control,1.428571429,T,34321
2,4,25,Male,Control,0.857142857,T,34321
2,1,25,Male,Control,1.428571429,T,34321
2,3,26,Female,RNAi,3.714285714,T,34321
2,4,26,Female,RNAi,4.285714286,T,34321
2,5,26,Female,RNAi,3.142857143,T,34321
2,2,26,Female,RNAi,3.714285714,T,34321
2,1,26,Female,RNAi,3.714285714,T,34321
2,3,27,Female,Control,2.285714286,T,34321
2,5,27,Female,Control,6,T,34321
2,4,27,Female,Control,4.285714286,T,34321
2,1,27,Female,Control,2.857142857,T,34321
2,2,27,Female,Control,2,T,34321
2,1,28,Male,RNAi,2.428571429,T,34321
2,5,28,Male,RNAi,1.448979592,T,34321
2,3,28,Male,RNAi,1.448979592,T,34321
2,2,28,Male,RNAi,1.12244898,T,34321
2,4,28,Male,RNAi,2.428571429,T,34321
2,1,29,Female,Control,2.285714286,T,34321
2,3,29,Female,Control,3.714285714,T,34321
2,2,29,Female,Control,2,T,34321
2,5,29,Female,Control,3.142857143,T,34321
2,4,29,Female,Control,2,T,34321
2,3,30,Male,RNAi,1.714285714,T,34321
2,4,30,Male,RNAi,2.285714286,T,34321
2,1,30,Male,RNAi,0.857142857,T,34321
2,5,30,Male,RNAi,1.428571429,T,34321
2,2,30,Male,RNAi,2.571428571,T,34321
2,4,31,Male,Control,4.285714286,T,34321
2,3,31,Male,Control,1.142857143,T,34321
2,5,31,Male,Control,1.714285714,T,34321
2,1,31,Male,Control,2.571428571,T,34321
2,2,31,Male,Control,2,T,34321
2,4,32,Female,RNAi,4.285714286,T,34321
2,1,32,Female,RNAi,4.285714286,T,34321
2,5,32,Female,RNAi,6,T,34321
2,3,32,Female,RNAi,8,T,34321
2,2,32,Female,RNAi,8,T,34321
2,2,33,Female,Control,2,T,34321
2,1,33,Female,Control,2.571428571,T,34321
2,4,33,Female,Control,3.142857143,T,34321
2,3,33,Female,Control,6,T,34321
2,5,33,Female,Control,4.285714286,T,34321
2,2,34,Male,Control,0.571428571,T,34321
2,3,34,Male,Control,3.428571429,T,34321
2,4,34,Male,Control,2,T,34321
2,1,34,Male,Control,1.714285714,T,34321
2,5,34,Male,Control,3.142857143,T,34321
2,2,35,Male,RNAi,2.571428571,T,34321
2,4,35,Male,RNAi,1.428571429,T,34321
2,3,35,Male,RNAi,1.142857143,T,34321
2,5,35,Male,RNAi,1.714285714,T,34321
2,1,35,Male,RNAi,2.857142857,T,34321
2,5,36,Female,RNAi,3.428571429,T,34321
2,4,36,Female,RNAi,3.714285714,T,34321
2,2,36,Female,RNAi,2.857142857,T,34321
2,1,36,Female,RNAi,2,T,34321
2,3,36,Female,RNAi,6,T,34321
2,5,37,Male,RNAi,1.12244898,T,34321
2,2,37,Male,RNAi,2.102040816,T,34321
2,1,37,Male,RNAi,0.469387755,T,34321
2,4,37,Male,RNAi,1.448979592,T,34321
2,3,37,Male,RNAi,0.795918367,T,34321
2,2,38,Female,RNAi,3.081632653,T,34321
2,3,38,Female,RNAi,2.428571429,T,34321
2,5,38,Female,RNAi,3.408163265,T,34321
2,4,38,Female,RNAi,2.102040816,T,34321
2,1,38,Female,RNAi,3.081632653,T,34321
2,3,39,Male,Control,1.142857143,T,34321
2,2,39,Male,Control,2.285714286,T,34321
2,4,39,Male,Control,3.714285714,T,34321
2,5,39,Male,Control,3.142857143,T,34321
2,1,39,Male,Control,1.714285714,T,34321
2,3,40,Female,Control,2.571428571,T,34321
2,5,40,Female,Control,2.857142857,T,34321
2,4,40,Female,Control,6,T,34321
2,2,40,Female,Control,1.142857143,T,34321
2,1,40,Female,Control,0.857142857,T,34321
2,1,41,Male,Control,1.142857143,T,34321
2,5,41,Male,Control,1.142857143,T,34321
2,3,41,Male,Control,1.714285714,T,34321
2,2,41,Male,Control,0.571428571,T,34321
2,4,41,Male,Control,1.428571429,T,34321
2,1,42,Female,Control,1.142857143,T,34321
2,2,42,Female,Control,1.142857143,T,34321
2,3,42,Female,Control,2.285714286,T,34321
2,5,42,Female,Control,6,T,34321
2,4,42,Female,Control,3.142857143,T,34321
2,1,43,Male,RNAi,2,T,34321
2,3,43,Male,RNAi,3.714285714,T,34321
2,2,43,Male,RNAi,3.142857143,T,34321
2,4,43,Male,RNAi,2,T,34321
2,5,43,Male,RNAi,1.428571429,T,34321
2,4,44,Female,RNAi,6,T,34321
2,3,44,Female,RNAi,6,T,34321
2,1,44,Female,RNAi,4.571428571,T,34321
2,5,44,Female,RNAi,6,T,34321
2,2,44,Female,RNAi,3.142857143,T,34321
2,4,45,Female,Control,2.571428571,T,34321
2,1,45,Female,Control,4.571428571,T,34321
2,5,45,Female,Control,3.142857143,T,34321
2,3,45,Female,Control,1.428571429,T,34321
2,2,45,Female,Control,2,T,34321
2,1,46,Male,RNAi,2.285714286,T,34321
2,2,46,Male,RNAi,4.285714286,T,34321
2,4,46,Male,RNAi,2.857142857,T,34321
2,3,46,Male,RNAi,2.571428571,T,34321
2,5,46,Male,RNAi,2.857142857,T,34321
2,2,47,Male,Control,3.142857143,T,34321
2,1,47,Male,Control,1.714285714,T,34321
2,3,47,Male,Control,0.857142857,T,34321
2,4,47,Male,Control,1.142857143,T,34321
2,5,47,Male,Control,2.285714286,T,34321
2,2,48,Female,RNAi,4.285714286,T,34321
2,4,48,Female,RNAi,1.714285714,T,34321
2,3,48,Female,RNAi,1.142857143,T,34321
2,1,48,Female,RNAi,1.714285714,T,34321
2,5,48,Female,RNAi,2,T,34321
3,1,1,Female,Control,1.428571429,T,34321
3,5,1,Female,Control,1.142857143,T,34321
3,3,1,Female,Control,2.571428571,T,34321
3,2,1,Female,Control,4.571428571,T,34321
3,4,1,Female,Control,4.571428571,T,34321
3,1,2,Male,RNAi,1.142857143,T,34321
3,2,2,Male,RNAi,1.142857143,T,34321
3,3,2,Male,RNAi,2.857142857,T,34321
3,5,2,Male,RNAi,2.857142857,T,34321
3,4,2,Male,RNAi,2,T,34321
3,1,3,Female,RNAi,1.428571429,T,34321
3,3,3,Female,RNAi,2.571428571,T,34321
3,2,3,Female,RNAi,2.571428571,T,34321
3,4,3,Female,RNAi,3.714285714,T,34321
3,5,3,Female,RNAi,6,T,34321
3,4,4,Male,Control,1.428571429,T,34321
3,3,4,Male,Control,0.857142857,T,34321
3,1,4,Male,Control,1.142857143,T,34321
3,5,4,Male,Control,2,T,34321
3,2,4,Male,Control,1.142857143,T,34321
3,4,5,Male,RNAi,1.714285714,T,34321
3,1,5,Male,RNAi,1.714285714,T,34321
3,5,5,Male,RNAi,2,T,34321
3,3,5,Male,RNAi,0.571428571,T,34321
3,2,5,Male,RNAi,3.142857143,T,34321
3,1,6,Female,Control,0.571428571,T,34321
3,2,6,Female,Control,6,T,34321
3,4,6,Female,Control,4.285714286,T,34321
3,3,6,Female,Control,4.285714286,T,34321
3,5,6,Female,Control,3.142857143,T,34321
3,2,7,Female,RNAi,2,T,34321
3,1,7,Female,RNAi,3.428571429,T,34321
3,3,7,Female,RNAi,4.571428571,T,34321
3,4,7,Female,RNAi,3.142857143,T,34321
3,5,7,Female,RNAi,4.285714286,T,34321
3,2,8,Male,Control,1.428571429,T,34321
3,4,8,Male,Control,1.714285714,T,34321
3,3,8,Male,Control,1.142857143,T,34321
3,1,8,Male,Control,0.857142857,T,34321
3,5,8,Male,Control,1.142857143,T,34321
3,5,9,Female,Control,3.142857143,T,34321
3,4,9,Female,Control,6,T,34321
3,2,9,Female,Control,6,T,34321
3,1,9,Female,Control,4.285714286,T,34321
3,3,9,Female,Control,4.571428571,T,34321
3,5,10,Male,Control,0.571428571,T,34321
3,1,10,Male,Control,1.428571429,T,34321
3,2,10,Male,Control,1.142857143,T,34321
3,4,10,Male,Control,0.857142857,T,34321
3,3,10,Male,Control,0.857142857,T,34321
3,5,11,Female,RNAi,4.285714286,T,34321
3,2,11,Female,RNAi,4.285714286,T,34321
3,1,11,Female,RNAi,4.285714286,T,34321
3,3,11,Female,RNAi,4.571428571,T,34321
3,4,11,Female,RNAi,4.285714286,T,34321
3,3,12,Male,RNAi,2.571428571,T,34321
3,2,12,Male,RNAi,1.142857143,T,34321
3,5,12,Male,RNAi,2,T,34321
3,4,12,Male,RNAi,2.571428571,T,34321
3,1,12,Male,RNAi,1.428571429,T,34321
3,3,13,Male,RNAi,0.571428571,T,34321
3,5,13,Male,RNAi,1.142857143,T,34321
3,4,13,Male,RNAi,0.857142857,T,34321
3,2,13,Male,RNAi,1.428571429,T,34321
3,1,13,Male,RNAi,1.142857143,T,34321
3,5,14,Male,Control,1.142857143,T,34321
3,1,14,Male,Control,0.571428571,T,34321
3,3,14,Male,Control,1.142857143,T,34321
3,2,14,Male,Control,0.571428571,T,34321
3,4,14,Male,Control,2,T,34321
3,1,15,Female,Control,1.714285714,T,34321
3,5,15,Female,Control,2,T,34321
3,2,15,Female,Control,1.428571429,T,34321
3,3,15,Female,Control,1.428571429,T,34321
3,4,15,Female,Control,1.142857143,T,34321
3,1,16,Female,RNAi,2.571428571,T,34321
3,3,16,Female,RNAi,1.714285714,T,34321
3,2,16,Female,RNAi,3.714285714,T,34321
3,5,16,Female,RNAi,2,T,34321
3,4,16,Female,RNAi,2,T,34321
3,4,17,Male,RNAi,0.857142857,T,34321
3,3,17,Male,RNAi,0.857142857,T,34321
3,1,17,Male,RNAi,1.142857143,T,34321
3,5,17,Male,RNAi,0.571428571,T,34321
3,2,17,Male,RNAi,0.571428571,T,34321
3,4,18,Female,Control,3.428571429,T,34321
3,5,18,Female,Control,2.571428571,T,34321
3,1,18,Female,Control,6,T,34321
3,3,18,Female,Control,2.857142857,T,34321
3,2,18,Female,Control,2.571428571,T,34321
3,4,19,Female,RNAi,0.857142857,T,34321
3,1,19,Female,RNAi,1.428571429,T,34321
3,5,19,Female,RNAi,1.142857143,T,34321
3,2,19,Female,RNAi,2,T,34321
3,3,19,Female,RNAi,2,T,34321
3,2,20,Male,Control,2,T,34321
3,1,20,Male,Control,1.142857143,T,34321
3,4,20,Male,Control,1.428571429,T,34321
3,3,20,Male,Control,2.857142857,T,34321
3,5,20,Male,Control,3.142857143,T,34321
3,2,21,Male,RNAi,1.428571429,T,34321
3,4,21,Male,RNAi,2,T,34321
3,3,21,Male,RNAi,2.571428571,T,34321
3,1,21,Male,RNAi,1.142857143,T,34321
3,5,21,Male,RNAi,0.857142857,T,34321
3,4,22,Female,Control,8,T,34321
3,5,22,Female,Control,4.285714286,T,34321
3,2,22,Female,Control,8,T,34321
3,1,22,Female,Control,2.857142857,T,34321
3,3,22,Female,Control,8,T,34321
3,5,23,Male,Control,2.571428571,T,34321
3,4,23,Male,Control,2,T,34321
3,1,23,Male,Control,1.714285714,T,34321
3,2,23,Male,Control,2,T,34321
3,3,23,Male,Control,2,T,34321
3,5,24,Female,RNAi,2,T,34321
3,2,24,Female,RNAi,2.571428571,T,34321
3,1,24,Female,RNAi,1.428571429,T,34321
3,4,24,Female,RNAi,2,T,34321
3,3,24,Female,RNAi,2,T,34321
3,3,25,Male,Control,2.571428571,T,34321
3,2,25,Male,Control,3.142857143,T,34321
3,5,25,Male,Control,0.857142857,T,34321
3,4,25,Male,Control,0.571428571,T,34321
3,1,25,Male,Control,0.857142857,T,34321
3,3,26,Female,Control,6,T,34321
3,4,26,Female,Control,6,T,34321
3,5,26,Female,Control,4.285714286,T,34321
3,2,26,Female,Control,8,T,34321
3,1,26,Female,Control,8,T,34321
3,3,27,Male,RNAi,0.857142857,T,34321
3,5,27,Male,RNAi,0.571428571,T,34321
3,4,27,Male,RNAi,1.428571429,T,34321
3,1,27,Male,RNAi,1.714285714,T,34321
3,2,27,Male,RNAi,0.857142857,T,34321
3,1,28,Female,RNAi,1.714285714,T,34321
3,5,28,Female,RNAi,1.142857143,T,34321
3,3,28,Female,RNAi,1.428571429,T,34321
3,2,28,Female,RNAi,2,T,34321
3,4,28,Female,RNAi,2.285714286,T,34321
3,1,29,Female,RNAi,4.285714286,T,34321
3,3,29,Female,RNAi,4.285714286,T,34321
3,2,29,Female,RNAi,6,T,34321
3,5,29,Female,RNAi,6,T,34321
3,4,29,Female,RNAi,4.571428571,T,34321
3,3,30,Male,Control,2.428571429,T,34321
3,4,30,Male,Control,1.12244898,T,34321
3,1,30,Male,Control,2.102040816,T,34321
3,5,30,Male,Control,1.448979592,T,34321
3,2,30,Male,Control,1.775510204,T,34321
3,4,31,Male,RNAi,6,T,34321
3,3,31,Male,RNAi,4.285714286,T,34321
3,5,31,Male,RNAi,2,T,34321
3,1,31,Male,RNAi,1.428571429,T,34321
3,2,31,Male,RNAi,2,T,34321
3,4,32,Female,Control,1.714285714,T,34321
3,1,32,Female,Control,2,T,34321
3,5,32,Female,Control,4.285714286,T,34321
3,3,32,Female,Control,2,T,34321
3,2,32,Female,Control,0.571428571,T,34321
3,2,33,Female,Control,3.142857143,T,34321
3,1,33,Female,Control,1.714285714,T,34321
3,4,33,Female,Control,2,T,34321
3,3,33,Female,Control,2,T,34321
3,5,33,Female,Control,6,T,34321
3,2,34,Female,RNAi,2.571428571,T,34321
3,3,34,Female,RNAi,2.571428571,T,34321
3,4,34,Female,RNAi,1.428571429,T,34321
3,1,34,Female,RNAi,3.714285714,T,34321
3,5,34,Female,RNAi,2,T,34321
3,2,35,Male,Control,2.285714286,T,34321
3,4,35,Male,Control,1.428571429,T,34321
3,3,35,Male,Control,3.142857143,T,34321
3,5,35,Male,Control,4.571428571,T,34321
3,1,35,Male,Control,2.285714286,T,34321
3,5,36,Male,RNAi,2.857142857,T,34321
3,4,36,Male,RNAi,2,T,34321
3,2,36,Male,RNAi,1.428571429,T,34321
3,1,36,Male,RNAi,2,T,34321
3,3,36,Male,RNAi,2,T,34321
3,5,37,Female,RNAi,4.285714286,T,34321
3,2,37,Female,RNAi,6,T,34321
3,1,37,Female,RNAi,4.285714286,T,34321
3,4,37,Female,RNAi,4.571428571,T,34321
3,3,37,Female,RNAi,6,T,34321
3,2,38,Male,RNAi,0.857142857,T,34321
3,3,38,Male,RNAi,2,T,34321
3,5,38,Male,RNAi,2,T,34321
3,4,38,Male,RNAi,1.714285714,T,34321
3,1,38,Male,RNAi,1.428571429,T,34321
3,3,39,Female,Control,2.571428571,T,34321
3,2,39,Female,Control,0.571428571,T,34321
3,4,39,Female,Control,3.142857143,T,34321
3,5,39,Female,Control,4.285714286,T,34321
3,1,39,Female,Control,1.142857143,T,34321
3,3,40,Male,Control,2,T,34321
3,5,40,Male,Control,1.142857143,T,34321
3,4,40,Male,Control,2,T,34321
3,2,40,Male,Control,2.285714286,T,34321
3,1,40,Male,Control,1.428571429,T,34321
3,1,41,Female,RNAi,4.571428571,T,34321
3,5,41,Female,RNAi,2,T,34321
3,3,41,Female,RNAi,1.428571429,T,34321
3,2,41,Female,RNAi,2,T,34321
3,4,41,Female,RNAi,1.428571429,T,34321
3,1,42,Female,Control,4.571428571,T,34321
3,2,42,Female,Control,6,T,34321
3,3,42,Female,Control,6,T,34321
3,5,42,Female,Control,2,T,34321
3,4,42,Female,Control,3.142857143,T,34321
3,1,43,Male,RNAi,1.428571429,T,34321
3,3,43,Male,RNAi,3.714285714,T,34321
3,2,43,Male,RNAi,2,T,34321
3,4,43,Male,RNAi,4.285714286,T,34321
3,5,43,Male,RNAi,3.142857143,T,34321
3,4,44,Male,Control,6,T,34321
3,3,44,Male,Control,6,T,34321
3,1,44,Male,Control,4.571428571,T,34321
3,5,44,Male,Control,8,T,34321
3,2,44,Male,Control,6,T,34321
3,4,45,Male,RNAi,1.428571429,T,34321
3,1,45,Male,RNAi,3.142857143,T,34321
3,5,45,Male,RNAi,2.857142857,T,34321
3,3,45,Male,RNAi,1.428571429,T,34321
3,2,45,Male,RNAi,2.285714286,T,34321
3,1,46,Male,Control,1.142857143,T,34321
3,2,46,Male,Control,1.714285714,T,34321
3,4,46,Male,Control,1.428571429,T,34321
3,3,46,Male,Control,3.714285714,T,34321
3,5,46,Male,Control,4.571428571,T,34321
3,2,47,Female,Control,2.857142857,T,34321
3,1,47,Female,Control,3.714285714,T,34321
3,3,47,Female,Control,2.857142857,T,34321
3,4,47,Female,Control,1.714285714,T,34321
3,5,47,Female,Control,2.857142857,T,34321
3,2,48,Female,RNAi,2,T,34321
3,4,48,Female,RNAi,2,T,34321
3,3,48,Female,RNAi,2,T,34321
3,1,48,Female,RNAi,2.571428571,T,34321
3,5,48,Female,RNAi,2.571428571,T,34321